property_id,property_name,market,asset_type,status,month,month_date,year,quarter,noi_monthly,occupancy,revenue,opex,debt_service_monthly,market,asset_type,status,property_name
PROP-001,Dallas Multifamily 01,Dallas-Fort Worth,Multifamily,Value-Add,2022-01,2022-01-01,2022,Q1,188535.0,0.935,326725.0,124112.0,188476.0,Dallas-Fort Worth,Multifamily,Value-Add,Dallas Multifamily 01
PROP-001,Dallas Multifamily 01,Dallas-Fort Worth,Multifamily,Value-Add,2022-02,2022-02-01,2022,Q1,194176.0,0.943,326237.0,123126.0,188476.0,Dallas-Fort Worth,Multifamily,Value-Add,Dallas Multifamily 01
PROP-001,Dallas Multifamily 01,Dallas-Fort Worth,Multifamily,Value-Add,2022-03,2022-03-01,2022,Q1,204580.0,0.969,329967.0,125333.0,188476.0,Dallas-Fort Worth,Multifamily,Value-Add,Dallas Multifamily 01
PROP-001,Dallas Multifamily 01,Dallas-Fort Worth,Multifamily,Value-Add,2022-04,2022-04-01,2022,Q2,213195.0,0.985,330637.0,125223.0,188476.0,Dallas-Fort Worth,Multifamily,Value-Add,Dallas Multifamily 01
PROP-001,Dallas Multifamily 01,Dallas-Fort Worth,Multifamily,Value-Add,2022-05,2022-05-01,2022,Q2,222134.0,0.99,335067.0,127971.0,188476.0,Dallas-Fort Worth,Multifamily,Value-Add,Dallas Multifamily 01
PROP-001,Dallas Multifamily 01,Dallas-Fort Worth,Multifamily,Value-Add,2022-06,2022-06-01,2022,Q2,226330.0,0.99,338008.0,129592.0,188476.0,Dallas-Fort Worth,Multifamily,Value-Add,Dallas Multifamily 01
PROP-001,Dallas Multifamily 01,Dallas-Fort Worth,Multifamily,Value-Add,2022-07,2022-07-01,2022,Q3,224682.0,0.99,338910.0,129652.0,188476.0,Dallas-Fort Worth,Multifamily,Value-Add,Dallas Multifamily 01
PROP-001,Dallas Multifamily 01,Dallas-Fort Worth,Multifamily,Value-Add,2022-08,2022-08-01,2022,Q3,220351.0,0.99,341736.0,131186.0,188476.0,Dallas-Fort Worth,Multifamily,Value-Add,Dallas Multifamily 01
PROP-001,Dallas Multifamily 01,Dallas-Fort Worth,Multifamily,Value-Add,2022-09,2022-09-01,2022,Q3,213399.0,0.981,344193.0,132440.0,188476.0,Dallas-Fort Worth,Multifamily,Value-Add,Dallas Multifamily 01
PROP-001,Dallas Multifamily 01,Dallas-Fort Worth,Multifamily,Value-Add,2022-10,2022-10-01,2022,Q4,206221.0,0.963,346474.0,133559.0,188476.0,Dallas-Fort Worth,Multifamily,Value-Add,Dallas Multifamily 01
PROP-001,Dallas Multifamily 01,Dallas-Fort Worth,Multifamily,Value-Add,2022-11,2022-11-01,2022,Q4,198235.0,0.936,343534.0,130677.0,188476.0,Dallas-Fort Worth,Multifamily,Value-Add,Dallas Multifamily 01
PROP-001,Dallas Multifamily 01,Dallas-Fort Worth,Multifamily,Value-Add,2022-12,2022-12-01,2022,Q4,199085.0,0.942,349026.0,134249.0,188476.0,Dallas-Fort Worth,Multifamily,Value-Add,Dallas Multifamily 01
PROP-001,Dallas Multifamily 01,Dallas-Fort Worth,Multifamily,Value-Add,2023-01,2023-01-01,2023,Q1,200469.0,0.938,347406.0,132378.0,188476.0,Dallas-Fort Worth,Multifamily,Value-Add,Dallas Multifamily 01
PROP-001,Dallas Multifamily 01,Dallas-Fort Worth,Multifamily,Value-Add,2023-02,2023-02-01,2023,Q1,208194.0,0.954,349788.0,133569.0,188476.0,Dallas-Fort Worth,Multifamily,Value-Add,Dallas Multifamily 01
PROP-001,Dallas Multifamily 01,Dallas-Fort Worth,Multifamily,Value-Add,2023-03,2023-03-01,2023,Q1,214120.0,0.957,345355.0,129597.0,188476.0,Dallas-Fort Worth,Multifamily,Value-Add,Dallas Multifamily 01
PROP-001,Dallas Multifamily 01,Dallas-Fort Worth,Multifamily,Value-Add,2023-04,2023-04-01,2023,Q2,226068.0,0.986,350601.0,132943.0,188476.0,Dallas-Fort Worth,Multifamily,Value-Add,Dallas Multifamily 01
PROP-001,Dallas Multifamily 01,Dallas-Fort Worth,Multifamily,Value-Add,2023-05,2023-05-01,2023,Q2,236591.0,0.99,356873.0,137104.0,188476.0,Dallas-Fort Worth,Multifamily,Value-Add,Dallas Multifamily 01
PROP-001,Dallas Multifamily 01,Dallas-Fort Worth,Multifamily,Value-Add,2023-06,2023-06-01,2023,Q2,235188.0,0.99,351236.0,132195.0,188476.0,Dallas-Fort Worth,Multifamily,Value-Add,Dallas Multifamily 01
PROP-001,Dallas Multifamily 01,Dallas-Fort Worth,Multifamily,Value-Add,2023-07,2023-07-01,2023,Q3,234483.0,0.99,353693.0,133436.0,188476.0,Dallas-Fort Worth,Multifamily,Value-Add,Dallas Multifamily 01
PROP-001,Dallas Multifamily 01,Dallas-Fort Worth,Multifamily,Value-Add,2023-08,2023-08-01,2023,Q3,229573.0,0.983,356037.0,134593.0,188476.0,Dallas-Fort Worth,Multifamily,Value-Add,Dallas Multifamily 01
PROP-001,Dallas Multifamily 01,Dallas-Fort Worth,Multifamily,Value-Add,2023-09,2023-09-01,2023,Q3,222602.0,0.968,359036.0,136248.0,188476.0,Dallas-Fort Worth,Multifamily,Value-Add,Dallas Multifamily 01
PROP-001,Dallas Multifamily 01,Dallas-Fort Worth,Multifamily,Value-Add,2023-10,2023-10-01,2023,Q4,213914.0,0.945,359398.0,135905.0,188476.0,Dallas-Fort Worth,Multifamily,Value-Add,Dallas Multifamily 01
PROP-001,Dallas Multifamily 01,Dallas-Fort Worth,Multifamily,Value-Add,2023-11,2023-11-01,2023,Q4,211732.0,0.946,366925.0,141020.0,188476.0,Dallas-Fort Worth,Multifamily,Value-Add,Dallas Multifamily 01
PROP-001,Dallas Multifamily 01,Dallas-Fort Worth,Multifamily,Value-Add,2023-12,2023-12-01,2023,Q4,206487.0,0.924,362003.0,136646.0,188476.0,Dallas-Fort Worth,Multifamily,Value-Add,Dallas Multifamily 01
PROP-001,Dallas Multifamily 01,Dallas-Fort Worth,Multifamily,Value-Add,2024-01,2024-01-01,2024,Q1,214093.0,0.948,371017.0,142895.0,188476.0,Dallas-Fort Worth,Multifamily,Value-Add,Dallas Multifamily 01
PROP-001,Dallas Multifamily 01,Dallas-Fort Worth,Multifamily,Value-Add,2024-02,2024-02-01,2024,Q1,218338.0,0.947,366831.0,139068.0,188476.0,Dallas-Fort Worth,Multifamily,Value-Add,Dallas Multifamily 01
PROP-001,Dallas Multifamily 01,Dallas-Fort Worth,Multifamily,Value-Add,2024-03,2024-03-01,2024,Q1,231285.0,0.979,373041.0,143180.0,188476.0,Dallas-Fort Worth,Multifamily,Value-Add,Dallas Multifamily 01
PROP-001,Dallas Multifamily 01,Dallas-Fort Worth,Multifamily,Value-Add,2024-04,2024-04-01,2024,Q2,238985.0,0.987,370634.0,140715.0,188476.0,Dallas-Fort Worth,Multifamily,Value-Add,Dallas Multifamily 01
PROP-001,Dallas Multifamily 01,Dallas-Fort Worth,Multifamily,Value-Add,2024-05,2024-05-01,2024,Q2,248861.0,0.99,375382.0,143711.0,188476.0,Dallas-Fort Worth,Multifamily,Value-Add,Dallas Multifamily 01
PROP-001,Dallas Multifamily 01,Dallas-Fort Worth,Multifamily,Value-Add,2024-06,2024-06-01,2024,Q2,247219.0,0.99,369204.0,138412.0,188476.0,Dallas-Fort Worth,Multifamily,Value-Add,Dallas Multifamily 01
PROP-001,Dallas Multifamily 01,Dallas-Fort Worth,Multifamily,Value-Add,2024-07,2024-07-01,2024,Q3,252561.0,0.99,380963.0,146729.0,188476.0,Dallas-Fort Worth,Multifamily,Value-Add,Dallas Multifamily 01
PROP-001,Dallas Multifamily 01,Dallas-Fort Worth,Multifamily,Value-Add,2024-08,2024-08-01,2024,Q3,241399.0,0.98,374378.0,141087.0,188476.0,Dallas-Fort Worth,Multifamily,Value-Add,Dallas Multifamily 01
PROP-001,Dallas Multifamily 01,Dallas-Fort Worth,Multifamily,Value-Add,2024-09,2024-09-01,2024,Q3,232022.0,0.956,374229.0,140367.0,188476.0,Dallas-Fort Worth,Multifamily,Value-Add,Dallas Multifamily 01
PROP-001,Dallas Multifamily 01,Dallas-Fort Worth,Multifamily,Value-Add,2024-10,2024-10-01,2024,Q4,229743.0,0.963,385993.0,148690.0,188476.0,Dallas-Fort Worth,Multifamily,Value-Add,Dallas Multifamily 01
PROP-001,Dallas Multifamily 01,Dallas-Fort Worth,Multifamily,Value-Add,2024-11,2024-11-01,2024,Q4,217621.0,0.923,377129.0,141332.0,188476.0,Dallas-Fort Worth,Multifamily,Value-Add,Dallas Multifamily 01
PROP-001,Dallas Multifamily 01,Dallas-Fort Worth,Multifamily,Value-Add,2024-12,2024-12-01,2024,Q4,215973.0,0.917,378635.0,141857.0,188476.0,Dallas-Fort Worth,Multifamily,Value-Add,Dallas Multifamily 01
PROP-002,Dallas Multifamily 02,Dallas-Fort Worth,Multifamily,Stabilized,2022-01,2022-01-01,2022,Q1,196562.0,0.905,340636.0,128460.0,143285.0,Dallas-Fort Worth,Multifamily,Stabilized,Dallas Multifamily 02
PROP-002,Dallas Multifamily 02,Dallas-Fort Worth,Multifamily,Stabilized,2022-02,2022-02-01,2022,Q1,207406.0,0.936,348465.0,133764.0,143285.0,Dallas-Fort Worth,Multifamily,Stabilized,Dallas Multifamily 02
PROP-002,Dallas Multifamily 02,Dallas-Fort Worth,Multifamily,Stabilized,2022-03,2022-03-01,2022,Q1,215718.0,0.948,347932.0,132695.0,143285.0,Dallas-Fort Worth,Multifamily,Stabilized,Dallas Multifamily 02
PROP-002,Dallas Multifamily 02,Dallas-Fort Worth,Multifamily,Stabilized,2022-04,2022-04-01,2022,Q2,222878.0,0.956,345654.0,130318.0,143285.0,Dallas-Fort Worth,Multifamily,Stabilized,Dallas Multifamily 02
PROP-002,Dallas Multifamily 02,Dallas-Fort Worth,Multifamily,Stabilized,2022-05,2022-05-01,2022,Q2,231918.0,0.977,349825.0,132828.0,143285.0,Dallas-Fort Worth,Multifamily,Stabilized,Dallas Multifamily 02
PROP-002,Dallas Multifamily 02,Dallas-Fort Worth,Multifamily,Stabilized,2022-06,2022-06-01,2022,Q2,232853.0,0.971,347749.0,130616.0,143285.0,Dallas-Fort Worth,Multifamily,Stabilized,Dallas Multifamily 02
PROP-002,Dallas Multifamily 02,Dallas-Fort Worth,Multifamily,Stabilized,2022-07,2022-07-01,2022,Q3,237526.0,0.99,358284.0,137977.0,143285.0,Dallas-Fort Worth,Multifamily,Stabilized,Dallas Multifamily 02
PROP-002,Dallas Multifamily 02,Dallas-Fort Worth,Multifamily,Stabilized,2022-08,2022-08-01,2022,Q3,228826.0,0.963,354879.0,134713.0,143285.0,Dallas-Fort Worth,Multifamily,Stabilized,Dallas Multifamily 02
PROP-002,Dallas Multifamily 02,Dallas-Fort Worth,Multifamily,Stabilized,2022-09,2022-09-01,2022,Q3,219702.0,0.938,354357.0,133671.0,143285.0,Dallas-Fort Worth,Multifamily,Stabilized,Dallas Multifamily 02
PROP-002,Dallas Multifamily 02,Dallas-Fort Worth,Multifamily,Stabilized,2022-10,2022-10-01,2022,Q4,212649.0,0.922,357273.0,135230.0,143285.0,Dallas-Fort Worth,Multifamily,Stabilized,Dallas Multifamily 02
PROP-002,Dallas Multifamily 02,Dallas-Fort Worth,Multifamily,Stabilized,2022-11,2022-11-01,2022,Q4,208628.0,0.915,361545.0,137824.0,143285.0,Dallas-Fort Worth,Multifamily,Stabilized,Dallas Multifamily 02
PROP-002,Dallas Multifamily 02,Dallas-Fort Worth,Multifamily,Stabilized,2022-12,2022-12-01,2022,Q4,209425.0,0.92,367154.0,141460.0,143285.0,Dallas-Fort Worth,Multifamily,Stabilized,Dallas Multifamily 02
PROP-002,Dallas Multifamily 02,Dallas-Fort Worth,Multifamily,Stabilized,2023-01,2023-01-01,2023,Q1,211323.0,0.918,366216.0,140074.0,143285.0,Dallas-Fort Worth,Multifamily,Stabilized,Dallas Multifamily 02
PROP-002,Dallas Multifamily 02,Dallas-Fort Worth,Multifamily,Stabilized,2023-02,2023-02-01,2023,Q1,219388.0,0.934,368595.0,141233.0,143285.0,Dallas-Fort Worth,Multifamily,Stabilized,Dallas Multifamily 02
PROP-002,Dallas Multifamily 02,Dallas-Fort Worth,Multifamily,Stabilized,2023-03,2023-03-01,2023,Q1,225407.0,0.935,363560.0,136759.0,143285.0,Dallas-Fort Worth,Multifamily,Stabilized,Dallas Multifamily 02
PROP-002,Dallas Multifamily 02,Dallas-Fort Worth,Multifamily,Stabilized,2023-04,2023-04-01,2023,Q2,236570.0,0.958,366889.0,138627.0,143285.0,Dallas-Fort Worth,Multifamily,Stabilized,Dallas Multifamily 02
PROP-002,Dallas Multifamily 02,Dallas-Fort Worth,Multifamily,Stabilized,2023-05,2023-05-01,2023,Q2,246336.0,0.98,371572.0,141531.0,143285.0,Dallas-Fort Worth,Multifamily,Stabilized,Dallas Multifamily 02
PROP-002,Dallas Multifamily 02,Dallas-Fort Worth,Multifamily,Stabilized,2023-06,2023-06-01,2023,Q2,252577.0,0.99,377205.0,145182.0,143285.0,Dallas-Fort Worth,Multifamily,Stabilized,Dallas Multifamily 02
PROP-002,Dallas Multifamily 02,Dallas-Fort Worth,Multifamily,Stabilized,2023-07,2023-07-01,2023,Q3,248595.0,0.98,374980.0,142816.0,143285.0,Dallas-Fort Worth,Multifamily,Stabilized,Dallas Multifamily 02
PROP-002,Dallas Multifamily 02,Dallas-Fort Worth,Multifamily,Stabilized,2023-08,2023-08-01,2023,Q3,245312.0,0.976,380446.0,146339.0,143285.0,Dallas-Fort Worth,Multifamily,Stabilized,Dallas Multifamily 02
PROP-002,Dallas Multifamily 02,Dallas-Fort Worth,Multifamily,Stabilized,2023-09,2023-09-01,2023,Q3,233213.0,0.941,376150.0,142402.0,143285.0,Dallas-Fort Worth,Multifamily,Stabilized,Dallas Multifamily 02
PROP-002,Dallas Multifamily 02,Dallas-Fort Worth,Multifamily,Stabilized,2023-10,2023-10-01,2023,Q4,228736.0,0.938,384301.0,147968.0,143285.0,Dallas-Fort Worth,Multifamily,Stabilized,Dallas Multifamily 02
PROP-002,Dallas Multifamily 02,Dallas-Fort Worth,Multifamily,Stabilized,2023-11,2023-11-01,2023,Q4,217861.0,0.904,377546.0,142169.0,143285.0,Dallas-Fort Worth,Multifamily,Stabilized,Dallas Multifamily 02
PROP-002,Dallas Multifamily 02,Dallas-Fort Worth,Multifamily,Stabilized,2023-12,2023-12-01,2023,Q4,218901.0,0.91,383768.0,146235.0,143285.0,Dallas-Fort Worth,Multifamily,Stabilized,Dallas Multifamily 02
PROP-002,Dallas Multifamily 02,Dallas-Fort Worth,Multifamily,Stabilized,2024-01,2024-01-01,2024,Q1,224032.0,0.921,388239.0,148994.0,143285.0,Dallas-Fort Worth,Multifamily,Stabilized,Dallas Multifamily 02
PROP-002,Dallas Multifamily 02,Dallas-Fort Worth,Multifamily,Stabilized,2024-02,2024-02-01,2024,Q1,228059.0,0.919,383164.0,144479.0,143285.0,Dallas-Fort Worth,Multifamily,Stabilized,Dallas Multifamily 02
PROP-002,Dallas Multifamily 02,Dallas-Fort Worth,Multifamily,Stabilized,2024-03,2024-03-01,2024,Q1,241895.0,0.951,390154.0,149136.0,143285.0,Dallas-Fort Worth,Multifamily,Stabilized,Dallas Multifamily 02
PROP-002,Dallas Multifamily 02,Dallas-Fort Worth,Multifamily,Stabilized,2024-04,2024-04-01,2024,Q2,249703.0,0.958,387256.0,146281.0,143285.0,Dallas-Fort Worth,Multifamily,Stabilized,Dallas Multifamily 02
PROP-002,Dallas Multifamily 02,Dallas-Fort Worth,Multifamily,Stabilized,2024-05,2024-05-01,2024,Q2,260843.0,0.983,393454.0,150339.0,143285.0,Dallas-Fort Worth,Multifamily,Stabilized,Dallas Multifamily 02
PROP-002,Dallas Multifamily 02,Dallas-Fort Worth,Multifamily,Stabilized,2024-06,2024-06-01,2024,Q2,265570.0,0.99,396610.0,152093.0,143285.0,Dallas-Fort Worth,Multifamily,Stabilized,Dallas Multifamily 02
PROP-002,Dallas Multifamily 02,Dallas-Fort Worth,Multifamily,Stabilized,2024-07,2024-07-01,2024,Q3,264010.0,0.986,398232.0,152673.0,143285.0,Dallas-Fort Worth,Multifamily,Stabilized,Dallas Multifamily 02
PROP-002,Dallas Multifamily 02,Dallas-Fort Worth,Multifamily,Stabilized,2024-08,2024-08-01,2024,Q3,256130.0,0.966,397224.0,151244.0,143285.0,Dallas-Fort Worth,Multifamily,Stabilized,Dallas Multifamily 02
PROP-002,Dallas Multifamily 02,Dallas-Fort Worth,Multifamily,Stabilized,2024-09,2024-09-01,2024,Q3,243458.0,0.932,392674.0,147162.0,143285.0,Dallas-Fort Worth,Multifamily,Stabilized,Dallas Multifamily 02
PROP-002,Dallas Multifamily 02,Dallas-Fort Worth,Multifamily,Stabilized,2024-10,2024-10-01,2024,Q4,238238.0,0.927,400265.0,152250.0,143285.0,Dallas-Fort Worth,Multifamily,Stabilized,Dallas Multifamily 02
PROP-002,Dallas Multifamily 02,Dallas-Fort Worth,Multifamily,Stabilized,2024-11,2024-11-01,2024,Q4,232858.0,0.917,403535.0,154086.0,143285.0,Dallas-Fort Worth,Multifamily,Stabilized,Dallas Multifamily 02
PROP-002,Dallas Multifamily 02,Dallas-Fort Worth,Multifamily,Stabilized,2024-12,2024-12-01,2024,Q4,227070.0,0.895,398090.0,149318.0,143285.0,Dallas-Fort Worth,Multifamily,Stabilized,Dallas Multifamily 02
PROP-003,Denver Office 03,Denver,Office,Stabilized,2022-01,2022-01-01,2022,Q1,158191.0,0.946,274139.0,104634.0,111119.0,Denver,Office,Stabilized,Denver Office 03
PROP-003,Denver Office 03,Denver,Office,Stabilized,2022-02,2022-02-01,2022,Q1,160874.0,0.942,270286.0,101207.0,111119.0,Denver,Office,Stabilized,Denver Office 03
PROP-003,Denver Office 03,Denver,Office,Stabilized,2022-03,2022-03-01,2022,Q1,170500.0,0.974,275000.0,104249.0,111119.0,Denver,Office,Stabilized,Denver Office 03
PROP-003,Denver Office 03,Denver,Office,Stabilized,2022-04,2022-04-01,2022,Q2,178573.0,0.99,276944.0,105208.0,111119.0,Denver,Office,Stabilized,Denver Office 03
PROP-003,Denver Office 03,Denver,Office,Stabilized,2022-05,2022-05-01,2022,Q2,184192.0,0.99,277835.0,105367.0,111119.0,Denver,Office,Stabilized,Denver Office 03
PROP-003,Denver Office 03,Denver,Office,Stabilized,2022-06,2022-06-01,2022,Q2,186549.0,0.99,278598.0,105430.0,111119.0,Denver,Office,Stabilized,Denver Office 03
PROP-003,Denver Office 03,Denver,Office,Stabilized,2022-07,2022-07-01,2022,Q3,188559.0,0.99,284422.0,109350.0,111119.0,Denver,Office,Stabilized,Denver Office 03
PROP-003,Denver Office 03,Denver,Office,Stabilized,2022-08,2022-08-01,2022,Q3,181926.0,0.99,282143.0,107085.0,111119.0,Denver,Office,Stabilized,Denver Office 03
PROP-003,Denver Office 03,Denver,Office,Stabilized,2022-09,2022-09-01,2022,Q3,174154.0,0.966,280894.0,105629.0,111119.0,Denver,Office,Stabilized,Denver Office 03
PROP-003,Denver Office 03,Denver,Office,Stabilized,2022-10,2022-10-01,2022,Q4,168110.0,0.947,282442.0,106285.0,111119.0,Denver,Office,Stabilized,Denver Office 03
PROP-003,Denver Office 03,Denver,Office,Stabilized,2022-11,2022-11-01,2022,Q4,165476.0,0.943,286765.0,109042.0,111119.0,Denver,Office,Stabilized,Denver Office 03
PROP-003,Denver Office 03,Denver,Office,Stabilized,2022-12,2022-12-01,2022,Q4,164984.0,0.941,289242.0,110408.0,111119.0,Denver,Office,Stabilized,Denver Office 03
PROP-003,Denver Office 03,Denver,Office,Stabilized,2023-01,2023-01-01,2023,Q1,167524.0,0.945,290313.0,110703.0,111119.0,Denver,Office,Stabilized,Denver Office 03
PROP-003,Denver Office 03,Denver,Office,Stabilized,2023-02,2023-02-01,2023,Q1,175186.0,0.969,294331.0,113254.0,111119.0,Denver,Office,Stabilized,Denver Office 03
PROP-003,Denver Office 03,Denver,Office,Stabilized,2023-03,2023-03-01,2023,Q1,182554.0,0.984,294443.0,112810.0,111119.0,Denver,Office,Stabilized,Denver Office 03
PROP-003,Denver Office 03,Denver,Office,Stabilized,2023-04,2023-04-01,2023,Q2,188986.0,0.99,293092.0,111258.0,111119.0,Denver,Office,Stabilized,Denver Office 03
PROP-003,Denver Office 03,Denver,Office,Stabilized,2023-05,2023-05-01,2023,Q2,197326.0,0.99,297646.0,114211.0,111119.0,Denver,Office,Stabilized,Denver Office 03
PROP-003,Denver Office 03,Denver,Office,Stabilized,2023-06,2023-06-01,2023,Q2,198839.0,0.99,296952.0,113155.0,111119.0,Denver,Office,Stabilized,Denver Office 03
PROP-003,Denver Office 03,Denver,Office,Stabilized,2023-07,2023-07-01,2023,Q3,196174.0,0.99,295909.0,111846.0,111119.0,Denver,Office,Stabilized,Denver Office 03
PROP-003,Denver Office 03,Denver,Office,Stabilized,2023-08,2023-08-01,2023,Q3,191233.0,0.988,296578.0,111839.0,111119.0,Denver,Office,Stabilized,Denver Office 03
PROP-003,Denver Office 03,Denver,Office,Stabilized,2023-09,2023-09-01,2023,Q3,188566.0,0.989,304139.0,117080.0,111119.0,Denver,Office,Stabilized,Denver Office 03
PROP-003,Denver Office 03,Denver,Office,Stabilized,2023-10,2023-10-01,2023,Q4,178315.0,0.95,299589.0,113089.0,111119.0,Denver,Office,Stabilized,Denver Office 03
PROP-003,Denver Office 03,Denver,Office,Stabilized,2023-11,2023-11-01,2023,Q4,174560.0,0.941,302507.0,114783.0,111119.0,Denver,Office,Stabilized,Denver Office 03
PROP-003,Denver Office 03,Denver,Office,Stabilized,2023-12,2023-12-01,2023,Q4,174888.0,0.944,306605.0,117385.0,111119.0,Denver,Office,Stabilized,Denver Office 03
PROP-003,Denver Office 03,Denver,Office,Stabilized,2024-01,2024-01-01,2024,Q1,176763.0,0.944,306324.0,116647.0,111119.0,Denver,Office,Stabilized,Denver Office 03
PROP-003,Denver Office 03,Denver,Office,Stabilized,2024-02,2024-02-01,2024,Q1,183677.0,0.961,308597.0,117859.0,111119.0,Denver,Office,Stabilized,Denver Office 03
PROP-003,Denver Office 03,Denver,Office,Stabilized,2024-03,2024-03-01,2024,Q1,190277.0,0.971,306899.0,116049.0,111119.0,Denver,Office,Stabilized,Denver Office 03
PROP-003,Denver Office 03,Denver,Office,Stabilized,2024-04,2024-04-01,2024,Q2,199710.0,0.99,309724.0,117675.0,111119.0,Denver,Office,Stabilized,Denver Office 03
PROP-003,Denver Office 03,Denver,Office,Stabilized,2024-05,2024-05-01,2024,Q2,205190.0,0.99,309508.0,116996.0,111119.0,Denver,Office,Stabilized,Denver Office 03
PROP-003,Denver Office 03,Denver,Office,Stabilized,2024-06,2024-06-01,2024,Q2,209176.0,0.99,312390.0,118664.0,111119.0,Denver,Office,Stabilized,Denver Office 03
PROP-003,Denver Office 03,Denver,Office,Stabilized,2024-07,2024-07-01,2024,Q3,207176.0,0.99,312504.0,118234.0,111119.0,Denver,Office,Stabilized,Denver Office 03
PROP-003,Denver Office 03,Denver,Office,Stabilized,2024-08,2024-08-01,2024,Q3,201790.0,0.988,312950.0,118059.0,111119.0,Denver,Office,Stabilized,Denver Office 03
PROP-003,Denver Office 03,Denver,Office,Stabilized,2024-09,2024-09-01,2024,Q3,194995.0,0.97,314508.0,118723.0,111119.0,Denver,Office,Stabilized,Denver Office 03
PROP-003,Denver Office 03,Denver,Office,Stabilized,2024-10,2024-10-01,2024,Q4,189799.0,0.959,318882.0,121525.0,111119.0,Denver,Office,Stabilized,Denver Office 03
PROP-003,Denver Office 03,Denver,Office,Stabilized,2024-11,2024-11-01,2024,Q4,186369.0,0.953,322971.0,124128.0,111119.0,Denver,Office,Stabilized,Denver Office 03
PROP-003,Denver Office 03,Denver,Office,Stabilized,2024-12,2024-12-01,2024,Q4,183230.0,0.939,321231.0,122272.0,111119.0,Denver,Office,Stabilized,Denver Office 03
PROP-004,Dallas Office 04,Dallas-Fort Worth,Office,Development,2022-01,2022-01-01,2022,Q1,240019.0,0.944,415945.0,158138.0,193206.0,Dallas-Fort Worth,Office,Development,Dallas Office 04
PROP-004,Dallas Office 04,Dallas-Fort Worth,Office,Development,2022-02,2022-02-01,2022,Q1,246380.0,0.949,413944.0,155841.0,193206.0,Dallas-Fort Worth,Office,Development,Dallas Office 04
PROP-004,Dallas Office 04,Dallas-Fort Worth,Office,Development,2022-03,2022-03-01,2022,Q1,258315.0,0.969,416637.0,157094.0,193206.0,Dallas-Fort Worth,Office,Development,Dallas Office 04
PROP-004,Dallas Office 04,Dallas-Fort Worth,Office,Development,2022-04,2022-04-01,2022,Q2,271325.0,0.99,420790.0,159451.0,193206.0,Dallas-Fort Worth,Office,Development,Dallas Office 04
PROP-004,Dallas Office 04,Dallas-Fort Worth,Office,Development,2022-05,2022-05-01,2022,Q2,281593.0,0.99,424755.0,161674.0,193206.0,Dallas-Fort Worth,Office,Development,Dallas Office 04
PROP-004,Dallas Office 04,Dallas-Fort Worth,Office,Development,2022-06,2022-06-01,2022,Q2,283115.0,0.99,422812.0,159417.0,193206.0,Dallas-Fort Worth,Office,Development,Dallas Office 04
PROP-004,Dallas Office 04,Dallas-Fort Worth,Office,Development,2022-07,2022-07-01,2022,Q3,283680.0,0.99,427903.0,162487.0,193206.0,Dallas-Fort Worth,Office,Development,Dallas Office 04
PROP-004,Dallas Office 04,Dallas-Fort Worth,Office,Development,2022-08,2022-08-01,2022,Q3,279214.0,0.99,433023.0,165594.0,193206.0,Dallas-Fort Worth,Office,Development,Dallas Office 04
PROP-004,Dallas Office 04,Dallas-Fort Worth,Office,Development,2022-09,2022-09-01,2022,Q3,267651.0,0.975,431695.0,163789.0,193206.0,Dallas-Fort Worth,Office,Development,Dallas Office 04
PROP-004,Dallas Office 04,Dallas-Fort Worth,Office,Development,2022-10,2022-10-01,2022,Q4,254837.0,0.944,428154.0,160342.0,193206.0,Dallas-Fort Worth,Office,Development,Dallas Office 04
PROP-004,Dallas Office 04,Dallas-Fort Worth,Office,Development,2022-11,2022-11-01,2022,Q4,250340.0,0.937,433830.0,163838.0,193206.0,Dallas-Fort Worth,Office,Development,Dallas Office 04
PROP-004,Dallas Office 04,Dallas-Fort Worth,Office,Development,2022-12,2022-12-01,2022,Q4,249462.0,0.935,437346.0,165715.0,193206.0,Dallas-Fort Worth,Office,Development,Dallas Office 04
PROP-004,Dallas Office 04,Dallas-Fort Worth,Office,Development,2023-01,2023-01-01,2023,Q1,252335.0,0.936,437289.0,164890.0,193206.0,Dallas-Fort Worth,Office,Development,Dallas Office 04
PROP-004,Dallas Office 04,Dallas-Fort Worth,Office,Development,2023-02,2023-02-01,2023,Q1,264828.0,0.962,444939.0,169908.0,193206.0,Dallas-Fort Worth,Office,Development,Dallas Office 04
PROP-004,Dallas Office 04,Dallas-Fort Worth,Office,Development,2023-03,2023-03-01,2023,Q1,274717.0,0.973,443092.0,167713.0,193206.0,Dallas-Fort Worth,Office,Development,Dallas Office 04
PROP-004,Dallas Office 04,Dallas-Fort Worth,Office,Development,2023-04,2023-04-01,2023,Q2,288635.0,0.99,447635.0,170374.0,193206.0,Dallas-Fort Worth,Office,Development,Dallas Office 04
PROP-004,Dallas Office 04,Dallas-Fort Worth,Office,Development,2023-05,2023-05-01,2023,Q2,296270.0,0.99,446893.0,169023.0,193206.0,Dallas-Fort Worth,Office,Development,Dallas Office 04
PROP-004,Dallas Office 04,Dallas-Fort Worth,Office,Development,2023-06,2023-06-01,2023,Q2,306540.0,0.99,457796.0,176554.0,193206.0,Dallas-Fort Worth,Office,Development,Dallas Office 04
PROP-004,Dallas Office 04,Dallas-Fort Worth,Office,Development,2023-07,2023-07-01,2023,Q3,300875.0,0.99,453839.0,172720.0,193206.0,Dallas-Fort Worth,Office,Development,Dallas Office 04
PROP-004,Dallas Office 04,Dallas-Fort Worth,Office,Development,2023-08,2023-08-01,2023,Q3,292229.0,0.99,453209.0,171454.0,193206.0,Dallas-Fort Worth,Office,Development,Dallas Office 04
PROP-004,Dallas Office 04,Dallas-Fort Worth,Office,Development,2023-09,2023-09-01,2023,Q3,283140.0,0.976,456677.0,173296.0,193206.0,Dallas-Fort Worth,Office,Development,Dallas Office 04
PROP-004,Dallas Office 04,Dallas-Fort Worth,Office,Development,2023-10,2023-10-01,2023,Q4,271843.0,0.952,456725.0,172549.0,193206.0,Dallas-Fort Worth,Office,Development,Dallas Office 04
PROP-004,Dallas Office 04,Dallas-Fort Worth,Office,Development,2023-11,2023-11-01,2023,Q4,264136.0,0.936,457739.0,172535.0,193206.0,Dallas-Fort Worth,Office,Development,Dallas Office 04
PROP-004,Dallas Office 04,Dallas-Fort Worth,Office,Development,2023-12,2023-12-01,2023,Q4,266163.0,0.944,466625.0,178495.0,193206.0,Dallas-Fort Worth,Office,Development,Dallas Office 04
PROP-004,Dallas Office 04,Dallas-Fort Worth,Office,Development,2024-01,2024-01-01,2024,Q1,267201.0,0.938,463050.0,174985.0,193206.0,Dallas-Fort Worth,Office,Development,Dallas Office 04
PROP-004,Dallas Office 04,Dallas-Fort Worth,Office,Development,2024-02,2024-02-01,2024,Q1,280407.0,0.964,471113.0,180327.0,193206.0,Dallas-Fort Worth,Office,Development,Dallas Office 04
PROP-004,Dallas Office 04,Dallas-Fort Worth,Office,Development,2024-03,2024-03-01,2024,Q1,295206.0,0.99,476138.0,183380.0,193206.0,Dallas-Fort Worth,Office,Development,Dallas Office 04
PROP-004,Dallas Office 04,Dallas-Fort Worth,Office,Development,2024-04,2024-04-01,2024,Q2,305993.0,0.99,474555.0,181360.0,193206.0,Dallas-Fort Worth,Office,Development,Dallas Office 04
PROP-004,Dallas Office 04,Dallas-Fort Worth,Office,Development,2024-05,2024-05-01,2024,Q2,311294.0,0.99,469556.0,176780.0,193206.0,Dallas-Fort Worth,Office,Development,Dallas Office 04
PROP-004,Dallas Office 04,Dallas-Fort Worth,Office,Development,2024-06,2024-06-01,2024,Q2,321025.0,0.99,479427.0,183486.0,193206.0,Dallas-Fort Worth,Office,Development,Dallas Office 04
PROP-004,Dallas Office 04,Dallas-Fort Worth,Office,Development,2024-07,2024-07-01,2024,Q3,314833.0,0.99,474893.0,179249.0,193206.0,Dallas-Fort Worth,Office,Development,Dallas Office 04
PROP-004,Dallas Office 04,Dallas-Fort Worth,Office,Development,2024-08,2024-08-01,2024,Q3,310451.0,0.99,481468.0,183450.0,193206.0,Dallas-Fort Worth,Office,Development,Dallas Office 04
PROP-004,Dallas Office 04,Dallas-Fort Worth,Office,Development,2024-09,2024-09-01,2024,Q3,301333.0,0.985,486021.0,186130.0,193206.0,Dallas-Fort Worth,Office,Development,Dallas Office 04
PROP-004,Dallas Office 04,Dallas-Fort Worth,Office,Development,2024-10,2024-10-01,2024,Q4,289113.0,0.96,485741.0,185118.0,193206.0,Dallas-Fort Worth,Office,Development,Dallas Office 04
PROP-004,Dallas Office 04,Dallas-Fort Worth,Office,Development,2024-11,2024-11-01,2024,Q4,284729.0,0.957,493425.0,190204.0,193206.0,Dallas-Fort Worth,Office,Development,Dallas Office 04
PROP-004,Dallas Office 04,Dallas-Fort Worth,Office,Development,2024-12,2024-12-01,2024,Q4,281416.0,0.947,493367.0,189350.0,193206.0,Dallas-Fort Worth,Office,Development,Dallas Office 04
PROP-005,Denver Office 05,Denver,Office,Stabilized,2022-01,2022-01-01,2022,Q1,180085.0,0.872,312082.0,117866.0,124917.0,Denver,Office,Stabilized,Denver Office 05
PROP-005,Denver Office 05,Denver,Office,Stabilized,2022-02,2022-02-01,2022,Q1,187044.0,0.887,314254.0,118918.0,124917.0,Denver,Office,Stabilized,Denver Office 05
PROP-005,Denver Office 05,Denver,Office,Stabilized,2022-03,2022-03-01,2022,Q1,195461.0,0.904,315260.0,119088.0,124917.0,Denver,Office,Stabilized,Denver Office 05
PROP-005,Denver Office 05,Denver,Office,Stabilized,2022-04,2022-04-01,2022,Q2,206788.0,0.933,320700.0,122627.0,124917.0,Denver,Office,Stabilized,Denver Office 05
PROP-005,Denver Office 05,Denver,Office,Stabilized,2022-05,2022-05-01,2022,Q2,209953.0,0.93,316693.0,118995.0,124917.0,Denver,Office,Stabilized,Denver Office 05
PROP-005,Denver Office 05,Denver,Office,Stabilized,2022-06,2022-06-01,2022,Q2,212573.0,0.932,317463.0,118991.0,124917.0,Denver,Office,Stabilized,Denver Office 05
PROP-005,Denver Office 05,Denver,Office,Stabilized,2022-07,2022-07-01,2022,Q3,211548.0,0.928,319099.0,119637.0,124917.0,Denver,Office,Stabilized,Denver Office 05
PROP-005,Denver Office 05,Denver,Office,Stabilized,2022-08,2022-08-01,2022,Q3,208248.0,0.921,322965.0,121961.0,124917.0,Denver,Office,Stabilized,Denver Office 05
PROP-005,Denver Office 05,Denver,Office,Stabilized,2022-09,2022-09-01,2022,Q3,205165.0,0.921,330912.0,127422.0,124917.0,Denver,Office,Stabilized,Denver Office 05
PROP-005,Denver Office 05,Denver,Office,Stabilized,2022-10,2022-10-01,2022,Q4,196112.0,0.895,329489.0,125724.0,124917.0,Denver,Office,Stabilized,Denver Office 05
PROP-005,Denver Office 05,Denver,Office,Stabilized,2022-11,2022-11-01,2022,Q4,191695.0,0.884,332202.0,127194.0,124917.0,Denver,Office,Stabilized,Denver Office 05
PROP-005,Denver Office 05,Denver,Office,Stabilized,2022-12,2022-12-01,2022,Q4,186704.0,0.862,327322.0,122899.0,124917.0,Denver,Office,Stabilized,Denver Office 05
PROP-005,Denver Office 05,Denver,Office,Stabilized,2023-01,2023-01-01,2023,Q1,189254.0,0.865,327971.0,122805.0,124917.0,Denver,Office,Stabilized,Denver Office 05
PROP-005,Denver Office 05,Denver,Office,Stabilized,2023-02,2023-02-01,2023,Q1,197754.0,0.885,332248.0,125437.0,124917.0,Denver,Office,Stabilized,Denver Office 05
PROP-005,Denver Office 05,Denver,Office,Stabilized,2023-03,2023-03-01,2023,Q1,208175.0,0.908,335767.0,127510.0,124917.0,Denver,Office,Stabilized,Denver Office 05
PROP-005,Denver Office 05,Denver,Office,Stabilized,2023-04,2023-04-01,2023,Q2,216613.0,0.923,335938.0,127046.0,124917.0,Denver,Office,Stabilized,Denver Office 05
PROP-005,Denver Office 05,Denver,Office,Stabilized,2023-05,2023-05-01,2023,Q2,227962.0,0.954,343857.0,132490.0,124917.0,Denver,Office,Stabilized,Denver Office 05
PROP-005,Denver Office 05,Denver,Office,Stabilized,2023-06,2023-06-01,2023,Q2,226433.0,0.938,338162.0,127547.0,124917.0,Denver,Office,Stabilized,Denver Office 05
PROP-005,Denver Office 05,Denver,Office,Stabilized,2023-07,2023-07-01,2023,Q3,229366.0,0.951,345976.0,132898.0,124917.0,Denver,Office,Stabilized,Denver Office 05
PROP-005,Denver Office 05,Denver,Office,Stabilized,2023-08,2023-08-01,2023,Q3,219136.0,0.916,339851.0,127648.0,124917.0,Denver,Office,Stabilized,Denver Office 05
PROP-005,Denver Office 05,Denver,Office,Stabilized,2023-09,2023-09-01,2023,Q3,211356.0,0.897,340898.0,127852.0,124917.0,Denver,Office,Stabilized,Denver Office 05
PROP-005,Denver Office 05,Denver,Office,Stabilized,2023-10,2023-10-01,2023,Q4,206466.0,0.891,346886.0,131784.0,124917.0,Denver,Office,Stabilized,Denver Office 05
PROP-005,Denver Office 05,Denver,Office,Stabilized,2023-11,2023-11-01,2023,Q4,201589.0,0.88,349347.0,133059.0,124917.0,Denver,Office,Stabilized,Denver Office 05
PROP-005,Denver Office 05,Denver,Office,Stabilized,2023-12,2023-12-01,2023,Q4,200821.0,0.878,352070.0,134535.0,124917.0,Denver,Office,Stabilized,Denver Office 05
PROP-005,Denver Office 05,Denver,Office,Stabilized,2024-01,2024-01-01,2024,Q1,200816.0,0.868,348007.0,130861.0,124917.0,Denver,Office,Stabilized,Denver Office 05
PROP-005,Denver Office 05,Denver,Office,Stabilized,2024-02,2024-02-01,2024,Q1,212218.0,0.899,356549.0,136753.0,124917.0,Denver,Office,Stabilized,Denver Office 05
PROP-005,Denver Office 05,Denver,Office,Stabilized,2024-03,2024-03-01,2024,Q1,222953.0,0.921,359602.0,138490.0,124917.0,Denver,Office,Stabilized,Denver Office 05
PROP-005,Denver Office 05,Denver,Office,Stabilized,2024-04,2024-04-01,2024,Q2,226941.0,0.916,351956.0,132079.0,124917.0,Denver,Office,Stabilized,Denver Office 05
PROP-005,Denver Office 05,Denver,Office,Stabilized,2024-05,2024-05-01,2024,Q2,235520.0,0.933,355257.0,133978.0,124917.0,Denver,Office,Stabilized,Denver Office 05
PROP-005,Denver Office 05,Denver,Office,Stabilized,2024-06,2024-06-01,2024,Q2,241162.0,0.947,360158.0,137098.0,124917.0,Denver,Office,Stabilized,Denver Office 05
PROP-005,Denver Office 05,Denver,Office,Stabilized,2024-07,2024-07-01,2024,Q3,238792.0,0.938,360193.0,136529.0,124917.0,Denver,Office,Stabilized,Denver Office 05
PROP-005,Denver Office 05,Denver,Office,Stabilized,2024-08,2024-08-01,2024,Q3,234525.0,0.93,363717.0,138611.0,124917.0,Denver,Office,Stabilized,Denver Office 05
PROP-005,Denver Office 05,Denver,Office,Stabilized,2024-09,2024-09-01,2024,Q3,226632.0,0.912,365536.0,139397.0,124917.0,Denver,Office,Stabilized,Denver Office 05
PROP-005,Denver Office 05,Denver,Office,Stabilized,2024-10,2024-10-01,2024,Q4,219532.0,0.898,368837.0,141317.0,124917.0,Denver,Office,Stabilized,Denver Office 05
PROP-005,Denver Office 05,Denver,Office,Stabilized,2024-11,2024-11-01,2024,Q4,211235.0,0.874,366063.0,138605.0,124917.0,Denver,Office,Stabilized,Denver Office 05
PROP-005,Denver Office 05,Denver,Office,Stabilized,2024-12,2024-12-01,2024,Q4,213029.0,0.883,373473.0,143659.0,124917.0,Denver,Office,Stabilized,Denver Office 05
PROP-006,Phoenix Office 06,Phoenix,Office,Stabilized,2022-01,2022-01-01,2022,Q1,256024.0,0.912,443680.0,167573.0,248503.0,Phoenix,Office,Stabilized,Phoenix Office 06
PROP-006,Phoenix Office 06,Phoenix,Office,Stabilized,2022-02,2022-02-01,2022,Q1,267731.0,0.933,449818.0,171385.0,248503.0,Phoenix,Office,Stabilized,Phoenix Office 06
PROP-006,Phoenix Office 06,Phoenix,Office,Stabilized,2022-03,2022-03-01,2022,Q1,278935.0,0.948,449896.0,170595.0,248503.0,Phoenix,Office,Stabilized,Phoenix Office 06
PROP-006,Phoenix Office 06,Phoenix,Office,Stabilized,2022-04,2022-04-01,2022,Q2,292754.0,0.971,454023.0,172884.0,248503.0,Phoenix,Office,Stabilized,Phoenix Office 06
PROP-006,Phoenix Office 06,Phoenix,Office,Stabilized,2022-05,2022-05-01,2022,Q2,297876.0,0.97,449315.0,168487.0,248503.0,Phoenix,Office,Stabilized,Phoenix Office 06
PROP-006,Phoenix Office 06,Phoenix,Office,Stabilized,2022-06,2022-06-01,2022,Q2,310607.0,0.99,463870.0,178704.0,248503.0,Phoenix,Office,Stabilized,Phoenix Office 06
PROP-006,Phoenix Office 06,Phoenix,Office,Stabilized,2022-07,2022-07-01,2022,Q3,301153.0,0.971,454258.0,170543.0,248503.0,Phoenix,Office,Stabilized,Phoenix Office 06
PROP-006,Phoenix Office 06,Phoenix,Office,Stabilized,2022-08,2022-08-01,2022,Q3,300257.0,0.977,465660.0,178346.0,248503.0,Phoenix,Office,Stabilized,Phoenix Office 06
PROP-006,Phoenix Office 06,Phoenix,Office,Stabilized,2022-09,2022-09-01,2022,Q3,288919.0,0.954,465998.0,177746.0,248503.0,Phoenix,Office,Stabilized,Phoenix Office 06
PROP-006,Phoenix Office 06,Phoenix,Office,Stabilized,2022-10,2022-10-01,2022,Q4,275690.0,0.924,463188.0,174769.0,248503.0,Phoenix,Office,Stabilized,Phoenix Office 06
PROP-006,Phoenix Office 06,Phoenix,Office,Stabilized,2022-11,2022-11-01,2022,Q4,267071.0,0.906,462825.0,173664.0,248503.0,Phoenix,Office,Stabilized,Phoenix Office 06
PROP-006,Phoenix Office 06,Phoenix,Office,Stabilized,2022-12,2022-12-01,2022,Q4,266531.0,0.905,467271.0,176177.0,248503.0,Phoenix,Office,Stabilized,Phoenix Office 06
PROP-006,Phoenix Office 06,Phoenix,Office,Stabilized,2023-01,2023-01-01,2023,Q1,273471.0,0.919,473916.0,180369.0,248503.0,Phoenix,Office,Stabilized,Phoenix Office 06
PROP-006,Phoenix Office 06,Phoenix,Office,Stabilized,2023-02,2023-02-01,2023,Q1,280048.0,0.921,470511.0,176952.0,248503.0,Phoenix,Office,Stabilized,Phoenix Office 06
PROP-006,Phoenix Office 06,Phoenix,Office,Stabilized,2023-03,2023-03-01,2023,Q1,295325.0,0.947,476331.0,180509.0,248503.0,Phoenix,Office,Stabilized,Phoenix Office 06
PROP-006,Phoenix Office 06,Phoenix,Office,Stabilized,2023-04,2023-04-01,2023,Q2,311180.0,0.975,482600.0,184430.0,248503.0,Phoenix,Office,Stabilized,Phoenix Office 06
PROP-006,Phoenix Office 06,Phoenix,Office,Stabilized,2023-05,2023-05-01,2023,Q2,319326.0,0.982,481671.0,182870.0,248503.0,Phoenix,Office,Stabilized,Phoenix Office 06
PROP-006,Phoenix Office 06,Phoenix,Office,Stabilized,2023-06,2023-06-01,2023,Q2,319765.0,0.974,477547.0,178924.0,248503.0,Phoenix,Office,Stabilized,Phoenix Office 06
PROP-006,Phoenix Office 06,Phoenix,Office,Stabilized,2023-07,2023-07-01,2023,Q3,320523.0,0.977,483477.0,182553.0,248503.0,Phoenix,Office,Stabilized,Phoenix Office 06
PROP-006,Phoenix Office 06,Phoenix,Office,Stabilized,2023-08,2023-08-01,2023,Q3,313125.0,0.963,485615.0,183331.0,248503.0,Phoenix,Office,Stabilized,Phoenix Office 06
PROP-006,Phoenix Office 06,Phoenix,Office,Stabilized,2023-09,2023-09-01,2023,Q3,307725.0,0.96,496331.0,190640.0,248503.0,Phoenix,Office,Stabilized,Phoenix Office 06
PROP-006,Phoenix Office 06,Phoenix,Office,Stabilized,2023-10,2023-10-01,2023,Q4,289815.0,0.919,486920.0,182649.0,248503.0,Phoenix,Office,Stabilized,Phoenix Office 06
PROP-006,Phoenix Office 06,Phoenix,Office,Stabilized,2023-11,2023-11-01,2023,Q4,283638.0,0.91,491535.0,185290.0,248503.0,Phoenix,Office,Stabilized,Phoenix Office 06
PROP-006,Phoenix Office 06,Phoenix,Office,Stabilized,2023-12,2023-12-01,2023,Q4,281900.0,0.906,494214.0,186475.0,248503.0,Phoenix,Office,Stabilized,Phoenix Office 06
PROP-006,Phoenix Office 06,Phoenix,Office,Stabilized,2024-01,2024-01-01,2024,Q1,291021.0,0.925,504330.0,193320.0,248503.0,Phoenix,Office,Stabilized,Phoenix Office 06
PROP-006,Phoenix Office 06,Phoenix,Office,Stabilized,2024-02,2024-02-01,2024,Q1,299711.0,0.934,503546.0,191863.0,248503.0,Phoenix,Office,Stabilized,Phoenix Office 06
PROP-006,Phoenix Office 06,Phoenix,Office,Stabilized,2024-03,2024-03-01,2024,Q1,315595.0,0.959,509024.0,195193.0,248503.0,Phoenix,Office,Stabilized,Phoenix Office 06
PROP-006,Phoenix Office 06,Phoenix,Office,Stabilized,2024-04,2024-04-01,2024,Q2,323731.0,0.96,502064.0,189055.0,248503.0,Phoenix,Office,Stabilized,Phoenix Office 06
PROP-006,Phoenix Office 06,Phoenix,Office,Stabilized,2024-05,2024-05-01,2024,Q2,333472.0,0.972,503008.0,188934.0,248503.0,Phoenix,Office,Stabilized,Phoenix Office 06
PROP-006,Phoenix Office 06,Phoenix,Office,Stabilized,2024-06,2024-06-01,2024,Q2,339421.0,0.98,506902.0,191033.0,248503.0,Phoenix,Office,Stabilized,Phoenix Office 06
PROP-006,Phoenix Office 06,Phoenix,Office,Stabilized,2024-07,2024-07-01,2024,Q3,336746.0,0.973,507948.0,190988.0,248503.0,Phoenix,Office,Stabilized,Phoenix Office 06
PROP-006,Phoenix Office 06,Phoenix,Office,Stabilized,2024-08,2024-08-01,2024,Q3,330112.0,0.962,511960.0,193177.0,248503.0,Phoenix,Office,Stabilized,Phoenix Office 06
PROP-006,Phoenix Office 06,Phoenix,Office,Stabilized,2024-09,2024-09-01,2024,Q3,317601.0,0.94,512260.0,192570.0,248503.0,Phoenix,Office,Stabilized,Phoenix Office 06
PROP-006,Phoenix Office 06,Phoenix,Office,Stabilized,2024-10,2024-10-01,2024,Q4,305444.0,0.919,513179.0,192432.0,248503.0,Phoenix,Office,Stabilized,Phoenix Office 06
PROP-006,Phoenix Office 06,Phoenix,Office,Stabilized,2024-11,2024-11-01,2024,Q4,304026.0,0.925,526866.0,201967.0,248503.0,Phoenix,Office,Stabilized,Phoenix Office 06
PROP-006,Phoenix Office 06,Phoenix,Office,Stabilized,2024-12,2024-12-01,2024,Q4,300035.0,0.915,526009.0,200453.0,248503.0,Phoenix,Office,Stabilized,Phoenix Office 06
PROP-007,Austin Industrial 07,Austin,Industrial,Stabilized,2022-01,2022-01-01,2022,Q1,343386.0,0.912,595077.0,228329.0,331302.0,Austin,Industrial,Stabilized,Austin Industrial 07
PROP-007,Austin Industrial 07,Austin,Industrial,Stabilized,2022-02,2022-02-01,2022,Q1,356986.0,0.929,599775.0,230794.0,331302.0,Austin,Industrial,Stabilized,Austin Industrial 07
PROP-007,Austin Industrial 07,Austin,Industrial,Stabilized,2022-03,2022-03-01,2022,Q1,368374.0,0.934,594152.0,225366.0,331302.0,Austin,Industrial,Stabilized,Austin Industrial 07
PROP-007,Austin Industrial 07,Austin,Industrial,Stabilized,2022-04,2022-04-01,2022,Q2,385347.0,0.954,597623.0,226883.0,331302.0,Austin,Industrial,Stabilized,Austin Industrial 07
PROP-007,Austin Industrial 07,Austin,Industrial,Stabilized,2022-05,2022-05-01,2022,Q2,396181.0,0.963,597599.0,225753.0,331302.0,Austin,Industrial,Stabilized,Austin Industrial 07
PROP-007,Austin Industrial 07,Austin,Industrial,Stabilized,2022-06,2022-06-01,2022,Q2,403308.0,0.971,602311.0,228209.0,331302.0,Austin,Industrial,Stabilized,Austin Industrial 07
PROP-007,Austin Industrial 07,Austin,Industrial,Stabilized,2022-07,2022-07-01,2022,Q3,399680.0,0.962,602877.0,227528.0,331302.0,Austin,Industrial,Stabilized,Austin Industrial 07
PROP-007,Austin Industrial 07,Austin,Industrial,Stabilized,2022-08,2022-08-01,2022,Q3,393781.0,0.956,610703.0,232345.0,331302.0,Austin,Industrial,Stabilized,Austin Industrial 07
PROP-007,Austin Industrial 07,Austin,Industrial,Stabilized,2022-09,2022-09-01,2022,Q3,379300.0,0.934,611774.0,232040.0,331302.0,Austin,Industrial,Stabilized,Austin Industrial 07
PROP-007,Austin Industrial 07,Austin,Industrial,Stabilized,2022-10,2022-10-01,2022,Q4,367641.0,0.92,617676.0,235407.0,331302.0,Austin,Industrial,Stabilized,Austin Industrial 07
PROP-007,Austin Industrial 07,Austin,Industrial,Stabilized,2022-11,2022-11-01,2022,Q4,361254.0,0.914,626041.0,240675.0,331302.0,Austin,Industrial,Stabilized,Austin Industrial 07
PROP-007,Austin Industrial 07,Austin,Industrial,Stabilized,2022-12,2022-12-01,2022,Q4,357146.0,0.905,626133.0,239605.0,331302.0,Austin,Industrial,Stabilized,Austin Industrial 07
PROP-007,Austin Industrial 07,Austin,Industrial,Stabilized,2023-01,2023-01-01,2023,Q1,361605.0,0.906,626649.0,238868.0,331302.0,Austin,Industrial,Stabilized,Austin Industrial 07
PROP-007,Austin Industrial 07,Austin,Industrial,Stabilized,2023-02,2023-02-01,2023,Q1,368265.0,0.904,618724.0,231771.0,331302.0,Austin,Industrial,Stabilized,Austin Industrial 07
PROP-007,Austin Industrial 07,Austin,Industrial,Stabilized,2023-03,2023-03-01,2023,Q1,387792.0,0.928,625471.0,235746.0,331302.0,Austin,Industrial,Stabilized,Austin Industrial 07
PROP-007,Austin Industrial 07,Austin,Industrial,Stabilized,2023-04,2023-04-01,2023,Q2,410646.0,0.96,636858.0,243271.0,331302.0,Austin,Industrial,Stabilized,Austin Industrial 07
PROP-007,Austin Industrial 07,Austin,Industrial,Stabilized,2023-05,2023-05-01,2023,Q2,426529.0,0.979,643376.0,247127.0,331302.0,Austin,Industrial,Stabilized,Austin Industrial 07
PROP-007,Austin Industrial 07,Austin,Industrial,Stabilized,2023-06,2023-06-01,2023,Q2,429287.0,0.976,641110.0,244259.0,331302.0,Austin,Industrial,Stabilized,Austin Industrial 07
PROP-007,Austin Industrial 07,Austin,Industrial,Stabilized,2023-07,2023-07-01,2023,Q3,419750.0,0.955,633150.0,237138.0,331302.0,Austin,Industrial,Stabilized,Austin Industrial 07
PROP-007,Austin Industrial 07,Austin,Industrial,Stabilized,2023-08,2023-08-01,2023,Q3,419415.0,0.962,650458.0,249137.0,331302.0,Austin,Industrial,Stabilized,Austin Industrial 07
PROP-007,Austin Industrial 07,Austin,Industrial,Stabilized,2023-09,2023-09-01,2023,Q3,405809.0,0.945,654530.0,251120.0,331302.0,Austin,Industrial,Stabilized,Austin Industrial 07
PROP-007,Austin Industrial 07,Austin,Industrial,Stabilized,2023-10,2023-10-01,2023,Q4,388496.0,0.919,652715.0,248599.0,331302.0,Austin,Industrial,Stabilized,Austin Industrial 07
PROP-007,Austin Industrial 07,Austin,Industrial,Stabilized,2023-11,2023-11-01,2023,Q4,380467.0,0.911,659336.0,252525.0,331302.0,Austin,Industrial,Stabilized,Austin Industrial 07
PROP-007,Austin Industrial 07,Austin,Industrial,Stabilized,2023-12,2023-12-01,2023,Q4,371168.0,0.89,650716.0,244863.0,331302.0,Austin,Industrial,Stabilized,Austin Industrial 07
PROP-007,Austin Industrial 07,Austin,Industrial,Stabilized,2024-01,2024-01-01,2024,Q1,381105.0,0.904,660442.0,251111.0,331302.0,Austin,Industrial,Stabilized,Austin Industrial 07
PROP-007,Austin Industrial 07,Austin,Industrial,Stabilized,2024-02,2024-02-01,2024,Q1,393941.0,0.916,661864.0,251072.0,331302.0,Austin,Industrial,Stabilized,Austin Industrial 07
PROP-007,Austin Industrial 07,Austin,Industrial,Stabilized,2024-03,2024-03-01,2024,Q1,410147.0,0.93,661527.0,249707.0,331302.0,Austin,Industrial,Stabilized,Austin Industrial 07
PROP-007,Austin Industrial 07,Austin,Industrial,Stabilized,2024-04,2024-04-01,2024,Q2,437741.0,0.969,678878.0,261820.0,331302.0,Austin,Industrial,Stabilized,Austin Industrial 07
PROP-007,Austin Industrial 07,Austin,Industrial,Stabilized,2024-05,2024-05-01,2024,Q2,444551.0,0.967,670561.0,254323.0,331302.0,Austin,Industrial,Stabilized,Austin Industrial 07
PROP-007,Austin Industrial 07,Austin,Industrial,Stabilized,2024-06,2024-06-01,2024,Q2,456106.0,0.983,681161.0,261281.0,331302.0,Austin,Industrial,Stabilized,Austin Industrial 07
PROP-007,Austin Industrial 07,Austin,Industrial,Stabilized,2024-07,2024-07-01,2024,Q3,455638.0,0.982,687283.0,264843.0,331302.0,Austin,Industrial,Stabilized,Austin Industrial 07
PROP-007,Austin Industrial 07,Austin,Industrial,Stabilized,2024-08,2024-08-01,2024,Q3,438516.0,0.954,680081.0,258198.0,331302.0,Austin,Industrial,Stabilized,Austin Industrial 07
PROP-007,Austin Industrial 07,Austin,Industrial,Stabilized,2024-09,2024-09-01,2024,Q3,422691.0,0.933,681760.0,258356.0,331302.0,Austin,Industrial,Stabilized,Austin Industrial 07
PROP-007,Austin Industrial 07,Austin,Industrial,Stabilized,2024-10,2024-10-01,2024,Q4,406463.0,0.912,682901.0,258109.0,331302.0,Austin,Industrial,Stabilized,Austin Industrial 07
PROP-007,Austin Industrial 07,Austin,Industrial,Stabilized,2024-11,2024-11-01,2024,Q4,393172.0,0.893,681354.0,255843.0,331302.0,Austin,Industrial,Stabilized,Austin Industrial 07
PROP-007,Austin Industrial 07,Austin,Industrial,Stabilized,2024-12,2024-12-01,2024,Q4,390971.0,0.889,685434.0,257815.0,331302.0,Austin,Industrial,Stabilized,Austin Industrial 07
PROP-008,Dallas Office 08,Dallas-Fort Worth,Office,Value-Add,2022-01,2022-01-01,2022,Q1,191341.0,0.917,331588.0,125669.0,201636.0,Dallas-Fort Worth,Office,Value-Add,Dallas Office 08
PROP-008,Dallas Office 08,Dallas-Fort Worth,Office,Value-Add,2022-02,2022-02-01,2022,Q1,198848.0,0.933,334086.0,126935.0,201636.0,Dallas-Fort Worth,Office,Value-Add,Dallas Office 08
PROP-008,Dallas Office 08,Dallas-Fort Worth,Office,Value-Add,2022-03,2022-03-01,2022,Q1,209208.0,0.957,337432.0,128850.0,201636.0,Dallas-Fort Worth,Office,Value-Add,Dallas Office 08
PROP-008,Dallas Office 08,Dallas-Fort Worth,Office,Value-Add,2022-04,2022-04-01,2022,Q2,216942.0,0.968,336449.0,127469.0,201636.0,Dallas-Fort Worth,Office,Value-Add,Dallas Office 08
PROP-008,Dallas Office 08,Dallas-Fort Worth,Office,Value-Add,2022-05,2022-05-01,2022,Q2,226577.0,0.99,341769.0,130887.0,201636.0,Dallas-Fort Worth,Office,Value-Add,Dallas Office 08
PROP-008,Dallas Office 08,Dallas-Fort Worth,Office,Value-Add,2022-06,2022-06-01,2022,Q2,225016.0,0.976,336045.0,125922.0,201636.0,Dallas-Fort Worth,Office,Value-Add,Dallas Office 08
PROP-008,Dallas Office 08,Dallas-Fort Worth,Office,Value-Add,2022-07,2022-07-01,2022,Q3,224219.0,0.973,338212.0,126932.0,201636.0,Dallas-Fort Worth,Office,Value-Add,Dallas Office 08
PROP-008,Dallas Office 08,Dallas-Fort Worth,Office,Value-Add,2022-08,2022-08-01,2022,Q3,220231.0,0.964,341550.0,128825.0,201636.0,Dallas-Fort Worth,Office,Value-Add,Dallas Office 08
PROP-008,Dallas Office 08,Dallas-Fort Worth,Office,Value-Add,2022-09,2022-09-01,2022,Q3,211906.0,0.941,341784.0,128381.0,201636.0,Dallas-Fort Worth,Office,Value-Add,Dallas Office 08
PROP-008,Dallas Office 08,Dallas-Fort Worth,Office,Value-Add,2022-10,2022-10-01,2022,Q4,208482.0,0.941,350271.0,134191.0,201636.0,Dallas-Fort Worth,Office,Value-Add,Dallas Office 08
PROP-008,Dallas Office 08,Dallas-Fort Worth,Office,Value-Add,2022-11,2022-11-01,2022,Q4,203648.0,0.929,352915.0,135576.0,201636.0,Dallas-Fort Worth,Office,Value-Add,Dallas Office 08
PROP-008,Dallas Office 08,Dallas-Fort Worth,Office,Value-Add,2022-12,2022-12-01,2022,Q4,202021.0,0.923,354174.0,135898.0,201636.0,Dallas-Fort Worth,Office,Value-Add,Dallas Office 08
PROP-008,Dallas Office 08,Dallas-Fort Worth,Office,Value-Add,2023-01,2023-01-01,2023,Q1,200318.0,0.905,347144.0,129941.0,201636.0,Dallas-Fort Worth,Office,Value-Add,Dallas Office 08
PROP-008,Dallas Office 08,Dallas-Fort Worth,Office,Value-Add,2023-02,2023-02-01,2023,Q1,213084.0,0.943,358004.0,137549.0,201636.0,Dallas-Fort Worth,Office,Value-Add,Dallas Office 08
PROP-008,Dallas Office 08,Dallas-Fort Worth,Office,Value-Add,2023-03,2023-03-01,2023,Q1,220309.0,0.951,355337.0,134874.0,201636.0,Dallas-Fort Worth,Office,Value-Add,Dallas Office 08
PROP-008,Dallas Office 08,Dallas-Fort Worth,Office,Value-Add,2023-04,2023-04-01,2023,Q2,227372.0,0.958,352625.0,132205.0,201636.0,Dallas-Fort Worth,Office,Value-Add,Dallas Office 08
PROP-008,Dallas Office 08,Dallas-Fort Worth,Office,Value-Add,2023-05,2023-05-01,2023,Q2,238177.0,0.986,359266.0,136597.0,201636.0,Dallas-Fort Worth,Office,Value-Add,Dallas Office 08
PROP-008,Dallas Office 08,Dallas-Fort Worth,Office,Value-Add,2023-06,2023-06-01,2023,Q2,242433.0,0.99,362057.0,138088.0,201636.0,Dallas-Fort Worth,Office,Value-Add,Dallas Office 08
PROP-008,Dallas Office 08,Dallas-Fort Worth,Office,Value-Add,2023-07,2023-07-01,2023,Q3,240239.0,0.985,362375.0,137696.0,201636.0,Dallas-Fort Worth,Office,Value-Add,Dallas Office 08
PROP-008,Dallas Office 08,Dallas-Fort Worth,Office,Value-Add,2023-08,2023-08-01,2023,Q3,234334.0,0.969,363421.0,137860.0,201636.0,Dallas-Fort Worth,Office,Value-Add,Dallas Office 08
PROP-008,Dallas Office 08,Dallas-Fort Worth,Office,Value-Add,2023-09,2023-09-01,2023,Q3,223694.0,0.939,360797.0,135259.0,201636.0,Dallas-Fort Worth,Office,Value-Add,Dallas Office 08
PROP-008,Dallas Office 08,Dallas-Fort Worth,Office,Value-Add,2023-10,2023-10-01,2023,Q4,217136.0,0.926,364811.0,137659.0,201636.0,Dallas-Fort Worth,Office,Value-Add,Dallas Office 08
PROP-008,Dallas Office 08,Dallas-Fort Worth,Office,Value-Add,2023-11,2023-11-01,2023,Q4,210596.0,0.909,364956.0,137148.0,201636.0,Dallas-Fort Worth,Office,Value-Add,Dallas Office 08
PROP-008,Dallas Office 08,Dallas-Fort Worth,Office,Value-Add,2023-12,2023-12-01,2023,Q4,210105.0,0.908,368346.0,139081.0,201636.0,Dallas-Fort Worth,Office,Value-Add,Dallas Office 08
PROP-008,Dallas Office 08,Dallas-Fort Worth,Office,Value-Add,2024-01,2024-01-01,2024,Q1,217327.0,0.93,376620.0,144751.0,201636.0,Dallas-Fort Worth,Office,Value-Add,Dallas Office 08
PROP-008,Dallas Office 08,Dallas-Fort Worth,Office,Value-Add,2024-02,2024-02-01,2024,Q1,222519.0,0.933,373857.0,142001.0,201636.0,Dallas-Fort Worth,Office,Value-Add,Dallas Office 08
PROP-008,Dallas Office 08,Dallas-Fort Worth,Office,Value-Add,2024-03,2024-03-01,2024,Q1,229636.0,0.939,370381.0,138756.0,201636.0,Dallas-Fort Worth,Office,Value-Add,Dallas Office 08
PROP-008,Dallas Office 08,Dallas-Fort Worth,Office,Value-Add,2024-04,2024-04-01,2024,Q2,244266.0,0.975,378825.0,144515.0,201636.0,Dallas-Fort Worth,Office,Value-Add,Dallas Office 08
PROP-008,Dallas Office 08,Dallas-Fort Worth,Office,Value-Add,2024-05,2024-05-01,2024,Q2,253526.0,0.99,382419.0,146624.0,201636.0,Dallas-Fort Worth,Office,Value-Add,Dallas Office 08
PROP-008,Dallas Office 08,Dallas-Fort Worth,Office,Value-Add,2024-06,2024-06-01,2024,Q2,256506.0,0.99,383073.0,146484.0,201636.0,Dallas-Fort Worth,Office,Value-Add,Dallas Office 08
PROP-008,Dallas Office 08,Dallas-Fort Worth,Office,Value-Add,2024-07,2024-07-01,2024,Q3,252035.0,0.979,380169.0,143644.0,201636.0,Dallas-Fort Worth,Office,Value-Add,Dallas Office 08
PROP-008,Dallas Office 08,Dallas-Fort Worth,Office,Value-Add,2024-08,2024-08-01,2024,Q3,243992.0,0.957,378400.0,141694.0,201636.0,Dallas-Fort Worth,Office,Value-Add,Dallas Office 08
PROP-008,Dallas Office 08,Dallas-Fort Worth,Office,Value-Add,2024-09,2024-09-01,2024,Q3,238452.0,0.949,384600.0,145745.0,201636.0,Dallas-Fort Worth,Office,Value-Add,Dallas Office 08
PROP-008,Dallas Office 08,Dallas-Fort Worth,Office,Value-Add,2024-10,2024-10-01,2024,Q4,228633.0,0.925,384128.0,144763.0,201636.0,Dallas-Fort Worth,Office,Value-Add,Dallas Office 08
PROP-008,Dallas Office 08,Dallas-Fort Worth,Office,Value-Add,2024-11,2024-11-01,2024,Q4,226763.0,0.928,392973.0,150859.0,201636.0,Dallas-Fort Worth,Office,Value-Add,Dallas Office 08
PROP-008,Dallas Office 08,Dallas-Fort Worth,Office,Value-Add,2024-12,2024-12-01,2024,Q4,220244.0,0.903,386122.0,145025.0,201636.0,Dallas-Fort Worth,Office,Value-Add,Dallas Office 08
PROP-009,Phoenix Industrial 09,Phoenix,Industrial,Value-Add,2022-01,2022-01-01,2022,Q1,125900.0,0.918,218180.0,84020.0,107671.0,Phoenix,Industrial,Value-Add,Phoenix Industrial 09
PROP-009,Phoenix Industrial 09,Phoenix,Industrial,Value-Add,2022-02,2022-02-01,2022,Q1,129354.0,0.923,217328.0,82951.0,107671.0,Phoenix,Industrial,Value-Add,Phoenix Industrial 09
PROP-009,Phoenix Industrial 09,Phoenix,Industrial,Value-Add,2022-03,2022-03-01,2022,Q1,133417.0,0.928,215188.0,80923.0,107671.0,Phoenix,Industrial,Value-Add,Phoenix Industrial 09
PROP-009,Phoenix Industrial 09,Phoenix,Industrial,Value-Add,2022-04,2022-04-01,2022,Q2,142732.0,0.969,221358.0,85208.0,107671.0,Phoenix,Industrial,Value-Add,Phoenix Industrial 09
PROP-009,Phoenix Industrial 09,Phoenix,Industrial,Value-Add,2022-05,2022-05-01,2022,Q2,144675.0,0.964,218227.0,82408.0,107671.0,Phoenix,Industrial,Value-Add,Phoenix Industrial 09
PROP-009,Phoenix Industrial 09,Phoenix,Industrial,Value-Add,2022-06,2022-06-01,2022,Q2,148675.0,0.982,222035.0,84893.0,107671.0,Phoenix,Industrial,Value-Add,Phoenix Industrial 09
PROP-009,Phoenix Industrial 09,Phoenix,Industrial,Value-Add,2022-07,2022-07-01,2022,Q3,146639.0,0.968,221189.0,83839.0,107671.0,Phoenix,Industrial,Value-Add,Phoenix Industrial 09
PROP-009,Phoenix Industrial 09,Phoenix,Industrial,Value-Add,2022-08,2022-08-01,2022,Q3,143604.0,0.956,222711.0,84586.0,107671.0,Phoenix,Industrial,Value-Add,Phoenix Industrial 09
PROP-009,Phoenix Industrial 09,Phoenix,Industrial,Value-Add,2022-09,2022-09-01,2022,Q3,138705.0,0.937,223718.0,84942.0,107671.0,Phoenix,Industrial,Value-Add,Phoenix Industrial 09
PROP-009,Phoenix Industrial 09,Phoenix,Industrial,Value-Add,2022-10,2022-10-01,2022,Q4,133735.0,0.918,224689.0,85271.0,107671.0,Phoenix,Industrial,Value-Add,Phoenix Industrial 09
PROP-009,Phoenix Industrial 09,Phoenix,Industrial,Value-Add,2022-11,2022-11-01,2022,Q4,129055.0,0.896,223647.0,84080.0,107671.0,Phoenix,Industrial,Value-Add,Phoenix Industrial 09
PROP-009,Phoenix Industrial 09,Phoenix,Industrial,Value-Add,2022-12,2022-12-01,2022,Q4,128355.0,0.892,225026.0,84716.0,107671.0,Phoenix,Industrial,Value-Add,Phoenix Industrial 09
PROP-009,Phoenix Industrial 09,Phoenix,Industrial,Value-Add,2023-01,2023-01-01,2023,Q1,132080.0,0.908,228891.0,87238.0,107671.0,Phoenix,Industrial,Value-Add,Phoenix Industrial 09
PROP-009,Phoenix Industrial 09,Phoenix,Industrial,Value-Add,2023-02,2023-02-01,2023,Q1,137480.0,0.926,230981.0,88421.0,107671.0,Phoenix,Industrial,Value-Add,Phoenix Industrial 09
PROP-009,Phoenix Industrial 09,Phoenix,Industrial,Value-Add,2023-03,2023-03-01,2023,Q1,141268.0,0.928,227851.0,85639.0,107671.0,Phoenix,Industrial,Value-Add,Phoenix Industrial 09
PROP-009,Phoenix Industrial 09,Phoenix,Industrial,Value-Add,2023-04,2023-04-01,2023,Q2,147306.0,0.944,228453.0,85692.0,107671.0,Phoenix,Industrial,Value-Add,Phoenix Industrial 09
PROP-009,Phoenix Industrial 09,Phoenix,Industrial,Value-Add,2023-05,2023-05-01,2023,Q2,155409.0,0.978,234418.0,89808.0,107671.0,Phoenix,Industrial,Value-Add,Phoenix Industrial 09
PROP-009,Phoenix Industrial 09,Phoenix,Industrial,Value-Add,2023-06,2023-06-01,2023,Q2,158077.0,0.986,236076.0,90663.0,107671.0,Phoenix,Industrial,Value-Add,Phoenix Industrial 09
PROP-009,Phoenix Industrial 09,Phoenix,Industrial,Value-Add,2023-07,2023-07-01,2023,Q3,154828.0,0.966,233542.0,88320.0,107671.0,Phoenix,Industrial,Value-Add,Phoenix Industrial 09
PROP-009,Phoenix Industrial 09,Phoenix,Industrial,Value-Add,2023-08,2023-08-01,2023,Q3,153321.0,0.965,237780.0,91136.0,107671.0,Phoenix,Industrial,Value-Add,Phoenix Industrial 09
PROP-009,Phoenix Industrial 09,Phoenix,Industrial,Value-Add,2023-09,2023-09-01,2023,Q3,145804.0,0.931,235168.0,88740.0,107671.0,Phoenix,Industrial,Value-Add,Phoenix Industrial 09
PROP-009,Phoenix Industrial 09,Phoenix,Industrial,Value-Add,2023-10,2023-10-01,2023,Q4,139484.0,0.906,234348.0,87723.0,107671.0,Phoenix,Industrial,Value-Add,Phoenix Industrial 09
PROP-009,Phoenix Industrial 09,Phoenix,Industrial,Value-Add,2023-11,2023-11-01,2023,Q4,138834.0,0.912,240596.0,92046.0,107671.0,Phoenix,Industrial,Value-Add,Phoenix Industrial 09
PROP-009,Phoenix Industrial 09,Phoenix,Industrial,Value-Add,2023-12,2023-12-01,2023,Q4,138312.0,0.91,242482.0,93076.0,107671.0,Phoenix,Industrial,Value-Add,Phoenix Industrial 09
PROP-009,Phoenix Industrial 09,Phoenix,Industrial,Value-Add,2024-01,2024-01-01,2024,Q1,139475.0,0.908,241706.0,92069.0,107671.0,Phoenix,Industrial,Value-Add,Phoenix Industrial 09
PROP-009,Phoenix Industrial 09,Phoenix,Industrial,Value-Add,2024-02,2024-02-01,2024,Q1,144852.0,0.924,243366.0,92923.0,107671.0,Phoenix,Industrial,Value-Add,Phoenix Industrial 09
PROP-009,Phoenix Industrial 09,Phoenix,Industrial,Value-Add,2024-03,2024-03-01,2024,Q1,152487.0,0.948,245947.0,94484.0,107671.0,Phoenix,Industrial,Value-Add,Phoenix Industrial 09
PROP-009,Phoenix Industrial 09,Phoenix,Industrial,Value-Add,2024-04,2024-04-01,2024,Q2,157309.0,0.955,243965.0,92558.0,107671.0,Phoenix,Industrial,Value-Add,Phoenix Industrial 09
PROP-009,Phoenix Industrial 09,Phoenix,Industrial,Value-Add,2024-05,2024-05-01,2024,Q2,162635.0,0.97,245318.0,93177.0,107671.0,Phoenix,Industrial,Value-Add,Phoenix Industrial 09
PROP-009,Phoenix Industrial 09,Phoenix,Industrial,Value-Add,2024-06,2024-06-01,2024,Q2,164233.0,0.971,245271.0,92734.0,107671.0,Phoenix,Industrial,Value-Add,Phoenix Industrial 09
PROP-009,Phoenix Industrial 09,Phoenix,Industrial,Value-Add,2024-07,2024-07-01,2024,Q3,165433.0,0.978,249539.0,95573.0,107671.0,Phoenix,Industrial,Value-Add,Phoenix Industrial 09
PROP-009,Phoenix Industrial 09,Phoenix,Industrial,Value-Add,2024-08,2024-08-01,2024,Q3,159747.0,0.953,247747.0,93797.0,107671.0,Phoenix,Industrial,Value-Add,Phoenix Industrial 09
PROP-009,Phoenix Industrial 09,Phoenix,Industrial,Value-Add,2024-09,2024-09-01,2024,Q3,156849.0,0.95,252983.0,97382.0,107671.0,Phoenix,Industrial,Value-Add,Phoenix Industrial 09
PROP-009,Phoenix Industrial 09,Phoenix,Industrial,Value-Add,2024-10,2024-10-01,2024,Q4,150941.0,0.929,253597.0,97435.0,107671.0,Phoenix,Industrial,Value-Add,Phoenix Industrial 09
PROP-009,Phoenix Industrial 09,Phoenix,Industrial,Value-Add,2024-11,2024-11-01,2024,Q4,147450.0,0.919,255526.0,98500.0,107671.0,Phoenix,Industrial,Value-Add,Phoenix Industrial 09
PROP-009,Phoenix Industrial 09,Phoenix,Industrial,Value-Add,2024-12,2024-12-01,2024,Q4,143163.0,0.893,250987.0,94628.0,107671.0,Phoenix,Industrial,Value-Add,Phoenix Industrial 09
PROP-010,Austin Industrial 10,Austin,Industrial,Value-Add,2022-01,2022-01-01,2022,Q1,325902.0,0.907,564778.0,213862.0,265038.0,Austin,Industrial,Value-Add,Austin Industrial 10
PROP-010,Austin Industrial 10,Austin,Industrial,Value-Add,2022-02,2022-02-01,2022,Q1,342648.0,0.934,575685.0,221097.0,265038.0,Austin,Industrial,Value-Add,Austin Industrial 10
PROP-010,Austin Industrial 10,Austin,Industrial,Value-Add,2022-03,2022-03-01,2022,Q1,353960.0,0.94,570903.0,216362.0,265038.0,Austin,Industrial,Value-Add,Austin Industrial 10
PROP-010,Austin Industrial 10,Austin,Industrial,Value-Add,2022-04,2022-04-01,2022,Q2,368910.0,0.957,572131.0,216224.0,265038.0,Austin,Industrial,Value-Add,Austin Industrial 10
PROP-010,Austin Industrial 10,Austin,Industrial,Value-Add,2022-05,2022-05-01,2022,Q2,382945.0,0.975,577634.0,219323.0,265038.0,Austin,Industrial,Value-Add,Austin Industrial 10
PROP-010,Austin Industrial 10,Austin,Industrial,Value-Add,2022-06,2022-06-01,2022,Q2,393820.0,0.99,588142.0,226266.0,265038.0,Austin,Industrial,Value-Add,Austin Industrial 10
PROP-010,Austin Industrial 10,Austin,Industrial,Value-Add,2022-07,2022-07-01,2022,Q3,385635.0,0.972,581691.0,220255.0,265038.0,Austin,Industrial,Value-Add,Austin Industrial 10
PROP-010,Austin Industrial 10,Austin,Industrial,Value-Add,2022-08,2022-08-01,2022,Q3,383785.0,0.976,595200.0,229490.0,265038.0,Austin,Industrial,Value-Add,Austin Industrial 10
PROP-010,Austin Industrial 10,Austin,Industrial,Value-Add,2022-09,2022-09-01,2022,Q3,368657.0,0.951,594609.0,227933.0,265038.0,Austin,Industrial,Value-Add,Austin Industrial 10
PROP-010,Austin Industrial 10,Austin,Industrial,Value-Add,2022-10,2022-10-01,2022,Q4,354128.0,0.928,594973.0,227121.0,265038.0,Austin,Industrial,Value-Add,Austin Industrial 10
PROP-010,Austin Industrial 10,Austin,Industrial,Value-Add,2022-11,2022-11-01,2022,Q4,339819.0,0.901,588895.0,221445.0,265038.0,Austin,Industrial,Value-Add,Austin Industrial 10
PROP-010,Austin Industrial 10,Austin,Industrial,Value-Add,2022-12,2022-12-01,2022,Q4,345821.0,0.918,606278.0,233598.0,265038.0,Austin,Industrial,Value-Add,Austin Industrial 10
PROP-010,Austin Industrial 10,Austin,Industrial,Value-Add,2023-01,2023-01-01,2023,Q1,342786.0,0.9,594037.0,223203.0,265038.0,Austin,Industrial,Value-Add,Austin Industrial 10
PROP-010,Austin Industrial 10,Austin,Industrial,Value-Add,2023-02,2023-02-01,2023,Q1,364283.0,0.937,612034.0,235820.0,265038.0,Austin,Industrial,Value-Add,Austin Industrial 10
PROP-010,Austin Industrial 10,Austin,Industrial,Value-Add,2023-03,2023-03-01,2023,Q1,374099.0,0.938,603385.0,228131.0,265038.0,Austin,Industrial,Value-Add,Austin Industrial 10
PROP-010,Austin Industrial 10,Austin,Industrial,Value-Add,2023-04,2023-04-01,2023,Q2,388151.0,0.95,601971.0,226006.0,265038.0,Austin,Industrial,Value-Add,Austin Industrial 10
PROP-010,Austin Industrial 10,Austin,Industrial,Value-Add,2023-05,2023-05-01,2023,Q2,410001.0,0.986,618445.0,237442.0,265038.0,Austin,Industrial,Value-Add,Austin Industrial 10
PROP-010,Austin Industrial 10,Austin,Industrial,Value-Add,2023-06,2023-06-01,2023,Q2,406821.0,0.969,607558.0,228100.0,265038.0,Austin,Industrial,Value-Add,Austin Industrial 10
PROP-010,Austin Industrial 10,Austin,Industrial,Value-Add,2023-07,2023-07-01,2023,Q3,414601.0,0.988,625384.0,240572.0,265038.0,Austin,Industrial,Value-Add,Austin Industrial 10
PROP-010,Austin Industrial 10,Austin,Industrial,Value-Add,2023-08,2023-08-01,2023,Q3,394351.0,0.948,611587.0,229024.0,265038.0,Austin,Industrial,Value-Add,Austin Industrial 10
PROP-010,Austin Industrial 10,Austin,Industrial,Value-Add,2023-09,2023-09-01,2023,Q3,382409.0,0.933,616789.0,231878.0,265038.0,Austin,Industrial,Value-Add,Austin Industrial 10
PROP-010,Austin Industrial 10,Austin,Industrial,Value-Add,2023-10,2023-10-01,2023,Q4,376909.0,0.934,633247.0,243312.0,265038.0,Austin,Industrial,Value-Add,Austin Industrial 10
PROP-010,Austin Industrial 10,Austin,Industrial,Value-Add,2023-11,2023-11-01,2023,Q4,368144.0,0.923,637982.0,245851.0,265038.0,Austin,Industrial,Value-Add,Austin Industrial 10
PROP-010,Austin Industrial 10,Austin,Industrial,Value-Add,2023-12,2023-12-01,2023,Q4,355864.0,0.894,623885.0,234052.0,265038.0,Austin,Industrial,Value-Add,Austin Industrial 10
PROP-010,Austin Industrial 10,Austin,Industrial,Value-Add,2024-01,2024-01-01,2024,Q1,369390.0,0.918,640141.0,245308.0,265038.0,Austin,Industrial,Value-Add,Austin Industrial 10
PROP-010,Austin Industrial 10,Austin,Industrial,Value-Add,2024-02,2024-02-01,2024,Q1,376832.0,0.918,633119.0,238889.0,265038.0,Austin,Industrial,Value-Add,Austin Industrial 10
PROP-010,Austin Industrial 10,Austin,Industrial,Value-Add,2024-03,2024-03-01,2024,Q1,398546.0,0.946,642816.0,245173.0,265038.0,Austin,Industrial,Value-Add,Austin Industrial 10
PROP-010,Austin Industrial 10,Austin,Industrial,Value-Add,2024-04,2024-04-01,2024,Q2,413512.0,0.959,641303.0,242946.0,265038.0,Austin,Industrial,Value-Add,Austin Industrial 10
PROP-010,Austin Industrial 10,Austin,Industrial,Value-Add,2024-05,2024-05-01,2024,Q2,422952.0,0.963,637980.0,239380.0,265038.0,Austin,Industrial,Value-Add,Austin Industrial 10
PROP-010,Austin Industrial 10,Austin,Industrial,Value-Add,2024-06,2024-06-01,2024,Q2,432301.0,0.976,645611.0,244070.0,265038.0,Austin,Industrial,Value-Add,Austin Industrial 10
PROP-010,Austin Industrial 10,Austin,Industrial,Value-Add,2024-07,2024-07-01,2024,Q3,434363.0,0.981,655192.0,250275.0,265038.0,Austin,Industrial,Value-Add,Austin Industrial 10
PROP-010,Austin Industrial 10,Austin,Industrial,Value-Add,2024-08,2024-08-01,2024,Q3,422523.0,0.963,655277.0,249256.0,265038.0,Austin,Industrial,Value-Add,Austin Industrial 10
PROP-010,Austin Industrial 10,Austin,Industrial,Value-Add,2024-09,2024-09-01,2024,Q3,413173.0,0.956,666408.0,256685.0,265038.0,Austin,Industrial,Value-Add,Austin Industrial 10
PROP-010,Austin Industrial 10,Austin,Industrial,Value-Add,2024-10,2024-10-01,2024,Q4,394496.0,0.928,662796.0,252821.0,265038.0,Austin,Industrial,Value-Add,Austin Industrial 10
PROP-010,Austin Industrial 10,Austin,Industrial,Value-Add,2024-11,2024-11-01,2024,Q4,387097.0,0.921,670826.0,257877.0,265038.0,Austin,Industrial,Value-Add,Austin Industrial 10
PROP-010,Austin Industrial 10,Austin,Industrial,Value-Add,2024-12,2024-12-01,2024,Q4,379722.0,0.905,665711.0,252879.0,265038.0,Austin,Industrial,Value-Add,Austin Industrial 10
PROP-011,Dallas Retail 11,Dallas-Fort Worth,Retail,Development,2022-01,2022-01-01,2022,Q1,360773.0,0.852,625208.0,237871.0,352914.0,Dallas-Fort Worth,Retail,Development,Dallas Retail 11
PROP-011,Dallas Retail 11,Dallas-Fort Worth,Retail,Development,2022-02,2022-02-01,2022,Q1,374841.0,0.866,629773.0,240157.0,352914.0,Dallas-Fort Worth,Retail,Development,Dallas Retail 11
PROP-011,Dallas Retail 11,Dallas-Fort Worth,Retail,Development,2022-03,2022-03-01,2022,Q1,387913.0,0.874,625666.0,235861.0,352914.0,Dallas-Fort Worth,Retail,Development,Dallas Retail 11
PROP-011,Dallas Retail 11,Dallas-Fort Worth,Retail,Development,2022-04,2022-04-01,2022,Q2,410939.0,0.904,637312.0,243518.0,352914.0,Dallas-Fort Worth,Retail,Development,Dallas Retail 11
PROP-011,Dallas Retail 11,Dallas-Fort Worth,Retail,Development,2022-05,2022-05-01,2022,Q2,419561.0,0.906,632866.0,238955.0,352914.0,Dallas-Fort Worth,Retail,Development,Dallas Retail 11
PROP-011,Dallas Retail 11,Dallas-Fort Worth,Retail,Development,2022-06,2022-06-01,2022,Q2,425074.0,0.909,634818.0,239259.0,352914.0,Dallas-Fort Worth,Retail,Development,Dallas Retail 11
PROP-011,Dallas Retail 11,Dallas-Fort Worth,Retail,Development,2022-07,2022-07-01,2022,Q3,421155.0,0.9,635269.0,238436.0,352914.0,Dallas-Fort Worth,Retail,Development,Dallas Retail 11
PROP-011,Dallas Retail 11,Dallas-Fort Worth,Retail,Development,2022-08,2022-08-01,2022,Q3,422711.0,0.912,655569.0,252691.0,352914.0,Dallas-Fort Worth,Retail,Development,Dallas Retail 11
PROP-011,Dallas Retail 11,Dallas-Fort Worth,Retail,Development,2022-09,2022-09-01,2022,Q3,405784.0,0.888,654490.0,250649.0,352914.0,Dallas-Fort Worth,Retail,Development,Dallas Retail 11
PROP-011,Dallas Retail 11,Dallas-Fort Worth,Retail,Development,2022-10,2022-10-01,2022,Q4,390767.0,0.869,656531.0,251008.0,352914.0,Dallas-Fort Worth,Retail,Development,Dallas Retail 11
PROP-011,Dallas Retail 11,Dallas-Fort Worth,Retail,Development,2022-11,2022-11-01,2022,Q4,373812.0,0.84,647804.0,243215.0,352914.0,Dallas-Fort Worth,Retail,Development,Dallas Retail 11
PROP-011,Dallas Retail 11,Dallas-Fort Worth,Retail,Development,2022-12,2022-12-01,2022,Q4,372009.0,0.837,652190.0,245352.0,352914.0,Dallas-Fort Worth,Retail,Development,Dallas Retail 11
PROP-011,Dallas Retail 11,Dallas-Fort Worth,Retail,Development,2023-01,2023-01-01,2023,Q1,379652.0,0.845,657924.0,248507.0,352914.0,Dallas-Fort Worth,Retail,Development,Dallas Retail 11
PROP-011,Dallas Retail 11,Dallas-Fort Worth,Retail,Development,2023-02,2023-02-01,2023,Q1,390231.0,0.851,655630.0,245619.0,352914.0,Dallas-Fort Worth,Retail,Development,Dallas Retail 11
PROP-011,Dallas Retail 11,Dallas-Fort Worth,Retail,Development,2023-03,2023-03-01,2023,Q1,412071.0,0.876,664630.0,251229.0,352914.0,Dallas-Fort Worth,Retail,Development,Dallas Retail 11
PROP-011,Dallas Retail 11,Dallas-Fort Worth,Retail,Development,2023-04,2023-04-01,2023,Q2,427073.0,0.887,662334.0,248335.0,352914.0,Dallas-Fort Worth,Retail,Development,Dallas Retail 11
PROP-011,Dallas Retail 11,Dallas-Fort Worth,Retail,Development,2023-05,2023-05-01,2023,Q2,445195.0,0.908,671531.0,254098.0,352914.0,Dallas-Fort Worth,Retail,Development,Dallas Retail 11
PROP-011,Dallas Retail 11,Dallas-Fort Worth,Retail,Development,2023-06,2023-06-01,2023,Q2,452722.0,0.914,676108.0,256387.0,352914.0,Dallas-Fort Worth,Retail,Development,Dallas Retail 11
PROP-011,Dallas Retail 11,Dallas-Fort Worth,Retail,Development,2023-07,2023-07-01,2023,Q3,447770.0,0.905,675416.0,254688.0,352914.0,Dallas-Fort Worth,Retail,Development,Dallas Retail 11
PROP-011,Dallas Retail 11,Dallas-Fort Worth,Retail,Development,2023-08,2023-08-01,2023,Q3,439726.0,0.896,681957.0,258460.0,352914.0,Dallas-Fort Worth,Retail,Development,Dallas Retail 11
PROP-011,Dallas Retail 11,Dallas-Fort Worth,Retail,Development,2023-09,2023-09-01,2023,Q3,428191.0,0.886,690630.0,263871.0,352914.0,Dallas-Fort Worth,Retail,Development,Dallas Retail 11
PROP-011,Dallas Retail 11,Dallas-Fort Worth,Retail,Development,2023-10,2023-10-01,2023,Q4,406750.0,0.855,683383.0,257193.0,352914.0,Dallas-Fort Worth,Retail,Development,Dallas Retail 11
PROP-011,Dallas Retail 11,Dallas-Fort Worth,Retail,Development,2023-11,2023-11-01,2023,Q4,396067.0,0.842,686371.0,258279.0,352914.0,Dallas-Fort Worth,Retail,Development,Dallas Retail 11
PROP-011,Dallas Retail 11,Dallas-Fort Worth,Retail,Development,2023-12,2023-12-01,2023,Q4,398446.0,0.849,698537.0,266316.0,352914.0,Dallas-Fort Worth,Retail,Development,Dallas Retail 11
PROP-011,Dallas Retail 11,Dallas-Fort Worth,Retail,Development,2024-01,2024-01-01,2024,Q1,402147.0,0.847,696908.0,263892.0,352914.0,Dallas-Fort Worth,Retail,Development,Dallas Retail 11
PROP-011,Dallas Retail 11,Dallas-Fort Worth,Retail,Development,2024-02,2024-02-01,2024,Q1,420422.0,0.868,706354.0,269889.0,352914.0,Dallas-Fort Worth,Retail,Development,Dallas Retail 11
PROP-011,Dallas Retail 11,Dallas-Fort Worth,Retail,Development,2024-03,2024-03-01,2024,Q1,437452.0,0.881,705567.0,268097.0,352914.0,Dallas-Fort Worth,Retail,Development,Dallas Retail 11
PROP-011,Dallas Retail 11,Dallas-Fort Worth,Retail,Development,2024-04,2024-04-01,2024,Q2,458135.0,0.901,710507.0,270666.0,352914.0,Dallas-Fort Worth,Retail,Development,Dallas Retail 11
PROP-011,Dallas Retail 11,Dallas-Fort Worth,Retail,Development,2024-05,2024-05-01,2024,Q2,468140.0,0.904,706142.0,266178.0,352914.0,Dallas-Fort Worth,Retail,Development,Dallas Retail 11
PROP-011,Dallas Retail 11,Dallas-Fort Worth,Retail,Development,2024-06,2024-06-01,2024,Q2,480734.0,0.92,717941.0,273946.0,352914.0,Dallas-Fort Worth,Retail,Development,Dallas Retail 11
PROP-011,Dallas Retail 11,Dallas-Fort Worth,Retail,Development,2024-07,2024-07-01,2024,Q3,475494.0,0.91,717235.0,272219.0,352914.0,Dallas-Fort Worth,Retail,Development,Dallas Retail 11
PROP-011,Dallas Retail 11,Dallas-Fort Worth,Retail,Development,2024-08,2024-08-01,2024,Q3,467375.0,0.903,724838.0,276817.0,352914.0,Dallas-Fort Worth,Retail,Development,Dallas Retail 11
PROP-011,Dallas Retail 11,Dallas-Fort Worth,Retail,Development,2024-09,2024-09-01,2024,Q3,454471.0,0.892,733018.0,281880.0,352914.0,Dallas-Fort Worth,Retail,Development,Dallas Retail 11
PROP-011,Dallas Retail 11,Dallas-Fort Worth,Retail,Development,2024-10,2024-10-01,2024,Q4,432540.0,0.862,726714.0,275863.0,352914.0,Dallas-Fort Worth,Retail,Development,Dallas Retail 11
PROP-011,Dallas Retail 11,Dallas-Fort Worth,Retail,Development,2024-11,2024-11-01,2024,Q4,418900.0,0.845,725940.0,274100.0,352914.0,Dallas-Fort Worth,Retail,Development,Dallas Retail 11
PROP-011,Dallas Retail 11,Dallas-Fort Worth,Retail,Development,2024-12,2024-12-01,2024,Q4,419097.0,0.847,734742.0,279592.0,352914.0,Dallas-Fort Worth,Retail,Development,Dallas Retail 11
PROP-012,Houston Office 12,Houston,Office,Development,2022-01,2022-01-01,2022,Q1,231154.0,0.923,400583.0,150276.0,224868.0,Houston,Office,Development,Houston Office 12
PROP-012,Houston Office 12,Houston,Office,Development,2022-02,2022-02-01,2022,Q1,245964.0,0.961,413246.0,159131.0,224868.0,Houston,Office,Development,Houston Office 12
PROP-012,Houston Office 12,Houston,Office,Development,2022-03,2022-03-01,2022,Q1,257810.0,0.982,415823.0,160324.0,224868.0,Houston,Office,Development,Houston Office 12
PROP-012,Houston Office 12,Houston,Office,Development,2022-04,2022-04-01,2022,Q2,263965.0,0.981,409375.0,154625.0,224868.0,Houston,Office,Development,Houston Office 12
PROP-012,Houston Office 12,Houston,Office,Development,2022-05,2022-05-01,2022,Q2,278191.0,0.99,419622.0,161667.0,224868.0,Houston,Office,Development,Houston Office 12
PROP-012,Houston Office 12,Houston,Office,Development,2022-06,2022-06-01,2022,Q2,280086.0,0.99,418289.0,159857.0,224868.0,Houston,Office,Development,Houston Office 12
PROP-012,Houston Office 12,Houston,Office,Development,2022-07,2022-07-01,2022,Q3,276719.0,0.99,417402.0,158407.0,224868.0,Houston,Office,Development,Houston Office 12
PROP-012,Houston Office 12,Houston,Office,Development,2022-08,2022-08-01,2022,Q3,269190.0,0.981,417479.0,157700.0,224868.0,Houston,Office,Development,Houston Office 12
PROP-012,Houston Office 12,Houston,Office,Development,2022-09,2022-09-01,2022,Q3,265560.0,0.983,428323.0,165201.0,224868.0,Houston,Office,Development,Houston Office 12
PROP-012,Houston Office 12,Houston,Office,Development,2022-10,2022-10-01,2022,Q4,255058.0,0.959,428524.0,164565.0,224868.0,Houston,Office,Development,Houston Office 12
PROP-012,Houston Office 12,Houston,Office,Development,2022-11,2022-11-01,2022,Q4,242954.0,0.923,421031.0,158104.0,224868.0,Houston,Office,Development,Houston Office 12
PROP-012,Houston Office 12,Houston,Office,Development,2022-12,2022-12-01,2022,Q4,243312.0,0.926,426564.0,161517.0,224868.0,Houston,Office,Development,Houston Office 12
PROP-012,Houston Office 12,Houston,Office,Development,2023-01,2023-01-01,2023,Q1,247146.0,0.931,428296.0,162064.0,224868.0,Houston,Office,Development,Houston Office 12
PROP-012,Houston Office 12,Houston,Office,Development,2023-02,2023-02-01,2023,Q1,255638.0,0.943,429499.0,162210.0,224868.0,Houston,Office,Development,Houston Office 12
PROP-012,Houston Office 12,Houston,Office,Development,2023-03,2023-03-01,2023,Q1,270797.0,0.974,436770.0,166965.0,224868.0,Houston,Office,Development,Houston Office 12
PROP-012,Houston Office 12,Houston,Office,Development,2023-04,2023-04-01,2023,Q2,277230.0,0.973,429947.0,161037.0,224868.0,Houston,Office,Development,Houston Office 12
PROP-012,Houston Office 12,Houston,Office,Development,2023-05,2023-05-01,2023,Q2,293404.0,0.99,442571.0,169842.0,224868.0,Houston,Office,Development,Houston Office 12
PROP-012,Houston Office 12,Houston,Office,Development,2023-06,2023-06-01,2023,Q2,293877.0,0.99,438884.0,166255.0,224868.0,Houston,Office,Development,Houston Office 12
PROP-012,Houston Office 12,Houston,Office,Development,2023-07,2023-07-01,2023,Q3,288891.0,0.987,435762.0,163146.0,224868.0,Houston,Office,Development,Houston Office 12
PROP-012,Houston Office 12,Houston,Office,Development,2023-08,2023-08-01,2023,Q3,289634.0,0.99,449184.0,172559.0,224868.0,Houston,Office,Development,Houston Office 12
PROP-012,Houston Office 12,Houston,Office,Development,2023-09,2023-09-01,2023,Q3,279046.0,0.976,450074.0,172456.0,224868.0,Houston,Office,Development,Houston Office 12
PROP-012,Houston Office 12,Houston,Office,Development,2023-10,2023-10-01,2023,Q4,270665.0,0.962,454746.0,175259.0,224868.0,Houston,Office,Development,Houston Office 12
PROP-012,Houston Office 12,Houston,Office,Development,2023-11,2023-11-01,2023,Q4,263105.0,0.946,455953.0,175396.0,224868.0,Houston,Office,Development,Houston Office 12
PROP-012,Houston Office 12,Houston,Office,Development,2023-12,2023-12-01,2023,Q4,259966.0,0.936,455761.0,174463.0,224868.0,Houston,Office,Development,Houston Office 12
PROP-012,Houston Office 12,Houston,Office,Development,2024-01,2024-01-01,2024,Q1,264864.0,0.944,459000.0,176162.0,224868.0,Houston,Office,Development,Houston Office 12
PROP-012,Houston Office 12,Houston,Office,Development,2024-02,2024-02-01,2024,Q1,274988.0,0.96,462009.0,177686.0,224868.0,Houston,Office,Development,Houston Office 12
PROP-012,Houston Office 12,Houston,Office,Development,2024-03,2024-03-01,2024,Q1,286634.0,0.976,462313.0,177132.0,224868.0,Houston,Office,Development,Houston Office 12
PROP-012,Houston Office 12,Houston,Office,Development,2024-04,2024-04-01,2024,Q2,294558.0,0.979,456820.0,172186.0,224868.0,Houston,Office,Development,Houston Office 12
PROP-012,Houston Office 12,Houston,Office,Development,2024-05,2024-05-01,2024,Q2,309446.0,0.99,466768.0,178978.0,224868.0,Houston,Office,Development,Houston Office 12
PROP-012,Houston Office 12,Houston,Office,Development,2024-06,2024-06-01,2024,Q2,308478.0,0.99,460690.0,173586.0,224868.0,Houston,Office,Development,Houston Office 12
PROP-012,Houston Office 12,Houston,Office,Development,2024-07,2024-07-01,2024,Q3,306482.0,0.99,462298.0,174040.0,224868.0,Houston,Office,Development,Houston Office 12
PROP-012,Houston Office 12,Houston,Office,Development,2024-08,2024-08-01,2024,Q3,299934.0,0.98,465158.0,175438.0,224868.0,Houston,Office,Development,Houston Office 12
PROP-012,Houston Office 12,Houston,Office,Development,2024-09,2024-09-01,2024,Q3,294067.0,0.975,474302.0,181617.0,224868.0,Houston,Office,Development,Houston Office 12
PROP-012,Houston Office 12,Houston,Office,Development,2024-10,2024-10-01,2024,Q4,283622.0,0.956,476515.0,182529.0,224868.0,Houston,Office,Development,Houston Office 12
PROP-012,Houston Office 12,Houston,Office,Development,2024-11,2024-11-01,2024,Q4,275439.0,0.94,477327.0,182368.0,224868.0,Houston,Office,Development,Houston Office 12
PROP-012,Houston Office 12,Houston,Office,Development,2024-12,2024-12-01,2024,Q4,268992.0,0.919,471584.0,177249.0,224868.0,Houston,Office,Development,Houston Office 12
PROP-013,Denver Multifamily 13,Denver,Multifamily,Development,2022-01,2022-01-01,2022,Q1,264383.0,0.875,458167.0,171999.0,188476.0,Denver,Multifamily,Development,Denver Multifamily 13
PROP-013,Denver Multifamily 13,Denver,Multifamily,Development,2022-02,2022-02-01,2022,Q1,278478.0,0.902,467873.0,178472.0,188476.0,Denver,Multifamily,Development,Denver Multifamily 13
PROP-013,Denver Multifamily 13,Denver,Multifamily,Development,2022-03,2022-03-01,2022,Q1,286401.0,0.904,461937.0,173111.0,188476.0,Denver,Multifamily,Development,Denver Multifamily 13
PROP-013,Denver Multifamily 13,Denver,Multifamily,Development,2022-04,2022-04-01,2022,Q2,306154.0,0.943,474804.0,181988.0,188476.0,Denver,Multifamily,Development,Denver Multifamily 13
PROP-013,Denver Multifamily 13,Denver,Multifamily,Development,2022-05,2022-05-01,2022,Q2,309219.0,0.935,466425.0,174760.0,188476.0,Denver,Multifamily,Development,Denver Multifamily 13
PROP-013,Denver Multifamily 13,Denver,Multifamily,Development,2022-06,2022-06-01,2022,Q2,317015.0,0.95,473439.0,179177.0,188476.0,Denver,Multifamily,Development,Denver Multifamily 13
PROP-013,Denver Multifamily 13,Denver,Multifamily,Development,2022-07,2022-07-01,2022,Q3,313182.0,0.938,472403.0,177528.0,188476.0,Denver,Multifamily,Development,Denver Multifamily 13
PROP-013,Denver Multifamily 13,Denver,Multifamily,Development,2022-08,2022-08-01,2022,Q3,313310.0,0.947,485903.0,186912.0,188476.0,Denver,Multifamily,Development,Denver Multifamily 13
PROP-013,Denver Multifamily 13,Denver,Multifamily,Development,2022-09,2022-09-01,2022,Q3,297486.0,0.912,479815.0,181382.0,188476.0,Denver,Multifamily,Development,Denver Multifamily 13
PROP-013,Denver Multifamily 13,Denver,Multifamily,Development,2022-10,2022-10-01,2022,Q4,287727.0,0.896,483413.0,183231.0,188476.0,Denver,Multifamily,Development,Denver Multifamily 13
PROP-013,Denver Multifamily 13,Denver,Multifamily,Development,2022-11,2022-11-01,2022,Q4,278476.0,0.877,482589.0,181738.0,188476.0,Denver,Multifamily,Development,Denver Multifamily 13
PROP-013,Denver Multifamily 13,Denver,Multifamily,Development,2022-12,2022-12-01,2022,Q4,281484.0,0.888,493485.0,189136.0,188476.0,Denver,Multifamily,Development,Denver Multifamily 13
PROP-013,Denver Multifamily 13,Denver,Multifamily,Development,2023-01,2023-01-01,2023,Q1,286878.0,0.895,497150.0,191051.0,188476.0,Denver,Multifamily,Development,Denver Multifamily 13
PROP-013,Denver Multifamily 13,Denver,Multifamily,Development,2023-02,2023-02-01,2023,Q1,292796.0,0.895,491929.0,186181.0,188476.0,Denver,Multifamily,Development,Denver Multifamily 13
PROP-013,Denver Multifamily 13,Denver,Multifamily,Development,2023-03,2023-03-01,2023,Q1,307683.0,0.917,496263.0,188590.0,188476.0,Denver,Multifamily,Development,Denver Multifamily 13
PROP-013,Denver Multifamily 13,Denver,Multifamily,Development,2023-04,2023-04-01,2023,Q2,319274.0,0.929,495153.0,186874.0,188476.0,Denver,Multifamily,Development,Denver Multifamily 13
PROP-013,Denver Multifamily 13,Denver,Multifamily,Development,2023-05,2023-05-01,2023,Q2,328715.0,0.939,495833.0,186520.0,188476.0,Denver,Multifamily,Development,Denver Multifamily 13
PROP-013,Denver Multifamily 13,Denver,Multifamily,Development,2023-06,2023-06-01,2023,Q2,341123.0,0.966,509443.0,195993.0,188476.0,Denver,Multifamily,Development,Denver Multifamily 13
PROP-013,Denver Multifamily 13,Denver,Multifamily,Development,2023-07,2023-07-01,2023,Q3,339597.0,0.961,512248.0,197248.0,188476.0,Denver,Multifamily,Development,Denver Multifamily 13
PROP-013,Denver Multifamily 13,Denver,Multifamily,Development,2023-08,2023-08-01,2023,Q3,332040.0,0.948,514951.0,198425.0,188476.0,Denver,Multifamily,Development,Denver Multifamily 13
PROP-013,Denver Multifamily 13,Denver,Multifamily,Development,2023-09,2023-09-01,2023,Q3,314349.0,0.911,507014.0,191481.0,188476.0,Denver,Multifamily,Development,Denver Multifamily 13
PROP-013,Denver Multifamily 13,Denver,Multifamily,Development,2023-10,2023-10-01,2023,Q4,308410.0,0.909,518162.0,199090.0,188476.0,Denver,Multifamily,Development,Denver Multifamily 13
PROP-013,Denver Multifamily 13,Denver,Multifamily,Development,2023-11,2023-11-01,2023,Q4,299766.0,0.893,519485.0,199206.0,188476.0,Denver,Multifamily,Development,Denver Multifamily 13
PROP-013,Denver Multifamily 13,Denver,Multifamily,Development,2023-12,2023-12-01,2023,Q4,294677.0,0.879,516614.0,196127.0,188476.0,Denver,Multifamily,Development,Denver Multifamily 13
PROP-013,Denver Multifamily 13,Denver,Multifamily,Development,2024-01,2024-01-01,2024,Q1,295913.0,0.874,512807.0,192384.0,188476.0,Denver,Multifamily,Development,Denver Multifamily 13
PROP-013,Denver Multifamily 13,Denver,Multifamily,Development,2024-02,2024-02-01,2024,Q1,312909.0,0.906,525721.0,201297.0,188476.0,Denver,Multifamily,Development,Denver Multifamily 13
PROP-013,Denver Multifamily 13,Denver,Multifamily,Development,2024-03,2024-03-01,2024,Q1,322244.0,0.909,519748.0,195878.0,188476.0,Denver,Multifamily,Development,Denver Multifamily 13
PROP-013,Denver Multifamily 13,Denver,Multifamily,Development,2024-04,2024-04-01,2024,Q2,341206.0,0.94,529166.0,202147.0,188476.0,Denver,Multifamily,Development,Denver Multifamily 13
PROP-013,Denver Multifamily 13,Denver,Multifamily,Development,2024-05,2024-05-01,2024,Q2,352338.0,0.954,531466.0,203014.0,188476.0,Denver,Multifamily,Development,Denver Multifamily 13
PROP-013,Denver Multifamily 13,Denver,Multifamily,Development,2024-06,2024-06-01,2024,Q2,354476.0,0.951,529385.0,200547.0,188476.0,Denver,Multifamily,Development,Denver Multifamily 13
PROP-013,Denver Multifamily 13,Denver,Multifamily,Development,2024-07,2024-07-01,2024,Q3,357246.0,0.959,538870.0,206895.0,188476.0,Denver,Multifamily,Development,Denver Multifamily 13
PROP-013,Denver Multifamily 13,Denver,Multifamily,Development,2024-08,2024-08-01,2024,Q3,345985.0,0.937,536578.0,204250.0,188476.0,Denver,Multifamily,Development,Denver Multifamily 13
PROP-013,Denver Multifamily 13,Denver,Multifamily,Development,2024-09,2024-09-01,2024,Q3,329445.0,0.906,531363.0,199436.0,188476.0,Denver,Multifamily,Development,Denver Multifamily 13
PROP-013,Denver Multifamily 13,Denver,Multifamily,Development,2024-10,2024-10-01,2024,Q4,320566.0,0.896,538585.0,204015.0,188476.0,Denver,Multifamily,Development,Denver Multifamily 13
PROP-013,Denver Multifamily 13,Denver,Multifamily,Development,2024-11,2024-11-01,2024,Q4,310900.0,0.879,538779.0,203289.0,188476.0,Denver,Multifamily,Development,Denver Multifamily 13
PROP-013,Denver Multifamily 13,Denver,Multifamily,Development,2024-12,2024-12-01,2024,Q4,307319.0,0.87,538778.0,202424.0,188476.0,Denver,Multifamily,Development,Denver Multifamily 13
PROP-014,Denver Office 14,Denver,Office,Stabilized,2022-01,2022-01-01,2022,Q1,46903.0,0.924,81282.0,30765.0,50123.0,Denver,Office,Stabilized,Denver Office 14
PROP-014,Denver Office 14,Denver,Office,Stabilized,2022-02,2022-02-01,2022,Q1,49178.0,0.949,82624.0,31632.0,50123.0,Denver,Office,Stabilized,Denver Office 14
PROP-014,Denver Office 14,Denver,Office,Stabilized,2022-03,2022-03-01,2022,Q1,50735.0,0.954,81831.0,30874.0,50123.0,Denver,Office,Stabilized,Denver Office 14
PROP-014,Denver Office 14,Denver,Office,Stabilized,2022-04,2022-04-01,2022,Q2,53216.0,0.977,82532.0,31250.0,50123.0,Denver,Office,Stabilized,Denver Office 14
PROP-014,Denver Office 14,Denver,Office,Stabilized,2022-05,2022-05-01,2022,Q2,55411.0,0.99,83581.0,31893.0,50123.0,Denver,Office,Stabilized,Denver Office 14
PROP-014,Denver Office 14,Denver,Office,Stabilized,2022-06,2022-06-01,2022,Q2,55792.0,0.99,83321.0,31540.0,50123.0,Denver,Office,Stabilized,Denver Office 14
PROP-014,Denver Office 14,Denver,Office,Stabilized,2022-07,2022-07-01,2022,Q3,56015.0,0.99,84492.0,32275.0,50123.0,Denver,Office,Stabilized,Denver Office 14
PROP-014,Denver Office 14,Denver,Office,Stabilized,2022-08,2022-08-01,2022,Q3,54413.0,0.979,84387.0,32040.0,50123.0,Denver,Office,Stabilized,Denver Office 14
PROP-014,Denver Office 14,Denver,Office,Stabilized,2022-09,2022-09-01,2022,Q3,52806.0,0.964,85172.0,32481.0,50123.0,Denver,Office,Stabilized,Denver Office 14
PROP-014,Denver Office 14,Denver,Office,Stabilized,2022-10,2022-10-01,2022,Q4,51431.0,0.954,86409.0,33272.0,50123.0,Denver,Office,Stabilized,Denver Office 14
PROP-014,Denver Office 14,Denver,Office,Stabilized,2022-11,2022-11-01,2022,Q4,49188.0,0.923,85241.0,32224.0,50123.0,Denver,Office,Stabilized,Denver Office 14
PROP-014,Denver Office 14,Denver,Office,Stabilized,2022-12,2022-12-01,2022,Q4,49269.0,0.926,86376.0,32931.0,50123.0,Denver,Office,Stabilized,Denver Office 14
PROP-014,Denver Office 14,Denver,Office,Stabilized,2023-01,2023-01-01,2023,Q1,50135.0,0.932,86883.0,33162.0,50123.0,Denver,Office,Stabilized,Denver Office 14
PROP-014,Denver Office 14,Denver,Office,Stabilized,2023-02,2023-02-01,2023,Q1,51937.0,0.946,87260.0,33293.0,50123.0,Denver,Office,Stabilized,Denver Office 14
PROP-014,Denver Office 14,Denver,Office,Stabilized,2023-03,2023-03-01,2023,Q1,54078.0,0.96,87222.0,33109.0,50123.0,Denver,Office,Stabilized,Denver Office 14
PROP-014,Denver Office 14,Denver,Office,Stabilized,2023-04,2023-04-01,2023,Q2,56905.0,0.986,88253.0,33738.0,50123.0,Denver,Office,Stabilized,Denver Office 14
PROP-014,Denver Office 14,Denver,Office,Stabilized,2023-05,2023-05-01,2023,Q2,58689.0,0.99,88526.0,33790.0,50123.0,Denver,Office,Stabilized,Denver Office 14
PROP-014,Denver Office 14,Denver,Office,Stabilized,2023-06,2023-06-01,2023,Q2,58604.0,0.988,87521.0,32876.0,50123.0,Denver,Office,Stabilized,Denver Office 14
PROP-014,Denver Office 14,Denver,Office,Stabilized,2023-07,2023-07-01,2023,Q3,58164.0,0.981,87734.0,32884.0,50123.0,Denver,Office,Stabilized,Denver Office 14
PROP-014,Denver Office 14,Denver,Office,Stabilized,2023-08,2023-08-01,2023,Q3,56817.0,0.967,88115.0,33019.0,50123.0,Denver,Office,Stabilized,Denver Office 14
PROP-014,Denver Office 14,Denver,Office,Stabilized,2023-09,2023-09-01,2023,Q3,56481.0,0.975,91099.0,35133.0,50123.0,Denver,Office,Stabilized,Denver Office 14
PROP-014,Denver Office 14,Denver,Office,Stabilized,2023-10,2023-10-01,2023,Q4,53052.0,0.931,89133.0,33480.0,50123.0,Denver,Office,Stabilized,Denver Office 14
PROP-014,Denver Office 14,Denver,Office,Stabilized,2023-11,2023-11-01,2023,Q4,51853.0,0.92,89859.0,33875.0,50123.0,Denver,Office,Stabilized,Denver Office 14
PROP-014,Denver Office 14,Denver,Office,Stabilized,2023-12,2023-12-01,2023,Q4,51958.0,0.924,91090.0,34653.0,50123.0,Denver,Office,Stabilized,Denver Office 14
PROP-014,Denver Office 14,Denver,Office,Stabilized,2024-01,2024-01-01,2024,Q1,52563.0,0.925,91090.0,34499.0,50123.0,Denver,Office,Stabilized,Denver Office 14
PROP-014,Denver Office 14,Denver,Office,Stabilized,2024-02,2024-02-01,2024,Q1,54430.0,0.938,91448.0,34616.0,50123.0,Denver,Office,Stabilized,Denver Office 14
PROP-014,Denver Office 14,Denver,Office,Stabilized,2024-03,2024-03-01,2024,Q1,57942.0,0.974,93455.0,35992.0,50123.0,Denver,Office,Stabilized,Denver Office 14
PROP-014,Denver Office 14,Denver,Office,Stabilized,2024-04,2024-04-01,2024,Q2,60073.0,0.986,93166.0,35612.0,50123.0,Denver,Office,Stabilized,Denver Office 14
PROP-014,Denver Office 14,Denver,Office,Stabilized,2024-05,2024-05-01,2024,Q2,61748.0,0.99,93140.0,35436.0,50123.0,Denver,Office,Stabilized,Denver Office 14
PROP-014,Denver Office 14,Denver,Office,Stabilized,2024-06,2024-06-01,2024,Q2,62728.0,0.99,93681.0,35692.0,50123.0,Denver,Office,Stabilized,Denver Office 14
PROP-014,Denver Office 14,Denver,Office,Stabilized,2024-07,2024-07-01,2024,Q3,62637.0,0.99,94482.0,36147.0,50123.0,Denver,Office,Stabilized,Denver Office 14
PROP-014,Denver Office 14,Denver,Office,Stabilized,2024-08,2024-08-01,2024,Q3,61476.0,0.99,95342.0,36649.0,50123.0,Denver,Office,Stabilized,Denver Office 14
PROP-014,Denver Office 14,Denver,Office,Stabilized,2024-09,2024-09-01,2024,Q3,58962.0,0.965,95100.0,36306.0,50123.0,Denver,Office,Stabilized,Denver Office 14
PROP-014,Denver Office 14,Denver,Office,Stabilized,2024-10,2024-10-01,2024,Q4,57151.0,0.951,96019.0,36852.0,50123.0,Denver,Office,Stabilized,Denver Office 14
PROP-014,Denver Office 14,Denver,Office,Stabilized,2024-11,2024-11-01,2024,Q4,55285.0,0.931,95807.0,36533.0,50123.0,Denver,Office,Stabilized,Denver Office 14
PROP-014,Denver Office 14,Denver,Office,Stabilized,2024-12,2024-12-01,2024,Q4,55412.0,0.935,97147.0,37402.0,50123.0,Denver,Office,Stabilized,Denver Office 14
PROP-015,Dallas Multifamily 15,Dallas-Fort Worth,Multifamily,Stabilized,2022-01,2022-01-01,2022,Q1,99376.0,0.907,172215.0,65009.0,66536.0,Dallas-Fort Worth,Multifamily,Stabilized,Dallas Multifamily 15
PROP-015,Dallas Multifamily 15,Dallas-Fort Worth,Multifamily,Stabilized,2022-02,2022-02-01,2022,Q1,104292.0,0.932,175222.0,66964.0,66536.0,Dallas-Fort Worth,Multifamily,Stabilized,Dallas Multifamily 15
PROP-015,Dallas Multifamily 15,Dallas-Fort Worth,Multifamily,Stabilized,2022-03,2022-03-01,2022,Q1,107637.0,0.938,173609.0,65412.0,66536.0,Dallas-Fort Worth,Multifamily,Stabilized,Dallas Multifamily 15
PROP-015,Dallas Multifamily 15,Dallas-Fort Worth,Multifamily,Stabilized,2022-04,2022-04-01,2022,Q2,113271.0,0.963,175669.0,66643.0,66536.0,Dallas-Fort Worth,Multifamily,Stabilized,Dallas Multifamily 15
PROP-015,Dallas Multifamily 15,Dallas-Fort Worth,Multifamily,Stabilized,2022-05,2022-05-01,2022,Q2,116301.0,0.971,175428.0,66135.0,66536.0,Dallas-Fort Worth,Multifamily,Stabilized,Dallas Multifamily 15
PROP-015,Dallas Multifamily 15,Dallas-Fort Worth,Multifamily,Stabilized,2022-06,2022-06-01,2022,Q2,118494.0,0.98,176962.0,66969.0,66536.0,Dallas-Fort Worth,Multifamily,Stabilized,Dallas Multifamily 15
PROP-015,Dallas Multifamily 15,Dallas-Fort Worth,Multifamily,Stabilized,2022-07,2022-07-01,2022,Q3,120086.0,0.99,181137.0,69825.0,66536.0,Dallas-Fort Worth,Multifamily,Stabilized,Dallas Multifamily 15
PROP-015,Dallas Multifamily 15,Dallas-Fort Worth,Multifamily,Stabilized,2022-08,2022-08-01,2022,Q3,115235.0,0.961,178714.0,67641.0,66536.0,Dallas-Fort Worth,Multifamily,Stabilized,Dallas Multifamily 15
PROP-015,Dallas Multifamily 15,Dallas-Fort Worth,Multifamily,Stabilized,2022-09,2022-09-01,2022,Q3,113130.0,0.957,182467.0,70173.0,66536.0,Dallas-Fort Worth,Multifamily,Stabilized,Dallas Multifamily 15
PROP-015,Dallas Multifamily 15,Dallas-Fort Worth,Multifamily,Stabilized,2022-10,2022-10-01,2022,Q4,108296.0,0.931,181949.0,69441.0,66536.0,Dallas-Fort Worth,Multifamily,Stabilized,Dallas Multifamily 15
PROP-015,Dallas Multifamily 15,Dallas-Fort Worth,Multifamily,Stabilized,2022-11,2022-11-01,2022,Q4,103654.0,0.901,179628.0,67359.0,66536.0,Dallas-Fort Worth,Multifamily,Stabilized,Dallas Multifamily 15
PROP-015,Dallas Multifamily 15,Dallas-Fort Worth,Multifamily,Stabilized,2022-12,2022-12-01,2022,Q4,103622.0,0.902,181665.0,68569.0,66536.0,Dallas-Fort Worth,Multifamily,Stabilized,Dallas Multifamily 15
PROP-015,Dallas Multifamily 15,Dallas-Fort Worth,Multifamily,Stabilized,2023-01,2023-01-01,2023,Q1,107528.0,0.926,186343.0,71805.0,66536.0,Dallas-Fort Worth,Multifamily,Stabilized,Dallas Multifamily 15
PROP-015,Dallas Multifamily 15,Dallas-Fort Worth,Multifamily,Stabilized,2023-02,2023-02-01,2023,Q1,111371.0,0.94,187116.0,72062.0,66536.0,Dallas-Fort Worth,Multifamily,Stabilized,Dallas Multifamily 15
PROP-015,Dallas Multifamily 15,Dallas-Fort Worth,Multifamily,Stabilized,2023-03,2023-03-01,2023,Q1,116126.0,0.955,187300.0,71866.0,66536.0,Dallas-Fort Worth,Multifamily,Stabilized,Dallas Multifamily 15
PROP-015,Dallas Multifamily 15,Dallas-Fort Worth,Multifamily,Stabilized,2023-04,2023-04-01,2023,Q2,118694.0,0.953,184079.0,69093.0,66536.0,Dallas-Fort Worth,Multifamily,Stabilized,Dallas Multifamily 15
PROP-015,Dallas Multifamily 15,Dallas-Fort Worth,Multifamily,Stabilized,2023-05,2023-05-01,2023,Q2,123052.0,0.97,185612.0,69923.0,66536.0,Dallas-Fort Worth,Multifamily,Stabilized,Dallas Multifamily 15
PROP-015,Dallas Multifamily 15,Dallas-Fort Worth,Multifamily,Stabilized,2023-06,2023-06-01,2023,Q2,126476.0,0.988,188883.0,72076.0,66536.0,Dallas-Fort Worth,Multifamily,Stabilized,Dallas Multifamily 15
PROP-015,Dallas Multifamily 15,Dallas-Fort Worth,Multifamily,Stabilized,2023-07,2023-07-01,2023,Q3,127044.0,0.99,191633.0,73850.0,66536.0,Dallas-Fort Worth,Multifamily,Stabilized,Dallas Multifamily 15
PROP-015,Dallas Multifamily 15,Dallas-Fort Worth,Multifamily,Stabilized,2023-08,2023-08-01,2023,Q3,120752.0,0.952,187270.0,70203.0,66536.0,Dallas-Fort Worth,Multifamily,Stabilized,Dallas Multifamily 15
PROP-015,Dallas Multifamily 15,Dallas-Fort Worth,Multifamily,Stabilized,2023-09,2023-09-01,2023,Q3,117641.0,0.941,189744.0,71743.0,66536.0,Dallas-Fort Worth,Multifamily,Stabilized,Dallas Multifamily 15
PROP-015,Dallas Multifamily 15,Dallas-Fort Worth,Multifamily,Stabilized,2023-10,2023-10-01,2023,Q4,115690.0,0.941,194372.0,74945.0,66536.0,Dallas-Fort Worth,Multifamily,Stabilized,Dallas Multifamily 15
PROP-015,Dallas Multifamily 15,Dallas-Fort Worth,Multifamily,Stabilized,2023-11,2023-11-01,2023,Q4,111997.0,0.921,194087.0,74388.0,66536.0,Dallas-Fort Worth,Multifamily,Stabilized,Dallas Multifamily 15
PROP-015,Dallas Multifamily 15,Dallas-Fort Worth,Multifamily,Stabilized,2023-12,2023-12-01,2023,Q4,109281.0,0.9,191587.0,72159.0,66536.0,Dallas-Fort Worth,Multifamily,Stabilized,Dallas Multifamily 15
PROP-015,Dallas Multifamily 15,Dallas-Fort Worth,Multifamily,Stabilized,2024-01,2024-01-01,2024,Q1,113150.0,0.922,196085.0,75250.0,66536.0,Dallas-Fort Worth,Multifamily,Stabilized,Dallas Multifamily 15
PROP-015,Dallas Multifamily 15,Dallas-Fort Worth,Multifamily,Stabilized,2024-02,2024-02-01,2024,Q1,116271.0,0.929,195347.0,74353.0,66536.0,Dallas-Fort Worth,Multifamily,Stabilized,Dallas Multifamily 15
PROP-015,Dallas Multifamily 15,Dallas-Fort Worth,Multifamily,Stabilized,2024-03,2024-03-01,2024,Q1,121771.0,0.948,196405.0,74827.0,66536.0,Dallas-Fort Worth,Multifamily,Stabilized,Dallas Multifamily 15
PROP-015,Dallas Multifamily 15,Dallas-Fort Worth,Multifamily,Stabilized,2024-04,2024-04-01,2024,Q2,128065.0,0.974,198612.0,76181.0,66536.0,Dallas-Fort Worth,Multifamily,Stabilized,Dallas Multifamily 15
PROP-015,Dallas Multifamily 15,Dallas-Fort Worth,Multifamily,Stabilized,2024-05,2024-05-01,2024,Q2,129971.0,0.971,196048.0,73902.0,66536.0,Dallas-Fort Worth,Multifamily,Stabilized,Dallas Multifamily 15
PROP-015,Dallas Multifamily 15,Dallas-Fort Worth,Multifamily,Stabilized,2024-06,2024-06-01,2024,Q2,134008.0,0.99,200131.0,76676.0,66536.0,Dallas-Fort Worth,Multifamily,Stabilized,Dallas Multifamily 15
PROP-015,Dallas Multifamily 15,Dallas-Fort Worth,Multifamily,Stabilized,2024-07,2024-07-01,2024,Q3,133314.0,0.987,201091.0,77076.0,66536.0,Dallas-Fort Worth,Multifamily,Stabilized,Dallas Multifamily 15
PROP-015,Dallas Multifamily 15,Dallas-Fort Worth,Multifamily,Stabilized,2024-08,2024-08-01,2024,Q3,129481.0,0.968,200808.0,76527.0,66536.0,Dallas-Fort Worth,Multifamily,Stabilized,Dallas Multifamily 15
PROP-015,Dallas Multifamily 15,Dallas-Fort Worth,Multifamily,Stabilized,2024-09,2024-09-01,2024,Q3,123848.0,0.94,199754.0,75399.0,66536.0,Dallas-Fort Worth,Multifamily,Stabilized,Dallas Multifamily 15
PROP-015,Dallas Multifamily 15,Dallas-Fort Worth,Multifamily,Stabilized,2024-10,2024-10-01,2024,Q4,121955.0,0.941,204897.0,78991.0,66536.0,Dallas-Fort Worth,Multifamily,Stabilized,Dallas Multifamily 15
PROP-015,Dallas Multifamily 15,Dallas-Fort Worth,Multifamily,Stabilized,2024-11,2024-11-01,2024,Q4,118755.0,0.927,205798.0,79347.0,66536.0,Dallas-Fort Worth,Multifamily,Stabilized,Dallas Multifamily 15
PROP-015,Dallas Multifamily 15,Dallas-Fort Worth,Multifamily,Stabilized,2024-12,2024-12-01,2024,Q4,116330.0,0.909,203944.0,77592.0,66536.0,Dallas-Fort Worth,Multifamily,Stabilized,Dallas Multifamily 15
PROP-016,Denver Retail 16,Denver,Retail,Value-Add,2022-01,2022-01-01,2022,Q1,189795.0,0.893,328909.0,126105.0,153643.0,Denver,Retail,Value-Add,Denver Retail 16
PROP-016,Denver Retail 16,Denver,Retail,Value-Add,2022-02,2022-02-01,2022,Q1,192717.0,0.888,323786.0,121599.0,153643.0,Denver,Retail,Value-Add,Denver Retail 16
PROP-016,Denver Retail 16,Denver,Retail,Value-Add,2022-03,2022-03-01,2022,Q1,206379.0,0.927,332869.0,127881.0,153643.0,Denver,Retail,Value-Add,Denver Retail 16
PROP-016,Denver Retail 16,Denver,Retail,Value-Add,2022-04,2022-04-01,2022,Q2,210995.0,0.925,327225.0,122972.0,153643.0,Denver,Retail,Value-Add,Denver Retail 16
PROP-016,Denver Retail 16,Denver,Retail,Value-Add,2022-05,2022-05-01,2022,Q2,219501.0,0.945,331096.0,125281.0,153643.0,Denver,Retail,Value-Add,Denver Retail 16
PROP-016,Denver Retail 16,Denver,Retail,Value-Add,2022-06,2022-06-01,2022,Q2,225676.0,0.962,337031.0,129180.0,153643.0,Denver,Retail,Value-Add,Denver Retail 16
PROP-016,Denver Retail 16,Denver,Retail,Value-Add,2022-07,2022-07-01,2022,Q3,223193.0,0.951,336665.0,128274.0,153643.0,Denver,Retail,Value-Add,Denver Retail 16
PROP-016,Denver Retail 16,Denver,Retail,Value-Add,2022-08,2022-08-01,2022,Q3,214395.0,0.922,332498.0,124514.0,153643.0,Denver,Retail,Value-Add,Denver Retail 16
PROP-016,Denver Retail 16,Denver,Retail,Value-Add,2022-09,2022-09-01,2022,Q3,208719.0,0.911,336643.0,127024.0,153643.0,Denver,Retail,Value-Add,Denver Retail 16
PROP-016,Denver Retail 16,Denver,Retail,Value-Add,2022-10,2022-10-01,2022,Q4,200490.0,0.889,336845.0,126568.0,153643.0,Denver,Retail,Value-Add,Denver Retail 16
PROP-016,Denver Retail 16,Denver,Retail,Value-Add,2022-11,2022-11-01,2022,Q4,197048.0,0.883,341478.0,129454.0,153643.0,Denver,Retail,Value-Add,Denver Retail 16
PROP-016,Denver Retail 16,Denver,Retail,Value-Add,2022-12,2022-12-01,2022,Q4,193898.0,0.87,339933.0,127677.0,153643.0,Denver,Retail,Value-Add,Denver Retail 16
PROP-016,Denver Retail 16,Denver,Retail,Value-Add,2023-01,2023-01-01,2023,Q1,196787.0,0.874,341025.0,127893.0,153643.0,Denver,Retail,Value-Add,Denver Retail 16
PROP-016,Denver Retail 16,Denver,Retail,Value-Add,2023-02,2023-02-01,2023,Q1,206320.0,0.897,346640.0,131519.0,153643.0,Denver,Retail,Value-Add,Denver Retail 16
PROP-016,Denver Retail 16,Denver,Retail,Value-Add,2023-03,2023-03-01,2023,Q1,215367.0,0.913,347365.0,131452.0,153643.0,Denver,Retail,Value-Add,Denver Retail 16
PROP-016,Denver Retail 16,Denver,Retail,Value-Add,2023-04,2023-04-01,2023,Q2,226598.0,0.938,351424.0,133916.0,153643.0,Denver,Retail,Value-Add,Denver Retail 16
PROP-016,Denver Retail 16,Denver,Retail,Value-Add,2023-05,2023-05-01,2023,Q2,233070.0,0.947,351562.0,133401.0,153643.0,Denver,Retail,Value-Add,Denver Retail 16
PROP-016,Denver Retail 16,Denver,Retail,Value-Add,2023-06,2023-06-01,2023,Q2,234858.0,0.946,350744.0,132169.0,153643.0,Denver,Retail,Value-Add,Denver Retail 16
PROP-016,Denver Retail 16,Denver,Retail,Value-Add,2023-07,2023-07-01,2023,Q3,236380.0,0.952,356556.0,135959.0,153643.0,Denver,Retail,Value-Add,Denver Retail 16
PROP-016,Denver Retail 16,Denver,Retail,Value-Add,2023-08,2023-08-01,2023,Q3,231736.0,0.942,359392.0,137500.0,153643.0,Denver,Retail,Value-Add,Denver Retail 16
PROP-016,Denver Retail 16,Denver,Retail,Value-Add,2023-09,2023-09-01,2023,Q3,225051.0,0.928,362986.0,139626.0,153643.0,Denver,Retail,Value-Add,Denver Retail 16
PROP-016,Denver Retail 16,Denver,Retail,Value-Add,2023-10,2023-10-01,2023,Q4,215424.0,0.903,361936.0,138191.0,153643.0,Denver,Retail,Value-Add,Denver Retail 16
PROP-016,Denver Retail 16,Denver,Retail,Value-Add,2023-11,2023-11-01,2023,Q4,207560.0,0.88,359695.0,135871.0,153643.0,Denver,Retail,Value-Add,Denver Retail 16
PROP-016,Denver Retail 16,Denver,Retail,Value-Add,2023-12,2023-12-01,2023,Q4,208220.0,0.884,365042.0,139312.0,153643.0,Denver,Retail,Value-Add,Denver Retail 16
PROP-016,Denver Retail 16,Denver,Retail,Value-Add,2024-01,2024-01-01,2024,Q1,207721.0,0.873,359973.0,134866.0,153643.0,Denver,Retail,Value-Add,Denver Retail 16
PROP-016,Denver Retail 16,Denver,Retail,Value-Add,2024-02,2024-02-01,2024,Q1,221548.0,0.912,372224.0,143561.0,153643.0,Denver,Retail,Value-Add,Denver Retail 16
PROP-016,Denver Retail 16,Denver,Retail,Value-Add,2024-03,2024-03-01,2024,Q1,230768.0,0.927,372206.0,142912.0,153643.0,Denver,Retail,Value-Add,Denver Retail 16
PROP-016,Denver Retail 16,Denver,Retail,Value-Add,2024-04,2024-04-01,2024,Q2,238047.0,0.933,369180.0,139978.0,153643.0,Denver,Retail,Value-Add,Denver Retail 16
PROP-016,Denver Retail 16,Denver,Retail,Value-Add,2024-05,2024-05-01,2024,Q2,243475.0,0.938,367258.0,137917.0,153643.0,Denver,Retail,Value-Add,Denver Retail 16
PROP-016,Denver Retail 16,Denver,Retail,Value-Add,2024-06,2024-06-01,2024,Q2,251526.0,0.96,375637.0,143652.0,153643.0,Denver,Retail,Value-Add,Denver Retail 16
PROP-016,Denver Retail 16,Denver,Retail,Value-Add,2024-07,2024-07-01,2024,Q3,248113.0,0.947,374254.0,141976.0,153643.0,Denver,Retail,Value-Add,Denver Retail 16
PROP-016,Denver Retail 16,Denver,Retail,Value-Add,2024-08,2024-08-01,2024,Q3,245687.0,0.947,381028.0,146525.0,153643.0,Denver,Retail,Value-Add,Denver Retail 16
PROP-016,Denver Retail 16,Denver,Retail,Value-Add,2024-09,2024-09-01,2024,Q3,233201.0,0.912,376130.0,142167.0,153643.0,Denver,Retail,Value-Add,Denver Retail 16
PROP-016,Denver Retail 16,Denver,Retail,Value-Add,2024-10,2024-10-01,2024,Q4,223659.0,0.889,375771.0,141287.0,153643.0,Denver,Retail,Value-Add,Denver Retail 16
PROP-016,Denver Retail 16,Denver,Retail,Value-Add,2024-11,2024-11-01,2024,Q4,217622.0,0.875,377131.0,141703.0,153643.0,Denver,Retail,Value-Add,Denver Retail 16
PROP-016,Denver Retail 16,Denver,Retail,Value-Add,2024-12,2024-12-01,2024,Q4,219300.0,0.884,384467.0,146642.0,153643.0,Denver,Retail,Value-Add,Denver Retail 16
PROP-017,Austin Industrial 17,Austin,Industrial,Stabilized,2022-01,2022-01-01,2022,Q1,229939.0,0.853,398476.0,151809.0,234539.0,Austin,Industrial,Stabilized,Austin Industrial 17
PROP-017,Austin Industrial 17,Austin,Industrial,Stabilized,2022-02,2022-02-01,2022,Q1,239263.0,0.869,401988.0,153728.0,234539.0,Austin,Industrial,Stabilized,Austin Industrial 17
PROP-017,Austin Industrial 17,Austin,Industrial,Stabilized,2022-03,2022-03-01,2022,Q1,247999.0,0.878,399999.0,151457.0,234539.0,Austin,Industrial,Stabilized,Austin Industrial 17
PROP-017,Austin Industrial 17,Austin,Industrial,Stabilized,2022-04,2022-04-01,2022,Q2,260885.0,0.901,404599.0,154197.0,234539.0,Austin,Industrial,Stabilized,Austin Industrial 17
PROP-017,Austin Industrial 17,Austin,Industrial,Stabilized,2022-05,2022-05-01,2022,Q2,267113.0,0.906,402913.0,152165.0,234539.0,Austin,Industrial,Stabilized,Austin Industrial 17
PROP-017,Austin Industrial 17,Austin,Industrial,Stabilized,2022-06,2022-06-01,2022,Q2,272837.0,0.916,407463.0,154862.0,234539.0,Austin,Industrial,Stabilized,Austin Industrial 17
PROP-017,Austin Industrial 17,Austin,Industrial,Stabilized,2022-07,2022-07-01,2022,Q3,270834.0,0.91,408525.0,154914.0,234539.0,Austin,Industrial,Stabilized,Austin Industrial 17
PROP-017,Austin Industrial 17,Austin,Industrial,Stabilized,2022-08,2022-08-01,2022,Q3,267583.0,0.907,414986.0,159081.0,234539.0,Austin,Industrial,Stabilized,Austin Industrial 17
PROP-017,Austin Industrial 17,Austin,Industrial,Stabilized,2022-09,2022-09-01,2022,Q3,253317.0,0.871,408575.0,153463.0,234539.0,Austin,Industrial,Stabilized,Austin Industrial 17
PROP-017,Austin Industrial 17,Austin,Industrial,Stabilized,2022-10,2022-10-01,2022,Q4,248360.0,0.867,417272.0,159299.0,234539.0,Austin,Industrial,Stabilized,Austin Industrial 17
PROP-017,Austin Industrial 17,Austin,Industrial,Stabilized,2022-11,2022-11-01,2022,Q4,243548.0,0.86,422060.0,162200.0,234539.0,Austin,Industrial,Stabilized,Austin Industrial 17
PROP-017,Austin Industrial 17,Austin,Industrial,Stabilized,2022-12,2022-12-01,2022,Q4,239548.0,0.847,419964.0,159832.0,234539.0,Austin,Industrial,Stabilized,Austin Industrial 17
PROP-017,Austin Industrial 17,Austin,Industrial,Stabilized,2023-01,2023-01-01,2023,Q1,245778.0,0.86,425925.0,163626.0,234539.0,Austin,Industrial,Stabilized,Austin Industrial 17
PROP-017,Austin Industrial 17,Austin,Industrial,Stabilized,2023-02,2023-02-01,2023,Q1,251416.0,0.862,422405.0,160177.0,234539.0,Austin,Industrial,Stabilized,Austin Industrial 17
PROP-017,Austin Industrial 17,Austin,Industrial,Stabilized,2023-03,2023-03-01,2023,Q1,266744.0,0.891,430232.0,165392.0,234539.0,Austin,Industrial,Stabilized,Austin Industrial 17
PROP-017,Austin Industrial 17,Austin,Industrial,Stabilized,2023-04,2023-04-01,2023,Q2,274790.0,0.896,426163.0,161523.0,234539.0,Austin,Industrial,Stabilized,Austin Industrial 17
PROP-017,Austin Industrial 17,Austin,Industrial,Stabilized,2023-05,2023-05-01,2023,Q2,287372.0,0.92,433471.0,166337.0,234539.0,Austin,Industrial,Stabilized,Austin Industrial 17
PROP-017,Austin Industrial 17,Austin,Industrial,Stabilized,2023-06,2023-06-01,2023,Q2,287883.0,0.913,429932.0,162878.0,234539.0,Austin,Industrial,Stabilized,Austin Industrial 17
PROP-017,Austin Industrial 17,Austin,Industrial,Stabilized,2023-07,2023-07-01,2023,Q3,289190.0,0.918,436214.0,166903.0,234539.0,Austin,Industrial,Stabilized,Austin Industrial 17
PROP-017,Austin Industrial 17,Austin,Industrial,Stabilized,2023-08,2023-08-01,2023,Q3,279050.0,0.894,432769.0,163527.0,234539.0,Austin,Industrial,Stabilized,Austin Industrial 17
PROP-017,Austin Industrial 17,Austin,Industrial,Stabilized,2023-09,2023-09-01,2023,Q3,269542.0,0.876,434745.0,164274.0,234539.0,Austin,Industrial,Stabilized,Austin Industrial 17
PROP-017,Austin Industrial 17,Austin,Industrial,Stabilized,2023-10,2023-10-01,2023,Q4,259485.0,0.857,435962.0,164447.0,234539.0,Austin,Industrial,Stabilized,Austin Industrial 17
PROP-017,Austin Industrial 17,Austin,Industrial,Stabilized,2023-11,2023-11-01,2023,Q4,258044.0,0.862,447182.0,172242.0,234539.0,Austin,Industrial,Stabilized,Austin Industrial 17
PROP-017,Austin Industrial 17,Austin,Industrial,Stabilized,2023-12,2023-12-01,2023,Q4,254199.0,0.851,445650.0,170296.0,234539.0,Austin,Industrial,Stabilized,Austin Industrial 17
PROP-017,Austin Industrial 17,Austin,Industrial,Stabilized,2024-01,2024-01-01,2024,Q1,256675.0,0.85,444810.0,168897.0,234539.0,Austin,Industrial,Stabilized,Austin Industrial 17
PROP-017,Austin Industrial 17,Austin,Industrial,Stabilized,2024-02,2024-02-01,2024,Q1,262874.0,0.853,441657.0,165772.0,234539.0,Austin,Industrial,Stabilized,Austin Industrial 17
PROP-017,Austin Industrial 17,Austin,Industrial,Stabilized,2024-03,2024-03-01,2024,Q1,274996.0,0.87,443541.0,166449.0,234539.0,Austin,Industrial,Stabilized,Austin Industrial 17
PROP-017,Austin Industrial 17,Austin,Industrial,Stabilized,2024-04,2024-04-01,2024,Q2,290285.0,0.897,450193.0,170724.0,234539.0,Austin,Industrial,Stabilized,Austin Industrial 17
PROP-017,Austin Industrial 17,Austin,Industrial,Stabilized,2024-05,2024-05-01,2024,Q2,302591.0,0.918,456427.0,174715.0,234539.0,Austin,Industrial,Stabilized,Austin Industrial 17
PROP-017,Austin Industrial 17,Austin,Industrial,Stabilized,2024-06,2024-06-01,2024,Q2,303564.0,0.913,453351.0,171615.0,234539.0,Austin,Industrial,Stabilized,Austin Industrial 17
PROP-017,Austin Industrial 17,Austin,Industrial,Stabilized,2024-07,2024-07-01,2024,Q3,299659.0,0.901,452005.0,169856.0,234539.0,Austin,Industrial,Stabilized,Austin Industrial 17
PROP-017,Austin Industrial 17,Austin,Industrial,Stabilized,2024-08,2024-08-01,2024,Q3,292097.0,0.887,453004.0,169869.0,234539.0,Austin,Industrial,Stabilized,Austin Industrial 17
PROP-017,Austin Industrial 17,Austin,Industrial,Stabilized,2024-09,2024-09-01,2024,Q3,289768.0,0.893,467367.0,180032.0,234539.0,Austin,Industrial,Stabilized,Austin Industrial 17
PROP-017,Austin Industrial 17,Austin,Industrial,Stabilized,2024-10,2024-10-01,2024,Q4,276111.0,0.865,463896.0,176607.0,234539.0,Austin,Industrial,Stabilized,Austin Industrial 17
PROP-017,Austin Industrial 17,Austin,Industrial,Stabilized,2024-11,2024-11-01,2024,Q4,269710.0,0.855,467398.0,178517.0,234539.0,Austin,Industrial,Stabilized,Austin Industrial 17
PROP-017,Austin Industrial 17,Austin,Industrial,Stabilized,2024-12,2024-12-01,2024,Q4,265672.0,0.843,465764.0,176517.0,234539.0,Austin,Industrial,Stabilized,Austin Industrial 17
PROP-018,Dallas Multifamily 18,Dallas-Fort Worth,Multifamily,Development,2022-01,2022-01-01,2022,Q1,89678.0,0.912,155408.0,59717.0,72002.0,Dallas-Fort Worth,Multifamily,Development,Dallas Multifamily 18
PROP-018,Dallas Multifamily 18,Dallas-Fort Worth,Multifamily,Development,2022-02,2022-02-01,2022,Q1,93148.0,0.927,156498.0,60256.0,72002.0,Dallas-Fort Worth,Multifamily,Development,Dallas Multifamily 18
PROP-018,Dallas Multifamily 18,Dallas-Fort Worth,Multifamily,Development,2022-03,2022-03-01,2022,Q1,96016.0,0.932,154864.0,58712.0,72002.0,Dallas-Fort Worth,Multifamily,Development,Dallas Multifamily 18
PROP-018,Dallas Multifamily 18,Dallas-Fort Worth,Multifamily,Development,2022-04,2022-04-01,2022,Q2,101838.0,0.965,157937.0,60765.0,72002.0,Dallas-Fort Worth,Multifamily,Development,Dallas Multifamily 18
PROP-018,Dallas Multifamily 18,Dallas-Fort Worth,Multifamily,Development,2022-05,2022-05-01,2022,Q2,102526.0,0.953,154650.0,57976.0,72002.0,Dallas-Fort Worth,Multifamily,Development,Dallas Multifamily 18
PROP-018,Dallas Multifamily 18,Dallas-Fort Worth,Multifamily,Development,2022-06,2022-06-01,2022,Q2,104809.0,0.965,156524.0,59100.0,72002.0,Dallas-Fort Worth,Multifamily,Development,Dallas Multifamily 18
PROP-018,Dallas Multifamily 18,Dallas-Fort Worth,Multifamily,Development,2022-07,2022-07-01,2022,Q3,104353.0,0.961,157406.0,59478.0,72002.0,Dallas-Fort Worth,Multifamily,Development,Dallas Multifamily 18
PROP-018,Dallas Multifamily 18,Dallas-Fort Worth,Multifamily,Development,2022-08,2022-08-01,2022,Q3,101345.0,0.941,157173.0,59015.0,72002.0,Dallas-Fort Worth,Multifamily,Development,Dallas Multifamily 18
PROP-018,Dallas Multifamily 18,Dallas-Fort Worth,Multifamily,Development,2022-09,2022-09-01,2022,Q3,99119.0,0.934,159869.0,60764.0,72002.0,Dallas-Fort Worth,Multifamily,Development,Dallas Multifamily 18
PROP-018,Dallas Multifamily 18,Dallas-Fort Worth,Multifamily,Development,2022-10,2022-10-01,2022,Q4,94600.0,0.906,158938.0,59771.0,72002.0,Dallas-Fort Worth,Multifamily,Development,Dallas Multifamily 18
PROP-018,Dallas Multifamily 18,Dallas-Fort Worth,Multifamily,Development,2022-11,2022-11-01,2022,Q4,93068.0,0.901,161284.0,61255.0,72002.0,Dallas-Fort Worth,Multifamily,Development,Dallas Multifamily 18
PROP-018,Dallas Multifamily 18,Dallas-Fort Worth,Multifamily,Development,2022-12,2022-12-01,2022,Q4,93447.0,0.906,163828.0,62903.0,72002.0,Dallas-Fort Worth,Multifamily,Development,Dallas Multifamily 18
PROP-018,Dallas Multifamily 18,Dallas-Fort Worth,Multifamily,Development,2023-01,2023-01-01,2023,Q1,93582.0,0.898,162175.0,61349.0,72002.0,Dallas-Fort Worth,Multifamily,Development,Dallas Multifamily 18
PROP-018,Dallas Multifamily 18,Dallas-Fort Worth,Multifamily,Development,2023-02,2023-02-01,2023,Q1,97584.0,0.917,163952.0,62407.0,72002.0,Dallas-Fort Worth,Multifamily,Development,Dallas Multifamily 18
PROP-018,Dallas Multifamily 18,Dallas-Fort Worth,Multifamily,Development,2023-03,2023-03-01,2023,Q1,100777.0,0.923,162544.0,61053.0,72002.0,Dallas-Fort Worth,Multifamily,Development,Dallas Multifamily 18
PROP-018,Dallas Multifamily 18,Dallas-Fort Worth,Multifamily,Development,2023-04,2023-04-01,2023,Q2,105821.0,0.946,164115.0,61949.0,72002.0,Dallas-Fort Worth,Multifamily,Development,Dallas Multifamily 18
PROP-018,Dallas Multifamily 18,Dallas-Fort Worth,Multifamily,Development,2023-05,2023-05-01,2023,Q2,109134.0,0.958,164617.0,62041.0,72002.0,Dallas-Fort Worth,Multifamily,Development,Dallas Multifamily 18
PROP-018,Dallas Multifamily 18,Dallas-Fort Worth,Multifamily,Development,2023-06,2023-06-01,2023,Q2,111418.0,0.969,166395.0,63096.0,72002.0,Dallas-Fort Worth,Multifamily,Development,Dallas Multifamily 18
PROP-018,Dallas Multifamily 18,Dallas-Fort Worth,Multifamily,Development,2023-07,2023-07-01,2023,Q3,111260.0,0.968,167824.0,63890.0,72002.0,Dallas-Fort Worth,Multifamily,Development,Dallas Multifamily 18
PROP-018,Dallas Multifamily 18,Dallas-Fort Worth,Multifamily,Development,2023-08,2023-08-01,2023,Q3,109381.0,0.96,169636.0,64979.0,72002.0,Dallas-Fort Worth,Multifamily,Development,Dallas Multifamily 18
PROP-018,Dallas Multifamily 18,Dallas-Fort Worth,Multifamily,Development,2023-09,2023-09-01,2023,Q3,105197.0,0.937,169672.0,64711.0,72002.0,Dallas-Fort Worth,Multifamily,Development,Dallas Multifamily 18
PROP-018,Dallas Multifamily 18,Dallas-Fort Worth,Multifamily,Development,2023-10,2023-10-01,2023,Q4,101609.0,0.92,170714.0,65212.0,72002.0,Dallas-Fort Worth,Multifamily,Development,Dallas Multifamily 18
PROP-018,Dallas Multifamily 18,Dallas-Fort Worth,Multifamily,Development,2023-11,2023-11-01,2023,Q4,98606.0,0.903,170882.0,65046.0,72002.0,Dallas-Fort Worth,Multifamily,Development,Dallas Multifamily 18
PROP-018,Dallas Multifamily 18,Dallas-Fort Worth,Multifamily,Development,2023-12,2023-12-01,2023,Q4,98063.0,0.9,171920.0,65543.0,72002.0,Dallas-Fort Worth,Multifamily,Development,Dallas Multifamily 18
PROP-018,Dallas Multifamily 18,Dallas-Fort Worth,Multifamily,Development,2024-01,2024-01-01,2024,Q1,99796.0,0.906,172943.0,66030.0,72002.0,Dallas-Fort Worth,Multifamily,Development,Dallas Multifamily 18
PROP-018,Dallas Multifamily 18,Dallas-Fort Worth,Multifamily,Development,2024-02,2024-02-01,2024,Q1,103505.0,0.921,173900.0,66466.0,72002.0,Dallas-Fort Worth,Multifamily,Development,Dallas Multifamily 18
PROP-018,Dallas Multifamily 18,Dallas-Fort Worth,Multifamily,Development,2024-03,2024-03-01,2024,Q1,106151.0,0.921,171211.0,64141.0,72002.0,Dallas-Fort Worth,Multifamily,Development,Dallas Multifamily 18
PROP-018,Dallas Multifamily 18,Dallas-Fort Worth,Multifamily,Development,2024-04,2024-04-01,2024,Q2,111710.0,0.946,173247.0,65386.0,72002.0,Dallas-Fort Worth,Multifamily,Development,Dallas Multifamily 18
PROP-018,Dallas Multifamily 18,Dallas-Fort Worth,Multifamily,Development,2024-05,2024-05-01,2024,Q2,117065.0,0.974,176581.0,67629.0,72002.0,Dallas-Fort Worth,Multifamily,Development,Dallas Multifamily 18
PROP-018,Dallas Multifamily 18,Dallas-Fort Worth,Multifamily,Development,2024-06,2024-06-01,2024,Q2,119320.0,0.984,178196.0,68571.0,72002.0,Dallas-Fort Worth,Multifamily,Development,Dallas Multifamily 18
PROP-018,Dallas Multifamily 18,Dallas-Fort Worth,Multifamily,Development,2024-07,2024-07-01,2024,Q3,116646.0,0.962,175949.0,66562.0,72002.0,Dallas-Fort Worth,Multifamily,Development,Dallas Multifamily 18
PROP-018,Dallas Multifamily 18,Dallas-Fort Worth,Multifamily,Development,2024-08,2024-08-01,2024,Q3,113363.0,0.944,175811.0,66170.0,72002.0,Dallas-Fort Worth,Multifamily,Development,Dallas Multifamily 18
PROP-018,Dallas Multifamily 18,Dallas-Fort Worth,Multifamily,Development,2024-09,2024-09-01,2024,Q3,109348.0,0.924,176368.0,66303.0,72002.0,Dallas-Fort Worth,Multifamily,Development,Dallas Multifamily 18
PROP-018,Dallas Multifamily 18,Dallas-Fort Worth,Multifamily,Development,2024-10,2024-10-01,2024,Q4,107070.0,0.92,179889.0,68680.0,72002.0,Dallas-Fort Worth,Multifamily,Development,Dallas Multifamily 18
PROP-018,Dallas Multifamily 18,Dallas-Fort Worth,Multifamily,Development,2024-11,2024-11-01,2024,Q4,102420.0,0.89,177491.0,66576.0,72002.0,Dallas-Fort Worth,Multifamily,Development,Dallas Multifamily 18
PROP-018,Dallas Multifamily 18,Dallas-Fort Worth,Multifamily,Development,2024-12,2024-12-01,2024,Q4,103748.0,0.903,181886.0,69616.0,72002.0,Dallas-Fort Worth,Multifamily,Development,Dallas Multifamily 18
PROP-019,Phoenix Industrial 19,Phoenix,Industrial,Development,2022-01,2022-01-01,2022,Q1,289690.0,0.903,502022.0,193469.0,246696.0,Phoenix,Industrial,Development,Phoenix Industrial 19
PROP-019,Phoenix Industrial 19,Phoenix,Industrial,Development,2022-02,2022-02-01,2022,Q1,292480.0,0.892,491398.0,184444.0,246696.0,Phoenix,Industrial,Development,Phoenix Industrial 19
PROP-019,Phoenix Industrial 19,Phoenix,Industrial,Development,2022-03,2022-03-01,2022,Q1,310262.0,0.923,500423.0,190335.0,246696.0,Phoenix,Industrial,Development,Phoenix Industrial 19
PROP-019,Phoenix Industrial 19,Phoenix,Industrial,Development,2022-04,2022-04-01,2022,Q2,322771.0,0.937,500575.0,189512.0,246696.0,Phoenix,Industrial,Development,Phoenix Industrial 19
PROP-019,Phoenix Industrial 19,Phoenix,Industrial,Development,2022-05,2022-05-01,2022,Q2,334271.0,0.953,504214.0,191335.0,246696.0,Phoenix,Industrial,Development,Phoenix Industrial 19
PROP-019,Phoenix Industrial 19,Phoenix,Industrial,Development,2022-06,2022-06-01,2022,Q2,336257.0,0.949,502176.0,188866.0,246696.0,Phoenix,Industrial,Development,Phoenix Industrial 19
PROP-019,Phoenix Industrial 19,Phoenix,Industrial,Development,2022-07,2022-07-01,2022,Q3,336108.0,0.949,506985.0,191566.0,246696.0,Phoenix,Industrial,Development,Phoenix Industrial 19
PROP-019,Phoenix Industrial 19,Phoenix,Industrial,Development,2022-08,2022-08-01,2022,Q3,328617.0,0.935,509642.0,192644.0,246696.0,Phoenix,Industrial,Development,Phoenix Industrial 19
PROP-019,Phoenix Industrial 19,Phoenix,Industrial,Development,2022-09,2022-09-01,2022,Q3,323413.0,0.934,521634.0,200846.0,246696.0,Phoenix,Industrial,Development,Phoenix Industrial 19
PROP-019,Phoenix Industrial 19,Phoenix,Industrial,Development,2022-10,2022-10-01,2022,Q4,308781.0,0.906,518785.0,197707.0,246696.0,Phoenix,Industrial,Development,Phoenix Industrial 19
PROP-019,Phoenix Industrial 19,Phoenix,Industrial,Development,2022-11,2022-11-01,2022,Q4,303378.0,0.9,525744.0,202080.0,246696.0,Phoenix,Industrial,Development,Phoenix Industrial 19
PROP-019,Phoenix Industrial 19,Phoenix,Industrial,Development,2022-12,2022-12-01,2022,Q4,294809.0,0.876,516846.0,194372.0,246696.0,Phoenix,Industrial,Development,Phoenix Industrial 19
PROP-019,Phoenix Industrial 19,Phoenix,Industrial,Development,2023-01,2023-01-01,2023,Q1,305096.0,0.897,528722.0,202448.0,246696.0,Phoenix,Industrial,Development,Phoenix Industrial 19
PROP-019,Phoenix Industrial 19,Phoenix,Industrial,Development,2023-02,2023-02-01,2023,Q1,309546.0,0.891,520071.0,194958.0,246696.0,Phoenix,Industrial,Development,Phoenix Industrial 19
PROP-019,Phoenix Industrial 19,Phoenix,Industrial,Development,2023-03,2023-03-01,2023,Q1,324271.0,0.91,523018.0,196252.0,246696.0,Phoenix,Industrial,Development,Phoenix Industrial 19
PROP-019,Phoenix Industrial 19,Phoenix,Industrial,Development,2023-04,2023-04-01,2023,Q2,342540.0,0.939,531234.0,201524.0,246696.0,Phoenix,Industrial,Development,Phoenix Industrial 19
PROP-019,Phoenix Industrial 19,Phoenix,Industrial,Development,2023-05,2023-05-01,2023,Q2,353619.0,0.952,533398.0,202229.0,246696.0,Phoenix,Industrial,Development,Phoenix Industrial 19
PROP-019,Phoenix Industrial 19,Phoenix,Industrial,Development,2023-06,2023-06-01,2023,Q2,360792.0,0.962,538817.0,205408.0,246696.0,Phoenix,Industrial,Development,Phoenix Industrial 19
PROP-019,Phoenix Industrial 19,Phoenix,Industrial,Development,2023-07,2023-07-01,2023,Q3,356788.0,0.951,538178.0,203981.0,246696.0,Phoenix,Industrial,Development,Phoenix Industrial 19
PROP-019,Phoenix Industrial 19,Phoenix,Industrial,Development,2023-08,2023-08-01,2023,Q3,346527.0,0.932,537417.0,202476.0,246696.0,Phoenix,Industrial,Development,Phoenix Industrial 19
PROP-019,Phoenix Industrial 19,Phoenix,Industrial,Development,2023-09,2023-09-01,2023,Q3,337726.0,0.922,544719.0,207070.0,246696.0,Phoenix,Industrial,Development,Phoenix Industrial 19
PROP-019,Phoenix Industrial 19,Phoenix,Industrial,Development,2023-10,2023-10-01,2023,Q4,324058.0,0.899,544452.0,205931.0,246696.0,Phoenix,Industrial,Development,Phoenix Industrial 19
PROP-019,Phoenix Industrial 19,Phoenix,Industrial,Development,2023-11,2023-11-01,2023,Q4,313366.0,0.88,543054.0,203952.0,246696.0,Phoenix,Industrial,Development,Phoenix Industrial 19
PROP-019,Phoenix Industrial 19,Phoenix,Industrial,Development,2023-12,2023-12-01,2023,Q4,316511.0,0.89,554894.0,211987.0,246696.0,Phoenix,Industrial,Development,Phoenix Industrial 19
PROP-019,Phoenix Industrial 19,Phoenix,Industrial,Development,2024-01,2024-01-01,2024,Q1,320818.0,0.893,555967.0,211858.0,246696.0,Phoenix,Industrial,Development,Phoenix Industrial 19
PROP-019,Phoenix Industrial 19,Phoenix,Industrial,Development,2024-02,2024-02-01,2024,Q1,331730.0,0.904,557343.0,211961.0,246696.0,Phoenix,Industrial,Development,Phoenix Industrial 19
PROP-019,Phoenix Industrial 19,Phoenix,Industrial,Development,2024-03,2024-03-01,2024,Q1,344815.0,0.917,556153.0,210123.0,246696.0,Phoenix,Industrial,Development,Phoenix Industrial 19
PROP-019,Phoenix Industrial 19,Phoenix,Industrial,Development,2024-04,2024-04-01,2024,Q2,359239.0,0.933,557132.0,209935.0,246696.0,Phoenix,Industrial,Development,Phoenix Industrial 19
PROP-019,Phoenix Industrial 19,Phoenix,Industrial,Development,2024-05,2024-05-01,2024,Q2,379555.0,0.968,572520.0,220719.0,246696.0,Phoenix,Industrial,Development,Phoenix Industrial 19
PROP-019,Phoenix Industrial 19,Phoenix,Industrial,Development,2024-06,2024-06-01,2024,Q2,374456.0,0.946,559223.0,209666.0,246696.0,Phoenix,Industrial,Development,Phoenix Industrial 19
PROP-019,Phoenix Industrial 19,Phoenix,Industrial,Development,2024-07,2024-07-01,2024,Q3,374053.0,0.945,564220.0,212502.0,246696.0,Phoenix,Industrial,Development,Phoenix Industrial 19
PROP-019,Phoenix Industrial 19,Phoenix,Industrial,Development,2024-08,2024-08-01,2024,Q3,373585.0,0.953,579382.0,223107.0,246696.0,Phoenix,Industrial,Development,Phoenix Industrial 19
PROP-019,Phoenix Industrial 19,Phoenix,Industrial,Development,2024-09,2024-09-01,2024,Q3,358871.0,0.929,578824.0,221717.0,246696.0,Phoenix,Industrial,Development,Phoenix Industrial 19
PROP-019,Phoenix Industrial 19,Phoenix,Industrial,Development,2024-10,2024-10-01,2024,Q4,345968.0,0.911,581264.0,222631.0,246696.0,Phoenix,Industrial,Development,Phoenix Industrial 19
PROP-019,Phoenix Industrial 19,Phoenix,Industrial,Development,2024-11,2024-11-01,2024,Q4,332095.0,0.884,575510.0,217312.0,246696.0,Phoenix,Industrial,Development,Phoenix Industrial 19
PROP-019,Phoenix Industrial 19,Phoenix,Industrial,Development,2024-12,2024-12-01,2024,Q4,327987.0,0.875,575013.0,216014.0,246696.0,Phoenix,Industrial,Development,Phoenix Industrial 19
PROP-020,Dallas Multifamily 20,Dallas-Fort Worth,Multifamily,Stabilized,2022-01,2022-01-01,2022,Q1,294810.0,0.902,510897.0,194126.0,197706.0,Dallas-Fort Worth,Multifamily,Stabilized,Dallas Multifamily 20
PROP-020,Dallas Multifamily 20,Dallas-Fort Worth,Multifamily,Stabilized,2022-02,2022-02-01,2022,Q1,304994.0,0.913,512423.0,194316.0,197706.0,Dallas-Fort Worth,Multifamily,Stabilized,Dallas Multifamily 20
PROP-020,Dallas Multifamily 20,Dallas-Fort Worth,Multifamily,Stabilized,2022-03,2022-03-01,2022,Q1,316389.0,0.924,510305.0,191759.0,197706.0,Dallas-Fort Worth,Multifamily,Stabilized,Dallas Multifamily 20
PROP-020,Dallas Multifamily 20,Dallas-Fort Worth,Multifamily,Stabilized,2022-04,2022-04-01,2022,Q2,334721.0,0.954,519108.0,197454.0,197706.0,Dallas-Fort Worth,Multifamily,Stabilized,Dallas Multifamily 20
PROP-020,Dallas Multifamily 20,Dallas-Fort Worth,Multifamily,Stabilized,2022-05,2022-05-01,2022,Q2,342705.0,0.959,516936.0,194845.0,197706.0,Dallas-Fort Worth,Multifamily,Stabilized,Dallas Multifamily 20
PROP-020,Dallas Multifamily 20,Dallas-Fort Worth,Multifamily,Stabilized,2022-06,2022-06-01,2022,Q2,351294.0,0.973,524633.0,199712.0,197706.0,Dallas-Fort Worth,Multifamily,Stabilized,Dallas Multifamily 20
PROP-020,Dallas Multifamily 20,Dallas-Fort Worth,Multifamily,Stabilized,2022-07,2022-07-01,2022,Q3,350649.0,0.971,528918.0,202002.0,197706.0,Dallas-Fort Worth,Multifamily,Stabilized,Dallas Multifamily 20
PROP-020,Dallas Multifamily 20,Dallas-Fort Worth,Multifamily,Stabilized,2022-08,2022-08-01,2022,Q3,339491.0,0.949,526506.0,199197.0,197706.0,Dallas-Fort Worth,Multifamily,Stabilized,Dallas Multifamily 20
PROP-020,Dallas Multifamily 20,Dallas-Fort Worth,Multifamily,Stabilized,2022-09,2022-09-01,2022,Q3,328435.0,0.931,529733.0,200677.0,197706.0,Dallas-Fort Worth,Multifamily,Stabilized,Dallas Multifamily 20
PROP-020,Dallas Multifamily 20,Dallas-Fort Worth,Multifamily,Stabilized,2022-10,2022-10-01,2022,Q4,320102.0,0.922,537806.0,205850.0,197706.0,Dallas-Fort Worth,Multifamily,Stabilized,Dallas Multifamily 20
PROP-020,Dallas Multifamily 20,Dallas-Fort Worth,Multifamily,Stabilized,2022-11,2022-11-01,2022,Q4,308983.0,0.9,535457.0,203084.0,197706.0,Dallas-Fort Worth,Multifamily,Stabilized,Dallas Multifamily 20
PROP-020,Dallas Multifamily 20,Dallas-Fort Worth,Multifamily,Stabilized,2022-12,2022-12-01,2022,Q4,307096.0,0.896,538388.0,204340.0,197706.0,Dallas-Fort Worth,Multifamily,Stabilized,Dallas Multifamily 20
PROP-020,Dallas Multifamily 20,Dallas-Fort Worth,Multifamily,Stabilized,2023-01,2023-01-01,2023,Q1,308566.0,0.89,534734.0,200626.0,197706.0,Dallas-Fort Worth,Multifamily,Stabilized,Dallas Multifamily 20
PROP-020,Dallas Multifamily 20,Dallas-Fort Worth,Multifamily,Stabilized,2023-02,2023-02-01,2023,Q1,322060.0,0.91,541096.0,204463.0,197706.0,Dallas-Fort Worth,Multifamily,Stabilized,Dallas Multifamily 20
PROP-020,Dallas Multifamily 20,Dallas-Fort Worth,Multifamily,Stabilized,2023-03,2023-03-01,2023,Q1,338236.0,0.932,545543.0,206867.0,197706.0,Dallas-Fort Worth,Multifamily,Stabilized,Dallas Multifamily 20
PROP-020,Dallas Multifamily 20,Dallas-Fort Worth,Multifamily,Stabilized,2023-04,2023-04-01,2023,Q2,353145.0,0.95,547682.0,207522.0,197706.0,Dallas-Fort Worth,Multifamily,Stabilized,Dallas Multifamily 20
PROP-020,Dallas Multifamily 20,Dallas-Fort Worth,Multifamily,Stabilized,2023-05,2023-05-01,2023,Q2,367364.0,0.97,554132.0,211455.0,197706.0,Dallas-Fort Worth,Multifamily,Stabilized,Dallas Multifamily 20
PROP-020,Dallas Multifamily 20,Dallas-Fort Worth,Multifamily,Stabilized,2023-06,2023-06-01,2023,Q2,368860.0,0.965,550866.0,208007.0,197706.0,Dallas-Fort Worth,Multifamily,Stabilized,Dallas Multifamily 20
PROP-020,Dallas Multifamily 20,Dallas-Fort Worth,Multifamily,Stabilized,2023-07,2023-07-01,2023,Q3,368162.0,0.964,555334.0,210426.0,197706.0,Dallas-Fort Worth,Multifamily,Stabilized,Dallas Multifamily 20
PROP-020,Dallas Multifamily 20,Dallas-Fort Worth,Multifamily,Stabilized,2023-08,2023-08-01,2023,Q3,365795.0,0.966,567301.0,218589.0,197706.0,Dallas-Fort Worth,Multifamily,Stabilized,Dallas Multifamily 20
PROP-020,Dallas Multifamily 20,Dallas-Fort Worth,Multifamily,Stabilized,2023-09,2023-09-01,2023,Q3,345029.0,0.925,556498.0,209388.0,197706.0,Dallas-Fort Worth,Multifamily,Stabilized,Dallas Multifamily 20
PROP-020,Dallas Multifamily 20,Dallas-Fort Worth,Multifamily,Stabilized,2023-10,2023-10-01,2023,Q4,340554.0,0.928,572167.0,220343.0,197706.0,Dallas-Fort Worth,Multifamily,Stabilized,Dallas Multifamily 20
PROP-020,Dallas Multifamily 20,Dallas-Fort Worth,Multifamily,Stabilized,2023-11,2023-11-01,2023,Q4,326874.0,0.901,566461.0,214997.0,197706.0,Dallas-Fort Worth,Multifamily,Stabilized,Dallas Multifamily 20
PROP-020,Dallas Multifamily 20,Dallas-Fort Worth,Multifamily,Stabilized,2023-12,2023-12-01,2023,Q4,326802.0,0.902,572935.0,218954.0,197706.0,Dallas-Fort Worth,Multifamily,Stabilized,Dallas Multifamily 20
PROP-020,Dallas Multifamily 20,Dallas-Fort Worth,Multifamily,Stabilized,2024-01,2024-01-01,2024,Q1,328845.0,0.898,569878.0,215656.0,197706.0,Dallas-Fort Worth,Multifamily,Stabilized,Dallas Multifamily 20
PROP-020,Dallas Multifamily 20,Dallas-Fort Worth,Multifamily,Stabilized,2024-02,2024-02-01,2024,Q1,341474.0,0.914,573713.0,217597.0,197706.0,Dallas-Fort Worth,Multifamily,Stabilized,Dallas Multifamily 20
PROP-020,Dallas Multifamily 20,Dallas-Fort Worth,Multifamily,Stabilized,2024-03,2024-03-01,2024,Q1,353730.0,0.923,570532.0,214239.0,197706.0,Dallas-Fort Worth,Multifamily,Stabilized,Dallas Multifamily 20
PROP-020,Dallas Multifamily 20,Dallas-Fort Worth,Multifamily,Stabilized,2024-04,2024-04-01,2024,Q2,373207.0,0.951,578794.0,219517.0,197706.0,Dallas-Fort Worth,Multifamily,Stabilized,Dallas Multifamily 20
PROP-020,Dallas Multifamily 20,Dallas-Fort Worth,Multifamily,Stabilized,2024-05,2024-05-01,2024,Q2,384997.0,0.963,580728.0,220018.0,197706.0,Dallas-Fort Worth,Multifamily,Stabilized,Dallas Multifamily 20
PROP-020,Dallas Multifamily 20,Dallas-Fort Worth,Multifamily,Stabilized,2024-06,2024-06-01,2024,Q2,386779.0,0.959,577628.0,216724.0,197706.0,Dallas-Fort Worth,Multifamily,Stabilized,Dallas Multifamily 20
PROP-020,Dallas Multifamily 20,Dallas-Fort Worth,Multifamily,Stabilized,2024-07,2024-07-01,2024,Q3,393867.0,0.977,594109.0,228271.0,197706.0,Dallas-Fort Worth,Multifamily,Stabilized,Dallas Multifamily 20
PROP-020,Dallas Multifamily 20,Dallas-Fort Worth,Multifamily,Stabilized,2024-08,2024-08-01,2024,Q3,383323.0,0.96,594484.0,227570.0,197706.0,Dallas-Fort Worth,Multifamily,Stabilized,Dallas Multifamily 20
PROP-020,Dallas Multifamily 20,Dallas-Fort Worth,Multifamily,Stabilized,2024-09,2024-09-01,2024,Q3,364396.0,0.926,587736.0,221474.0,197706.0,Dallas-Fort Worth,Multifamily,Stabilized,Dallas Multifamily 20
PROP-020,Dallas Multifamily 20,Dallas-Fort Worth,Multifamily,Stabilized,2024-10,2024-10-01,2024,Q4,357254.0,0.923,600226.0,229996.0,197706.0,Dallas-Fort Worth,Multifamily,Stabilized,Dallas Multifamily 20
PROP-020,Dallas Multifamily 20,Dallas-Fort Worth,Multifamily,Stabilized,2024-11,2024-11-01,2024,Q4,340571.0,0.89,590199.0,221425.0,197706.0,Dallas-Fort Worth,Multifamily,Stabilized,Dallas Multifamily 20
PROP-020,Dallas Multifamily 20,Dallas-Fort Worth,Multifamily,Stabilized,2024-12,2024-12-01,2024,Q4,343809.0,0.9,602750.0,229960.0,197706.0,Dallas-Fort Worth,Multifamily,Stabilized,Dallas Multifamily 20
PROP-021,Phoenix Industrial 21,Phoenix,Industrial,Stabilized,2022-01,2022-01-01,2022,Q1,372962.0,0.913,646331.0,245831.0,269705.0,Phoenix,Industrial,Stabilized,Phoenix Industrial 21
PROP-021,Phoenix Industrial 21,Phoenix,Industrial,Stabilized,2022-02,2022-02-01,2022,Q1,382718.0,0.918,643007.0,242099.0,269705.0,Phoenix,Industrial,Stabilized,Phoenix Industrial 21
PROP-021,Phoenix Industrial 21,Phoenix,Industrial,Stabilized,2022-03,2022-03-01,2022,Q1,407712.0,0.953,657600.0,251959.0,269705.0,Phoenix,Industrial,Stabilized,Phoenix Industrial 21
PROP-021,Phoenix Industrial 21,Phoenix,Industrial,Stabilized,2022-04,2022-04-01,2022,Q2,420730.0,0.96,652496.0,246841.0,269705.0,Phoenix,Industrial,Stabilized,Phoenix Industrial 21
PROP-021,Phoenix Industrial 21,Phoenix,Industrial,Stabilized,2022-05,2022-05-01,2022,Q2,442660.0,0.99,667707.0,257217.0,269705.0,Phoenix,Industrial,Stabilized,Phoenix Industrial 21
PROP-021,Phoenix Industrial 21,Phoenix,Industrial,Stabilized,2022-06,2022-06-01,2022,Q2,445130.0,0.987,664769.0,253714.0,269705.0,Phoenix,Industrial,Stabilized,Phoenix Industrial 21
PROP-021,Phoenix Industrial 21,Phoenix,Industrial,Stabilized,2022-07,2022-07-01,2022,Q3,436278.0,0.967,658080.0,247427.0,269705.0,Phoenix,Industrial,Stabilized,Phoenix Industrial 21
PROP-021,Phoenix Industrial 21,Phoenix,Industrial,Stabilized,2022-08,2022-08-01,2022,Q3,425810.0,0.952,660375.0,247952.0,269705.0,Phoenix,Industrial,Stabilized,Phoenix Industrial 21
PROP-021,Phoenix Industrial 21,Phoenix,Industrial,Stabilized,2022-09,2022-09-01,2022,Q3,413324.0,0.938,666651.0,251473.0,269705.0,Phoenix,Industrial,Stabilized,Phoenix Industrial 21
PROP-021,Phoenix Industrial 21,Phoenix,Industrial,Stabilized,2022-10,2022-10-01,2022,Q4,397705.0,0.917,668187.0,251424.0,269705.0,Phoenix,Industrial,Stabilized,Phoenix Industrial 21
PROP-021,Phoenix Industrial 21,Phoenix,Industrial,Stabilized,2022-11,2022-11-01,2022,Q4,387177.0,0.903,670964.0,252311.0,269705.0,Phoenix,Industrial,Stabilized,Phoenix Industrial 21
PROP-021,Phoenix Industrial 21,Phoenix,Industrial,Stabilized,2022-12,2022-12-01,2022,Q4,391608.0,0.914,686550.0,262917.0,269705.0,Phoenix,Industrial,Stabilized,Phoenix Industrial 21
PROP-021,Phoenix Industrial 21,Phoenix,Industrial,Stabilized,2023-01,2023-01-01,2023,Q1,389945.0,0.901,675762.0,253518.0,269705.0,Phoenix,Industrial,Stabilized,Phoenix Industrial 21
PROP-021,Phoenix Industrial 21,Phoenix,Industrial,Stabilized,2023-02,2023-02-01,2023,Q1,414867.0,0.939,697022.0,268454.0,269705.0,Phoenix,Industrial,Stabilized,Phoenix Industrial 21
PROP-021,Phoenix Industrial 21,Phoenix,Industrial,Stabilized,2023-03,2023-03-01,2023,Q1,430027.0,0.949,693592.0,264577.0,269705.0,Phoenix,Industrial,Stabilized,Phoenix Industrial 21
PROP-021,Phoenix Industrial 21,Phoenix,Industrial,Stabilized,2023-04,2023-04-01,2023,Q2,447116.0,0.963,693418.0,263214.0,269705.0,Phoenix,Industrial,Stabilized,Phoenix Industrial 21
PROP-021,Phoenix Industrial 21,Phoenix,Industrial,Stabilized,2023-05,2023-05-01,2023,Q2,463227.0,0.98,698731.0,266025.0,269705.0,Phoenix,Industrial,Stabilized,Phoenix Industrial 21
PROP-021,Phoenix Industrial 21,Phoenix,Industrial,Stabilized,2023-06,2023-06-01,2023,Q2,470257.0,0.985,702296.0,267509.0,269705.0,Phoenix,Industrial,Stabilized,Phoenix Industrial 21
PROP-021,Phoenix Industrial 21,Phoenix,Industrial,Stabilized,2023-07,2023-07-01,2023,Q3,469159.0,0.983,707679.0,270379.0,269705.0,Phoenix,Industrial,Stabilized,Phoenix Industrial 21
PROP-021,Phoenix Industrial 21,Phoenix,Industrial,Stabilized,2023-08,2023-08-01,2023,Q3,461153.0,0.975,715187.0,274886.0,269705.0,Phoenix,Industrial,Stabilized,Phoenix Industrial 21
PROP-021,Phoenix Industrial 21,Phoenix,Industrial,Stabilized,2023-09,2023-09-01,2023,Q3,442283.0,0.949,713359.0,272239.0,269705.0,Phoenix,Industrial,Stabilized,Phoenix Industrial 21
PROP-021,Phoenix Industrial 21,Phoenix,Industrial,Stabilized,2023-10,2023-10-01,2023,Q4,430898.0,0.94,723955.0,279118.0,269705.0,Phoenix,Industrial,Stabilized,Phoenix Industrial 21
PROP-021,Phoenix Industrial 21,Phoenix,Industrial,Stabilized,2023-11,2023-11-01,2023,Q4,411415.0,0.907,712968.0,269491.0,269705.0,Phoenix,Industrial,Stabilized,Phoenix Industrial 21
PROP-021,Phoenix Industrial 21,Phoenix,Industrial,Stabilized,2023-12,2023-12-01,2023,Q4,416489.0,0.92,730171.0,281385.0,269705.0,Phoenix,Industrial,Stabilized,Phoenix Industrial 21
PROP-021,Phoenix Industrial 21,Phoenix,Industrial,Stabilized,2024-01,2024-01-01,2024,Q1,415032.0,0.907,719237.0,271803.0,269705.0,Phoenix,Industrial,Stabilized,Phoenix Industrial 21
PROP-021,Phoenix Industrial 21,Phoenix,Industrial,Stabilized,2024-02,2024-02-01,2024,Q1,431605.0,0.924,725143.0,275056.0,269705.0,Phoenix,Industrial,Stabilized,Phoenix Industrial 21
PROP-021,Phoenix Industrial 21,Phoenix,Industrial,Stabilized,2024-03,2024-03-01,2024,Q1,451982.0,0.944,729004.0,276763.0,269705.0,Phoenix,Industrial,Stabilized,Phoenix Industrial 21
PROP-021,Phoenix Industrial 21,Phoenix,Industrial,Stabilized,2024-04,2024-04-01,2024,Q2,474445.0,0.968,735801.0,280706.0,269705.0,Phoenix,Industrial,Stabilized,Phoenix Industrial 21
PROP-021,Phoenix Industrial 21,Phoenix,Industrial,Stabilized,2024-05,2024-05-01,2024,Q2,492367.0,0.986,742686.0,284730.0,269705.0,Phoenix,Industrial,Stabilized,Phoenix Industrial 21
PROP-021,Phoenix Industrial 21,Phoenix,Industrial,Stabilized,2024-06,2024-06-01,2024,Q2,496440.0,0.985,741398.0,282504.0,269705.0,Phoenix,Industrial,Stabilized,Phoenix Industrial 21
PROP-021,Phoenix Industrial 21,Phoenix,Industrial,Stabilized,2024-07,2024-07-01,2024,Q3,490123.0,0.973,739300.0,279686.0,269705.0,Phoenix,Industrial,Stabilized,Phoenix Industrial 21
PROP-021,Phoenix Industrial 21,Phoenix,Industrial,Stabilized,2024-08,2024-08-01,2024,Q3,474766.0,0.952,736300.0,276220.0,269705.0,Phoenix,Industrial,Stabilized,Phoenix Industrial 21
PROP-021,Phoenix Industrial 21,Phoenix,Industrial,Stabilized,2024-09,2024-09-01,2024,Q3,463882.0,0.944,748196.0,283988.0,269705.0,Phoenix,Industrial,Stabilized,Phoenix Industrial 21
PROP-021,Phoenix Industrial 21,Phoenix,Industrial,Stabilized,2024-10,2024-10-01,2024,Q4,441549.0,0.913,741849.0,277992.0,269705.0,Phoenix,Industrial,Stabilized,Phoenix Industrial 21
PROP-021,Phoenix Industrial 21,Phoenix,Industrial,Stabilized,2024-11,2024-11-01,2024,Q4,434249.0,0.909,752538.0,284838.0,269705.0,Phoenix,Industrial,Stabilized,Phoenix Industrial 21
PROP-021,Phoenix Industrial 21,Phoenix,Industrial,Stabilized,2024-12,2024-12-01,2024,Q4,430022.0,0.901,753896.0,284651.0,269705.0,Phoenix,Industrial,Stabilized,Phoenix Industrial 21
PROP-022,Austin Industrial 22,Austin,Industrial,Value-Add,2022-01,2022-01-01,2022,Q1,368258.0,0.869,638179.0,243561.0,363100.0,Austin,Industrial,Value-Add,Austin Industrial 22
PROP-022,Austin Industrial 22,Austin,Industrial,Value-Add,2022-02,2022-02-01,2022,Q1,385537.0,0.891,647744.0,249668.0,363100.0,Austin,Industrial,Value-Add,Austin Industrial 22
PROP-022,Austin Industrial 22,Austin,Industrial,Value-Add,2022-03,2022-03-01,2022,Q1,393010.0,0.885,633887.0,237916.0,363100.0,Austin,Industrial,Value-Add,Austin Industrial 22
PROP-022,Austin Industrial 22,Austin,Industrial,Value-Add,2022-04,2022-04-01,2022,Q2,417039.0,0.916,646773.0,246467.0,363100.0,Austin,Industrial,Value-Add,Austin Industrial 22
PROP-022,Austin Industrial 22,Austin,Industrial,Value-Add,2022-05,2022-05-01,2022,Q2,428192.0,0.924,645884.0,244585.0,363100.0,Austin,Industrial,Value-Add,Austin Industrial 22
PROP-022,Austin Industrial 22,Austin,Industrial,Value-Add,2022-06,2022-06-01,2022,Q2,437166.0,0.934,652876.0,248691.0,363100.0,Austin,Industrial,Value-Add,Austin Industrial 22
PROP-022,Austin Industrial 22,Austin,Industrial,Value-Add,2022-07,2022-07-01,2022,Q3,439806.0,0.94,663402.0,255528.0,363100.0,Austin,Industrial,Value-Add,Austin Industrial 22
PROP-022,Austin Industrial 22,Austin,Industrial,Value-Add,2022-08,2022-08-01,2022,Q3,427099.0,0.92,662375.0,253507.0,363100.0,Austin,Industrial,Value-Add,Austin Industrial 22
PROP-022,Austin Industrial 22,Austin,Industrial,Value-Add,2022-09,2022-09-01,2022,Q3,404078.0,0.884,651739.0,244251.0,363100.0,Austin,Industrial,Value-Add,Austin Industrial 22
PROP-022,Austin Industrial 22,Austin,Industrial,Value-Add,2022-10,2022-10-01,2022,Q4,400072.0,0.889,672164.0,258557.0,363100.0,Austin,Industrial,Value-Add,Austin Industrial 22
PROP-022,Austin Industrial 22,Austin,Industrial,Value-Add,2022-11,2022-11-01,2022,Q4,385828.0,0.867,668627.0,254624.0,363100.0,Austin,Industrial,Value-Add,Austin Industrial 22
PROP-022,Austin Industrial 22,Austin,Industrial,Value-Add,2022-12,2022-12-01,2022,Q4,378802.0,0.852,664100.0,249998.0,363100.0,Austin,Industrial,Value-Add,Austin Industrial 22
PROP-022,Austin Industrial 22,Austin,Industrial,Value-Add,2023-01,2023-01-01,2023,Q1,389891.0,0.868,675668.0,257563.0,363100.0,Austin,Industrial,Value-Add,Austin Industrial 22
PROP-022,Austin Industrial 22,Austin,Industrial,Value-Add,2023-02,2023-02-01,2023,Q1,402802.0,0.878,676751.0,257176.0,363100.0,Austin,Industrial,Value-Add,Austin Industrial 22
PROP-022,Austin Industrial 22,Austin,Industrial,Value-Add,2023-03,2023-03-01,2023,Q1,427327.0,0.908,689237.0,265507.0,363100.0,Austin,Industrial,Value-Add,Austin Industrial 22
PROP-022,Austin Industrial 22,Austin,Industrial,Value-Add,2023-04,2023-04-01,2023,Q2,439795.0,0.913,682064.0,258800.0,363100.0,Austin,Industrial,Value-Add,Austin Industrial 22
PROP-022,Austin Industrial 22,Austin,Industrial,Value-Add,2023-05,2023-05-01,2023,Q2,459200.0,0.936,692657.0,265665.0,363100.0,Austin,Industrial,Value-Add,Austin Industrial 22
PROP-022,Austin Industrial 22,Austin,Industrial,Value-Add,2023-06,2023-06-01,2023,Q2,466316.0,0.941,696410.0,267314.0,363100.0,Austin,Industrial,Value-Add,Austin Industrial 22
PROP-022,Austin Industrial 22,Austin,Industrial,Value-Add,2023-07,2023-07-01,2023,Q3,465813.0,0.94,702632.0,270864.0,363100.0,Austin,Industrial,Value-Add,Austin Industrial 22
PROP-022,Austin Industrial 22,Austin,Industrial,Value-Add,2023-08,2023-08-01,2023,Q3,443048.0,0.903,687110.0,257846.0,363100.0,Austin,Industrial,Value-Add,Austin Industrial 22
PROP-022,Austin Industrial 22,Austin,Industrial,Value-Add,2023-09,2023-09-01,2023,Q3,435257.0,0.9,702027.0,267940.0,363100.0,Austin,Industrial,Value-Add,Austin Industrial 22
PROP-022,Austin Industrial 22,Austin,Industrial,Value-Add,2023-10,2023-10-01,2023,Q4,412136.0,0.866,692433.0,259487.0,363100.0,Austin,Industrial,Value-Add,Austin Industrial 22
PROP-022,Austin Industrial 22,Austin,Industrial,Value-Add,2023-11,2023-11-01,2023,Q4,409535.0,0.87,709711.0,271370.0,363100.0,Austin,Industrial,Value-Add,Austin Industrial 22
PROP-022,Austin Industrial 22,Austin,Industrial,Value-Add,2023-12,2023-12-01,2023,Q4,410078.0,0.873,718931.0,277218.0,363100.0,Austin,Industrial,Value-Add,Austin Industrial 22
PROP-022,Austin Industrial 22,Austin,Industrial,Value-Add,2024-01,2024-01-01,2024,Q1,410963.0,0.866,712186.0,270826.0,363100.0,Austin,Industrial,Value-Add,Austin Industrial 22
PROP-022,Austin Industrial 22,Austin,Industrial,Value-Add,2024-02,2024-02-01,2024,Q1,426880.0,0.881,717204.0,273435.0,363100.0,Austin,Industrial,Value-Add,Austin Industrial 22
PROP-022,Austin Industrial 22,Austin,Industrial,Value-Add,2024-03,2024-03-01,2024,Q1,443358.0,0.892,715094.0,270626.0,363100.0,Austin,Industrial,Value-Add,Austin Industrial 22
PROP-022,Austin Industrial 22,Austin,Industrial,Value-Add,2024-04,2024-04-01,2024,Q2,470862.0,0.925,730246.0,280973.0,363100.0,Austin,Industrial,Value-Add,Austin Industrial 22
PROP-022,Austin Industrial 22,Austin,Industrial,Value-Add,2024-05,2024-05-01,2024,Q2,478609.0,0.924,721934.0,273408.0,363100.0,Austin,Industrial,Value-Add,Austin Industrial 22
PROP-022,Austin Industrial 22,Austin,Industrial,Value-Add,2024-06,2024-06-01,2024,Q2,491184.0,0.94,733548.0,281043.0,363100.0,Austin,Industrial,Value-Add,Austin Industrial 22
PROP-022,Austin Industrial 22,Austin,Industrial,Value-Add,2024-07,2024-07-01,2024,Q3,487044.0,0.932,734656.0,280668.0,363100.0,Austin,Industrial,Value-Add,Austin Industrial 22
PROP-022,Austin Industrial 22,Austin,Industrial,Value-Add,2024-08,2024-08-01,2024,Q3,466871.0,0.902,724056.0,271446.0,363100.0,Austin,Industrial,Value-Add,Austin Industrial 22
PROP-022,Austin Industrial 22,Austin,Industrial,Value-Add,2024-09,2024-09-01,2024,Q3,458789.0,0.9,739983.0,282298.0,363100.0,Austin,Industrial,Value-Add,Austin Industrial 22
PROP-022,Austin Industrial 22,Austin,Industrial,Value-Add,2024-10,2024-10-01,2024,Q4,438421.0,0.874,736594.0,278517.0,363100.0,Austin,Industrial,Value-Add,Austin Industrial 22
PROP-022,Austin Industrial 22,Austin,Industrial,Value-Add,2024-11,2024-11-01,2024,Q4,426808.0,0.861,739644.0,279629.0,363100.0,Austin,Industrial,Value-Add,Austin Industrial 22
PROP-022,Austin Industrial 22,Austin,Industrial,Value-Add,2024-12,2024-12-01,2024,Q4,426613.0,0.862,747918.0,284703.0,363100.0,Austin,Industrial,Value-Add,Austin Industrial 22
PROP-023,Phoenix Office 23,Phoenix,Office,Development,2022-01,2022-01-01,2022,Q1,329272.0,0.902,570617.0,216097.0,341463.0,Phoenix,Office,Development,Phoenix Office 23
PROP-023,Phoenix Office 23,Phoenix,Office,Development,2022-02,2022-02-01,2022,Q1,339947.0,0.912,571147.0,215421.0,341463.0,Phoenix,Office,Development,Phoenix Office 23
PROP-023,Phoenix Office 23,Phoenix,Office,Development,2022-03,2022-03-01,2022,Q1,362322.0,0.948,584390.0,224410.0,341463.0,Phoenix,Office,Development,Phoenix Office 23
PROP-023,Phoenix Office 23,Phoenix,Office,Development,2022-04,2022-04-01,2022,Q2,379949.0,0.97,589251.0,227035.0,341463.0,Phoenix,Office,Development,Phoenix Office 23
PROP-023,Phoenix Office 23,Phoenix,Office,Development,2022-05,2022-05-01,2022,Q2,388370.0,0.973,585816.0,223296.0,341463.0,Phoenix,Office,Development,Phoenix Office 23
PROP-023,Phoenix Office 23,Phoenix,Office,Development,2022-06,2022-06-01,2022,Q2,388853.0,0.965,580724.0,218361.0,341463.0,Phoenix,Office,Development,Phoenix Office 23
PROP-023,Phoenix Office 23,Phoenix,Office,Development,2022-07,2022-07-01,2022,Q3,386064.0,0.958,582338.0,218510.0,341463.0,Phoenix,Office,Development,Phoenix Office 23
PROP-023,Phoenix Office 23,Phoenix,Office,Development,2022-08,2022-08-01,2022,Q3,383987.0,0.961,595514.0,227406.0,341463.0,Phoenix,Office,Development,Phoenix Office 23
PROP-023,Phoenix Office 23,Phoenix,Office,Development,2022-09,2022-09-01,2022,Q3,373806.0,0.95,602913.0,231971.0,341463.0,Phoenix,Office,Development,Phoenix Office 23
PROP-023,Phoenix Office 23,Phoenix,Office,Development,2022-10,2022-10-01,2022,Q4,354099.0,0.914,594925.0,224784.0,341463.0,Phoenix,Office,Development,Phoenix Office 23
PROP-023,Phoenix Office 23,Phoenix,Office,Development,2022-11,2022-11-01,2022,Q4,348540.0,0.91,604008.0,230598.0,341463.0,Phoenix,Office,Development,Phoenix Office 23
PROP-023,Phoenix Office 23,Phoenix,Office,Development,2022-12,2022-12-01,2022,Q4,346230.0,0.905,606995.0,231780.0,341463.0,Phoenix,Office,Development,Phoenix Office 23
PROP-023,Phoenix Office 23,Phoenix,Office,Development,2023-01,2023-01-01,2023,Q1,346322.0,0.895,600164.0,225524.0,341463.0,Phoenix,Office,Development,Phoenix Office 23
PROP-023,Phoenix Office 23,Phoenix,Office,Development,2023-02,2023-02-01,2023,Q1,365216.0,0.925,613603.0,234630.0,341463.0,Phoenix,Office,Development,Phoenix Office 23
PROP-023,Phoenix Office 23,Phoenix,Office,Development,2023-03,2023-03-01,2023,Q1,375108.0,0.926,605013.0,227041.0,341463.0,Phoenix,Office,Development,Phoenix Office 23
PROP-023,Phoenix Office 23,Phoenix,Office,Development,2023-04,2023-04-01,2023,Q2,397581.0,0.958,616596.0,234721.0,341463.0,Phoenix,Office,Development,Phoenix Office 23
PROP-023,Phoenix Office 23,Phoenix,Office,Development,2023-05,2023-05-01,2023,Q2,411717.0,0.975,621033.0,237008.0,341463.0,Phoenix,Office,Development,Phoenix Office 23
PROP-023,Phoenix Office 23,Phoenix,Office,Development,2023-06,2023-06-01,2023,Q2,413838.0,0.971,618037.0,233646.0,341463.0,Phoenix,Office,Development,Phoenix Office 23
PROP-023,Phoenix Office 23,Phoenix,Office,Development,2023-07,2023-07-01,2023,Q3,409128.0,0.96,617128.0,231890.0,341463.0,Phoenix,Office,Development,Phoenix Office 23
PROP-023,Phoenix Office 23,Phoenix,Office,Development,2023-08,2023-08-01,2023,Q3,406723.0,0.963,630774.0,241153.0,341463.0,Phoenix,Office,Development,Phoenix Office 23
PROP-023,Phoenix Office 23,Phoenix,Office,Development,2023-09,2023-09-01,2023,Q3,395727.0,0.951,638270.0,245796.0,341463.0,Phoenix,Office,Development,Phoenix Office 23
PROP-023,Phoenix Office 23,Phoenix,Office,Development,2023-10,2023-10-01,2023,Q4,382191.0,0.933,642121.0,247645.0,341463.0,Phoenix,Office,Development,Phoenix Office 23
PROP-023,Phoenix Office 23,Phoenix,Office,Development,2023-11,2023-11-01,2023,Q4,371278.0,0.917,643412.0,247522.0,341463.0,Phoenix,Office,Development,Phoenix Office 23
PROP-023,Phoenix Office 23,Phoenix,Office,Development,2023-12,2023-12-01,2023,Q4,359708.0,0.889,630624.0,236714.0,341463.0,Phoenix,Office,Development,Phoenix Office 23
PROP-023,Phoenix Office 23,Phoenix,Office,Development,2024-01,2024-01-01,2024,Q1,371936.0,0.91,644553.0,246183.0,341463.0,Phoenix,Office,Development,Phoenix Office 23
PROP-023,Phoenix Office 23,Phoenix,Office,Development,2024-02,2024-02-01,2024,Q1,383488.0,0.919,644300.0,244896.0,341463.0,Phoenix,Office,Development,Phoenix Office 23
PROP-023,Phoenix Office 23,Phoenix,Office,Development,2024-03,2024-03-01,2024,Q1,395342.0,0.924,637648.0,238804.0,341463.0,Phoenix,Office,Development,Phoenix Office 23
PROP-023,Phoenix Office 23,Phoenix,Office,Development,2024-04,2024-04-01,2024,Q2,416628.0,0.951,646136.0,244124.0,341463.0,Phoenix,Office,Development,Phoenix Office 23
PROP-023,Phoenix Office 23,Phoenix,Office,Development,2024-05,2024-05-01,2024,Q2,438584.0,0.984,661559.0,254795.0,341463.0,Phoenix,Office,Development,Phoenix Office 23
PROP-023,Phoenix Office 23,Phoenix,Office,Development,2024-06,2024-06-01,2024,Q2,436897.0,0.971,652475.0,246763.0,341463.0,Phoenix,Office,Development,Phoenix Office 23
PROP-023,Phoenix Office 23,Phoenix,Office,Development,2024-07,2024-07-01,2024,Q3,440008.0,0.978,663708.0,254223.0,341463.0,Phoenix,Office,Development,Phoenix Office 23
PROP-023,Phoenix Office 23,Phoenix,Office,Development,2024-08,2024-08-01,2024,Q3,422475.0,0.948,655203.0,246677.0,341463.0,Phoenix,Office,Development,Phoenix Office 23
PROP-023,Phoenix Office 23,Phoenix,Office,Development,2024-09,2024-09-01,2024,Q3,417966.0,0.952,674138.0,260015.0,341463.0,Phoenix,Office,Development,Phoenix Office 23
PROP-023,Phoenix Office 23,Phoenix,Office,Development,2024-10,2024-10-01,2024,Q4,392912.0,0.91,660134.0,248254.0,341463.0,Phoenix,Office,Development,Phoenix Office 23
PROP-023,Phoenix Office 23,Phoenix,Office,Development,2024-11,2024-11-01,2024,Q4,384195.0,0.9,665798.0,251453.0,341463.0,Phoenix,Office,Development,Phoenix Office 23
PROP-023,Phoenix Office 23,Phoenix,Office,Development,2024-12,2024-12-01,2024,Q4,387062.0,0.908,678580.0,260089.0,341463.0,Phoenix,Office,Development,Phoenix Office 23
PROP-024,Dallas Multifamily 24,Dallas-Fort Worth,Multifamily,Stabilized,2022-01,2022-01-01,2022,Q1,363589.0,0.942,630088.0,239489.0,292707.0,Dallas-Fort Worth,Multifamily,Stabilized,Dallas Multifamily 24
PROP-024,Dallas Multifamily 24,Dallas-Fort Worth,Multifamily,Stabilized,2022-02,2022-02-01,2022,Q1,377266.0,0.958,633848.0,241150.0,292707.0,Dallas-Fort Worth,Multifamily,Stabilized,Dallas Multifamily 24
PROP-024,Dallas Multifamily 24,Dallas-Fort Worth,Multifamily,Stabilized,2022-03,2022-03-01,2022,Q1,397294.0,0.983,640797.0,245246.0,292707.0,Dallas-Fort Worth,Multifamily,Stabilized,Dallas Multifamily 24
PROP-024,Dallas Multifamily 24,Dallas-Fort Worth,Multifamily,Stabilized,2022-04,2022-04-01,2022,Q2,412608.0,0.99,639901.0,243356.0,292707.0,Dallas-Fort Worth,Multifamily,Stabilized,Dallas Multifamily 24
PROP-024,Dallas Multifamily 24,Dallas-Fort Worth,Multifamily,Stabilized,2022-05,2022-05-01,2022,Q2,428046.0,0.99,645663.0,246544.0,292707.0,Dallas-Fort Worth,Multifamily,Stabilized,Dallas Multifamily 24
PROP-024,Dallas Multifamily 24,Dallas-Fort Worth,Multifamily,Stabilized,2022-06,2022-06-01,2022,Q2,437237.0,0.99,652982.0,250935.0,292707.0,Dallas-Fort Worth,Multifamily,Stabilized,Dallas Multifamily 24
PROP-024,Dallas Multifamily 24,Dallas-Fort Worth,Multifamily,Stabilized,2022-07,2022-07-01,2022,Q3,431676.0,0.99,651139.0,248309.0,292707.0,Dallas-Fort Worth,Multifamily,Stabilized,Dallas Multifamily 24
PROP-024,Dallas Multifamily 24,Dallas-Fort Worth,Multifamily,Stabilized,2022-08,2022-08-01,2022,Q3,421630.0,0.99,653893.0,249204.0,292707.0,Dallas-Fort Worth,Multifamily,Stabilized,Dallas Multifamily 24
PROP-024,Dallas Multifamily 24,Dallas-Fort Worth,Multifamily,Stabilized,2022-09,2022-09-01,2022,Q3,401974.0,0.966,648345.0,243816.0,292707.0,Dallas-Fort Worth,Multifamily,Stabilized,Dallas Multifamily 24
PROP-024,Dallas Multifamily 24,Dallas-Fort Worth,Multifamily,Stabilized,2022-10,2022-10-01,2022,Q4,388063.0,0.947,651987.0,245383.0,292707.0,Dallas-Fort Worth,Multifamily,Stabilized,Dallas Multifamily 24
PROP-024,Dallas Multifamily 24,Dallas-Fort Worth,Multifamily,Stabilized,2022-11,2022-11-01,2022,Q4,383889.0,0.948,665267.0,254264.0,292707.0,Dallas-Fort Worth,Multifamily,Stabilized,Dallas Multifamily 24
PROP-024,Dallas Multifamily 24,Dallas-Fort Worth,Multifamily,Stabilized,2022-12,2022-12-01,2022,Q4,380501.0,0.94,667077.0,254438.0,292707.0,Dallas-Fort Worth,Multifamily,Stabilized,Dallas Multifamily 24
PROP-024,Dallas Multifamily 24,Dallas-Fort Worth,Multifamily,Stabilized,2023-01,2023-01-01,2023,Q1,389970.0,0.954,675806.0,259908.0,292707.0,Dallas-Fort Worth,Multifamily,Stabilized,Dallas Multifamily 24
PROP-024,Dallas Multifamily 24,Dallas-Fort Worth,Multifamily,Stabilized,2023-02,2023-02-01,2023,Q1,401963.0,0.963,675341.0,258332.0,292707.0,Dallas-Fort Worth,Multifamily,Stabilized,Dallas Multifamily 24
PROP-024,Dallas Multifamily 24,Dallas-Fort Worth,Multifamily,Stabilized,2023-03,2023-03-01,2023,Q1,412183.0,0.963,664812.0,249170.0,292707.0,Dallas-Fort Worth,Multifamily,Stabilized,Dallas Multifamily 24
PROP-024,Dallas Multifamily 24,Dallas-Fort Worth,Multifamily,Stabilized,2023-04,2023-04-01,2023,Q2,434874.0,0.99,674432.0,255241.0,292707.0,Dallas-Fort Worth,Multifamily,Stabilized,Dallas Multifamily 24
PROP-024,Dallas Multifamily 24,Dallas-Fort Worth,Multifamily,Stabilized,2023-05,2023-05-01,2023,Q2,454005.0,0.99,684820.0,261946.0,292707.0,Dallas-Fort Worth,Multifamily,Stabilized,Dallas Multifamily 24
PROP-024,Dallas Multifamily 24,Dallas-Fort Worth,Multifamily,Stabilized,2023-06,2023-06-01,2023,Q2,464111.0,0.99,693117.0,267095.0,292707.0,Dallas-Fort Worth,Multifamily,Stabilized,Dallas Multifamily 24
PROP-024,Dallas Multifamily 24,Dallas-Fort Worth,Multifamily,Stabilized,2023-07,2023-07-01,2023,Q3,456720.0,0.99,688916.0,262657.0,292707.0,Dallas-Fort Worth,Multifamily,Stabilized,Dallas Multifamily 24
PROP-024,Dallas Multifamily 24,Dallas-Fort Worth,Multifamily,Stabilized,2023-08,2023-08-01,2023,Q3,448143.0,0.99,695010.0,266104.0,292707.0,Dallas-Fort Worth,Multifamily,Stabilized,Dallas Multifamily 24
PROP-024,Dallas Multifamily 24,Dallas-Fort Worth,Multifamily,Stabilized,2023-09,2023-09-01,2023,Q3,433279.0,0.984,698837.0,267819.0,292707.0,Dallas-Fort Worth,Multifamily,Stabilized,Dallas Multifamily 24
PROP-024,Dallas Multifamily 24,Dallas-Fort Worth,Multifamily,Stabilized,2023-10,2023-10-01,2023,Q4,411005.0,0.949,690532.0,260308.0,292707.0,Dallas-Fort Worth,Multifamily,Stabilized,Dallas Multifamily 24
PROP-024,Dallas Multifamily 24,Dallas-Fort Worth,Multifamily,Stabilized,2023-11,2023-11-01,2023,Q4,400334.0,0.935,693765.0,261568.0,292707.0,Dallas-Fort Worth,Multifamily,Stabilized,Dallas Multifamily 24
PROP-024,Dallas Multifamily 24,Dallas-Fort Worth,Multifamily,Stabilized,2023-12,2023-12-01,2023,Q4,406237.0,0.95,712197.0,274415.0,292707.0,Dallas-Fort Worth,Multifamily,Stabilized,Dallas Multifamily 24
PROP-024,Dallas Multifamily 24,Dallas-Fort Worth,Multifamily,Stabilized,2024-01,2024-01-01,2024,Q1,410599.0,0.95,711555.0,272698.0,292707.0,Dallas-Fort Worth,Multifamily,Stabilized,Dallas Multifamily 24
PROP-024,Dallas Multifamily 24,Dallas-Fort Worth,Multifamily,Stabilized,2024-02,2024-02-01,2024,Q1,426922.0,0.968,717274.0,275867.0,292707.0,Dallas-Fort Worth,Multifamily,Stabilized,Dallas Multifamily 24
PROP-024,Dallas Multifamily 24,Dallas-Fort Worth,Multifamily,Stabilized,2024-03,2024-03-01,2024,Q1,437287.0,0.967,705301.0,265554.0,292707.0,Dallas-Fort Worth,Multifamily,Stabilized,Dallas Multifamily 24
PROP-024,Dallas Multifamily 24,Dallas-Fort Worth,Multifamily,Stabilized,2024-04,2024-04-01,2024,Q2,463489.0,0.99,718810.0,274609.0,292707.0,Dallas-Fort Worth,Multifamily,Stabilized,Dallas Multifamily 24
PROP-024,Dallas Multifamily 24,Dallas-Fort Worth,Multifamily,Stabilized,2024-05,2024-05-01,2024,Q2,477097.0,0.99,719652.0,274045.0,292707.0,Dallas-Fort Worth,Multifamily,Stabilized,Dallas Multifamily 24
PROP-024,Dallas Multifamily 24,Dallas-Fort Worth,Multifamily,Stabilized,2024-06,2024-06-01,2024,Q2,482111.0,0.99,719999.0,273112.0,292707.0,Dallas-Fort Worth,Multifamily,Stabilized,Dallas Multifamily 24
PROP-024,Dallas Multifamily 24,Dallas-Fort Worth,Multifamily,Stabilized,2024-07,2024-07-01,2024,Q3,484149.0,0.99,730290.0,279753.0,292707.0,Dallas-Fort Worth,Multifamily,Stabilized,Dallas Multifamily 24
PROP-024,Dallas Multifamily 24,Dallas-Fort Worth,Multifamily,Stabilized,2024-08,2024-08-01,2024,Q3,473061.0,0.99,733655.0,281115.0,292707.0,Dallas-Fort Worth,Multifamily,Stabilized,Dallas Multifamily 24
PROP-024,Dallas Multifamily 24,Dallas-Fort Worth,Multifamily,Stabilized,2024-09,2024-09-01,2024,Q3,453094.0,0.976,730797.0,277727.0,292707.0,Dallas-Fort Worth,Multifamily,Stabilized,Dallas Multifamily 24
PROP-024,Dallas Multifamily 24,Dallas-Fort Worth,Multifamily,Stabilized,2024-10,2024-10-01,2024,Q4,435742.0,0.954,732093.0,277516.0,292707.0,Dallas-Fort Worth,Multifamily,Stabilized,Dallas Multifamily 24
PROP-024,Dallas Multifamily 24,Dallas-Fort Worth,Multifamily,Stabilized,2024-11,2024-11-01,2024,Q4,420990.0,0.933,729561.0,274423.0,292707.0,Dallas-Fort Worth,Multifamily,Stabilized,Dallas Multifamily 24
PROP-024,Dallas Multifamily 24,Dallas-Fort Worth,Multifamily,Stabilized,2024-12,2024-12-01,2024,Q4,418397.0,0.929,733515.0,276225.0,292707.0,Dallas-Fort Worth,Multifamily,Stabilized,Dallas Multifamily 24
PROP-025,Denver Multifamily 25,Denver,Multifamily,Stabilized,2022-01,2022-01-01,2022,Q1,194257.0,0.908,336642.0,128326.0,182573.0,Denver,Multifamily,Stabilized,Denver Multifamily 25
PROP-025,Denver Multifamily 25,Denver,Multifamily,Stabilized,2022-02,2022-02-01,2022,Q1,202987.0,0.93,341040.0,131045.0,182573.0,Denver,Multifamily,Stabilized,Denver Multifamily 25
PROP-025,Denver Multifamily 25,Denver,Multifamily,Stabilized,2022-03,2022-03-01,2022,Q1,207322.0,0.925,334390.0,125361.0,182573.0,Denver,Multifamily,Stabilized,Denver Multifamily 25
PROP-025,Denver Multifamily 25,Denver,Multifamily,Stabilized,2022-04,2022-04-01,2022,Q2,219505.0,0.956,340423.0,129285.0,182573.0,Denver,Multifamily,Stabilized,Denver Multifamily 25
PROP-025,Denver Multifamily 25,Denver,Multifamily,Stabilized,2022-05,2022-05-01,2022,Q2,226052.0,0.967,340977.0,129071.0,182573.0,Denver,Multifamily,Stabilized,Denver Multifamily 25
PROP-025,Denver Multifamily 25,Denver,Multifamily,Stabilized,2022-06,2022-06-01,2022,Q2,233328.0,0.988,348459.0,134140.0,182573.0,Denver,Multifamily,Stabilized,Denver Multifamily 25
PROP-025,Denver Multifamily 25,Denver,Multifamily,Stabilized,2022-07,2022-07-01,2022,Q3,230607.0,0.977,347848.0,133021.0,182573.0,Denver,Multifamily,Stabilized,Denver Multifamily 25
PROP-025,Denver Multifamily 25,Denver,Multifamily,Stabilized,2022-08,2022-08-01,2022,Q3,224068.0,0.957,347499.0,132113.0,182573.0,Denver,Multifamily,Stabilized,Denver Multifamily 25
PROP-025,Denver Multifamily 25,Denver,Multifamily,Stabilized,2022-09,2022-09-01,2022,Q3,213951.0,0.927,345082.0,129655.0,182573.0,Denver,Multifamily,Stabilized,Denver Multifamily 25
PROP-025,Denver Multifamily 25,Denver,Multifamily,Stabilized,2022-10,2022-10-01,2022,Q4,206125.0,0.908,346311.0,129955.0,182573.0,Denver,Multifamily,Stabilized,Denver Multifamily 25
PROP-025,Denver Multifamily 25,Denver,Multifamily,Stabilized,2022-11,2022-11-01,2022,Q4,201260.0,0.896,348776.0,131184.0,182573.0,Denver,Multifamily,Stabilized,Denver Multifamily 25
PROP-025,Denver Multifamily 25,Denver,Multifamily,Stabilized,2022-12,2022-12-01,2022,Q4,201640.0,0.899,353507.0,134128.0,182573.0,Denver,Multifamily,Stabilized,Denver Multifamily 25
PROP-025,Denver Multifamily 25,Denver,Multifamily,Stabilized,2023-01,2023-01-01,2023,Q1,205351.0,0.906,355866.0,135283.0,182573.0,Denver,Multifamily,Stabilized,Denver Multifamily 25
PROP-025,Denver Multifamily 25,Denver,Multifamily,Stabilized,2023-02,2023-02-01,2023,Q1,214838.0,0.928,360951.0,138524.0,182573.0,Denver,Multifamily,Stabilized,Denver Multifamily 25
PROP-025,Denver Multifamily 25,Denver,Multifamily,Stabilized,2023-03,2023-03-01,2023,Q1,219902.0,0.927,354681.0,133128.0,182573.0,Denver,Multifamily,Stabilized,Denver Multifamily 25
PROP-025,Denver Multifamily 25,Denver,Multifamily,Stabilized,2023-04,2023-04-01,2023,Q2,235481.0,0.969,365200.0,140485.0,182573.0,Denver,Multifamily,Stabilized,Denver Multifamily 25
PROP-025,Denver Multifamily 25,Denver,Multifamily,Stabilized,2023-05,2023-05-01,2023,Q2,242561.0,0.98,365878.0,140355.0,182573.0,Denver,Multifamily,Stabilized,Denver Multifamily 25
PROP-025,Denver Multifamily 25,Denver,Multifamily,Stabilized,2023-06,2023-06-01,2023,Q2,246623.0,0.987,368314.0,141574.0,182573.0,Denver,Multifamily,Stabilized,Denver Multifamily 25
PROP-025,Denver Multifamily 25,Denver,Multifamily,Stabilized,2023-07,2023-07-01,2023,Q3,245635.0,0.983,370515.0,142614.0,182573.0,Denver,Multifamily,Stabilized,Denver Multifamily 25
PROP-025,Denver Multifamily 25,Denver,Multifamily,Stabilized,2023-08,2023-08-01,2023,Q3,236339.0,0.954,366531.0,138926.0,182573.0,Denver,Multifamily,Stabilized,Denver Multifamily 25
PROP-025,Denver Multifamily 25,Denver,Multifamily,Stabilized,2023-09,2023-09-01,2023,Q3,228160.0,0.935,368000.0,139406.0,182573.0,Denver,Multifamily,Stabilized,Denver Multifamily 25
PROP-025,Denver Multifamily 25,Denver,Multifamily,Stabilized,2023-10,2023-10-01,2023,Q4,219880.0,0.916,369422.0,139850.0,182573.0,Denver,Multifamily,Stabilized,Denver Multifamily 25
PROP-025,Denver Multifamily 25,Denver,Multifamily,Stabilized,2023-11,2023-11-01,2023,Q4,214217.0,0.902,371230.0,140586.0,182573.0,Denver,Multifamily,Stabilized,Denver Multifamily 25
PROP-025,Denver Multifamily 25,Denver,Multifamily,Stabilized,2023-12,2023-12-01,2023,Q4,210754.0,0.889,369484.0,138642.0,182573.0,Denver,Multifamily,Stabilized,Denver Multifamily 25
PROP-025,Denver Multifamily 25,Denver,Multifamily,Stabilized,2024-01,2024-01-01,2024,Q1,215095.0,0.898,372752.0,140475.0,182573.0,Denver,Multifamily,Stabilized,Denver Multifamily 25
PROP-025,Denver Multifamily 25,Denver,Multifamily,Stabilized,2024-02,2024-02-01,2024,Q1,223487.0,0.914,375483.0,141907.0,182573.0,Denver,Multifamily,Stabilized,Denver Multifamily 25
PROP-025,Denver Multifamily 25,Denver,Multifamily,Stabilized,2024-03,2024-03-01,2024,Q1,232285.0,0.927,374653.0,140656.0,182573.0,Denver,Multifamily,Stabilized,Denver Multifamily 25
PROP-025,Denver Multifamily 25,Denver,Multifamily,Stabilized,2024-04,2024-04-01,2024,Q2,247181.0,0.963,383346.0,146610.0,182573.0,Denver,Multifamily,Stabilized,Denver Multifamily 25
PROP-025,Denver Multifamily 25,Denver,Multifamily,Stabilized,2024-05,2024-05-01,2024,Q2,252374.0,0.966,380680.0,143944.0,182573.0,Denver,Multifamily,Stabilized,Denver Multifamily 25
PROP-025,Denver Multifamily 25,Denver,Multifamily,Stabilized,2024-06,2024-06-01,2024,Q2,254560.0,0.965,380168.0,142930.0,182573.0,Denver,Multifamily,Stabilized,Denver Multifamily 25
PROP-025,Denver Multifamily 25,Denver,Multifamily,Stabilized,2024-07,2024-07-01,2024,Q3,252308.0,0.957,380581.0,142618.0,182573.0,Denver,Multifamily,Stabilized,Denver Multifamily 25
PROP-025,Denver Multifamily 25,Denver,Multifamily,Stabilized,2024-08,2024-08-01,2024,Q3,253057.0,0.969,392458.0,151001.0,182573.0,Denver,Multifamily,Stabilized,Denver Multifamily 25
PROP-025,Denver Multifamily 25,Denver,Multifamily,Stabilized,2024-09,2024-09-01,2024,Q3,241155.0,0.937,388960.0,147683.0,182573.0,Denver,Multifamily,Stabilized,Denver Multifamily 25
PROP-025,Denver Multifamily 25,Denver,Multifamily,Stabilized,2024-10,2024-10-01,2024,Q4,235011.0,0.928,394843.0,151531.0,182573.0,Denver,Multifamily,Stabilized,Denver Multifamily 25
PROP-025,Denver Multifamily 25,Denver,Multifamily,Stabilized,2024-11,2024-11-01,2024,Q4,228329.0,0.913,395687.0,151529.0,182573.0,Denver,Multifamily,Stabilized,Denver Multifamily 25
PROP-025,Denver Multifamily 25,Denver,Multifamily,Stabilized,2024-12,2024-12-01,2024,Q4,224709.0,0.9,393950.0,149562.0,182573.0,Denver,Multifamily,Stabilized,Denver Multifamily 25
PROP-026,Denver Office 26,Denver,Office,Value-Add,2022-01,2022-01-01,2022,Q1,188531.0,0.865,326718.0,124582.0,137606.0,Denver,Office,Value-Add,Denver Office 26
PROP-026,Denver Office 26,Denver,Office,Value-Add,2022-02,2022-02-01,2022,Q1,197132.0,0.886,331203.0,127390.0,137606.0,Denver,Office,Value-Add,Denver Office 26
PROP-026,Denver Office 26,Denver,Office,Value-Add,2022-03,2022-03-01,2022,Q1,200943.0,0.88,324102.0,121382.0,137606.0,Denver,Office,Value-Add,Denver Office 26
PROP-026,Denver Office 26,Denver,Office,Value-Add,2022-04,2022-04-01,2022,Q2,211273.0,0.903,327656.0,123447.0,137606.0,Denver,Office,Value-Add,Denver Office 26
PROP-026,Denver Office 26,Denver,Office,Value-Add,2022-05,2022-05-01,2022,Q2,217854.0,0.914,328611.0,123559.0,137606.0,Denver,Office,Value-Add,Denver Office 26
PROP-026,Denver Office 26,Denver,Office,Value-Add,2022-06,2022-06-01,2022,Q2,226418.0,0.941,338139.0,130190.0,137606.0,Denver,Office,Value-Add,Denver Office 26
PROP-026,Denver Office 26,Denver,Office,Value-Add,2022-07,2022-07-01,2022,Q3,223054.0,0.927,336455.0,128271.0,137606.0,Denver,Office,Value-Add,Denver Office 26
PROP-026,Denver Office 26,Denver,Office,Value-Add,2022-08,2022-08-01,2022,Q3,216789.0,0.909,336211.0,127466.0,137606.0,Denver,Office,Value-Add,Denver Office 26
PROP-026,Denver Office 26,Denver,Office,Value-Add,2022-09,2022-09-01,2022,Q3,211681.0,0.9,341421.0,130815.0,137606.0,Denver,Office,Value-Add,Denver Office 26
PROP-026,Denver Office 26,Denver,Office,Value-Add,2022-10,2022-10-01,2022,Q4,200919.0,0.868,337565.0,127265.0,137606.0,Denver,Office,Value-Add,Denver Office 26
PROP-026,Denver Office 26,Denver,Office,Value-Add,2022-11,2022-11-01,2022,Q4,195037.0,0.852,337993.0,126980.0,137606.0,Denver,Office,Value-Add,Denver Office 26
PROP-026,Denver Office 26,Denver,Office,Value-Add,2022-12,2022-12-01,2022,Q4,194394.0,0.851,340804.0,128489.0,137606.0,Denver,Office,Value-Add,Denver Office 26
PROP-026,Denver Office 26,Denver,Office,Value-Add,2023-01,2023-01-01,2023,Q1,199984.0,0.866,346566.0,132244.0,137606.0,Denver,Office,Value-Add,Denver Office 26
PROP-026,Denver Office 26,Denver,Office,Value-Add,2023-02,2023-02-01,2023,Q1,207149.0,0.878,348032.0,132739.0,137606.0,Denver,Office,Value-Add,Denver Office 26
PROP-026,Denver Office 26,Denver,Office,Value-Add,2023-03,2023-03-01,2023,Q1,213164.0,0.881,343813.0,128935.0,137606.0,Denver,Office,Value-Add,Denver Office 26
PROP-026,Denver Office 26,Denver,Office,Value-Add,2023-04,2023-04-01,2023,Q2,227967.0,0.92,353546.0,135704.0,137606.0,Denver,Office,Value-Add,Denver Office 26
PROP-026,Denver Office 26,Denver,Office,Value-Add,2023-05,2023-05-01,2023,Q2,233119.0,0.924,351637.0,133621.0,137606.0,Denver,Office,Value-Add,Denver Office 26
PROP-026,Denver Office 26,Denver,Office,Value-Add,2023-06,2023-06-01,2023,Q2,236803.0,0.93,353649.0,134532.0,137606.0,Denver,Office,Value-Add,Denver Office 26
PROP-026,Denver Office 26,Denver,Office,Value-Add,2023-07,2023-07-01,2023,Q3,236211.0,0.928,356300.0,135930.0,137606.0,Denver,Office,Value-Add,Denver Office 26
PROP-026,Denver Office 26,Denver,Office,Value-Add,2023-08,2023-08-01,2023,Q3,230403.0,0.913,357325.0,136089.0,137606.0,Denver,Office,Value-Add,Denver Office 26
PROP-026,Denver Office 26,Denver,Office,Value-Add,2023-09,2023-09-01,2023,Q3,223509.0,0.899,360499.0,137888.0,137606.0,Denver,Office,Value-Add,Denver Office 26
PROP-026,Denver Office 26,Denver,Office,Value-Add,2023-10,2023-10-01,2023,Q4,212799.0,0.87,357526.0,135009.0,137606.0,Denver,Office,Value-Add,Denver Office 26
PROP-026,Denver Office 26,Denver,Office,Value-Add,2023-11,2023-11-01,2023,Q4,205429.0,0.849,356002.0,133258.0,137606.0,Denver,Office,Value-Add,Denver Office 26
PROP-026,Denver Office 26,Denver,Office,Value-Add,2023-12,2023-12-01,2023,Q4,206160.0,0.853,361431.0,136737.0,137606.0,Denver,Office,Value-Add,Denver Office 26
PROP-026,Denver Office 26,Denver,Office,Value-Add,2024-01,2024-01-01,2024,Q1,210873.0,0.864,365435.0,139160.0,137606.0,Denver,Office,Value-Add,Denver Office 26
PROP-026,Denver Office 26,Denver,Office,Value-Add,2024-02,2024-02-01,2024,Q1,215971.0,0.867,362854.0,136591.0,137606.0,Denver,Office,Value-Add,Denver Office 26
PROP-026,Denver Office 26,Denver,Office,Value-Add,2024-03,2024-03-01,2024,Q1,229260.0,0.898,369775.0,141224.0,137606.0,Denver,Office,Value-Add,Denver Office 26
PROP-026,Denver Office 26,Denver,Office,Value-Add,2024-04,2024-04-01,2024,Q2,238451.0,0.912,369807.0,140626.0,137606.0,Denver,Office,Value-Add,Denver Office 26
PROP-026,Denver Office 26,Denver,Office,Value-Add,2024-05,2024-05-01,2024,Q2,245043.0,0.92,369622.0,139869.0,137606.0,Denver,Office,Value-Add,Denver Office 26
PROP-026,Denver Office 26,Denver,Office,Value-Add,2024-06,2024-06-01,2024,Q2,253024.0,0.941,377873.0,145545.0,137606.0,Denver,Office,Value-Add,Denver Office 26
PROP-026,Denver Office 26,Denver,Office,Value-Add,2024-07,2024-07-01,2024,Q3,248559.0,0.925,374925.0,142660.0,137606.0,Denver,Office,Value-Add,Denver Office 26
PROP-026,Denver Office 26,Denver,Office,Value-Add,2024-08,2024-08-01,2024,Q3,244566.0,0.919,379289.0,145368.0,137606.0,Denver,Office,Value-Add,Denver Office 26
PROP-026,Denver Office 26,Denver,Office,Value-Add,2024-09,2024-09-01,2024,Q3,234219.0,0.893,377772.0,143586.0,137606.0,Denver,Office,Value-Add,Denver Office 26
PROP-026,Denver Office 26,Denver,Office,Value-Add,2024-10,2024-10-01,2024,Q4,222519.0,0.863,373856.0,140021.0,137606.0,Denver,Office,Value-Add,Denver Office 26
PROP-026,Denver Office 26,Denver,Office,Value-Add,2024-11,2024-11-01,2024,Q4,222283.0,0.872,385208.0,148018.0,137606.0,Denver,Office,Value-Add,Denver Office 26
PROP-026,Denver Office 26,Denver,Office,Value-Add,2024-12,2024-12-01,2024,Q4,215230.0,0.846,377331.0,141422.0,137606.0,Denver,Office,Value-Add,Denver Office 26
PROP-027,Dallas Multifamily 27,Dallas-Fort Worth,Multifamily,Stabilized,2022-01,2022-01-01,2022,Q1,93543.0,0.936,162108.0,61392.0,81991.0,Dallas-Fort Worth,Multifamily,Stabilized,Dallas Multifamily 27
PROP-027,Dallas Multifamily 27,Dallas-Fort Worth,Multifamily,Stabilized,2022-02,2022-02-01,2022,Q1,96929.0,0.95,162852.0,61649.0,81991.0,Dallas-Fort Worth,Multifamily,Stabilized,Dallas Multifamily 27
PROP-027,Dallas Multifamily 27,Dallas-Fort Worth,Multifamily,Stabilized,2022-03,2022-03-01,2022,Q1,102613.0,0.98,165505.0,63359.0,81991.0,Dallas-Fort Worth,Multifamily,Stabilized,Dallas Multifamily 27
PROP-027,Dallas Multifamily 27,Dallas-Fort Worth,Multifamily,Stabilized,2022-04,2022-04-01,2022,Q2,106000.0,0.988,164392.0,62201.0,81991.0,Dallas-Fort Worth,Multifamily,Stabilized,Dallas Multifamily 27
PROP-027,Dallas Multifamily 27,Dallas-Fort Worth,Multifamily,Stabilized,2022-05,2022-05-01,2022,Q2,108566.0,0.99,163760.0,61421.0,81991.0,Dallas-Fort Worth,Multifamily,Stabilized,Dallas Multifamily 27
PROP-027,Dallas Multifamily 27,Dallas-Fort Worth,Multifamily,Stabilized,2022-06,2022-06-01,2022,Q2,110773.0,0.99,165431.0,62376.0,81991.0,Dallas-Fort Worth,Multifamily,Stabilized,Dallas Multifamily 27
PROP-027,Dallas Multifamily 27,Dallas-Fort Worth,Multifamily,Stabilized,2022-07,2022-07-01,2022,Q3,111595.0,0.99,168329.0,64266.0,81991.0,Dallas-Fort Worth,Multifamily,Stabilized,Dallas Multifamily 27
PROP-027,Dallas Multifamily 27,Dallas-Fort Worth,Multifamily,Stabilized,2022-08,2022-08-01,2022,Q3,107263.0,0.981,166351.0,62462.0,81991.0,Dallas-Fort Worth,Multifamily,Stabilized,Dallas Multifamily 27
PROP-027,Dallas Multifamily 27,Dallas-Fort Worth,Multifamily,Stabilized,2022-09,2022-09-01,2022,Q3,105141.0,0.975,169582.0,64599.0,81991.0,Dallas-Fort Worth,Multifamily,Stabilized,Dallas Multifamily 27
PROP-027,Dallas Multifamily 27,Dallas-Fort Worth,Multifamily,Stabilized,2022-10,2022-10-01,2022,Q4,101951.0,0.961,171288.0,65591.0,81991.0,Dallas-Fort Worth,Multifamily,Stabilized,Dallas Multifamily 27
PROP-027,Dallas Multifamily 27,Dallas-Fort Worth,Multifamily,Stabilized,2022-11,2022-11-01,2022,Q4,97471.0,0.929,168914.0,63481.0,81991.0,Dallas-Fort Worth,Multifamily,Stabilized,Dallas Multifamily 27
PROP-027,Dallas Multifamily 27,Dallas-Fort Worth,Multifamily,Stabilized,2022-12,2022-12-01,2022,Q4,97450.0,0.93,170846.0,64634.0,81991.0,Dallas-Fort Worth,Multifamily,Stabilized,Dallas Multifamily 27
PROP-027,Dallas Multifamily 27,Dallas-Fort Worth,Multifamily,Stabilized,2023-01,2023-01-01,2023,Q1,99012.0,0.935,171584.0,64886.0,81991.0,Dallas-Fort Worth,Multifamily,Stabilized,Dallas Multifamily 27
PROP-027,Dallas Multifamily 27,Dallas-Fort Worth,Multifamily,Stabilized,2023-02,2023-02-01,2023,Q1,103550.0,0.958,173975.0,66394.0,81991.0,Dallas-Fort Worth,Multifamily,Stabilized,Dallas Multifamily 27
PROP-027,Dallas Multifamily 27,Dallas-Fort Worth,Multifamily,Stabilized,2023-03,2023-03-01,2023,Q1,108978.0,0.983,175771.0,67455.0,81991.0,Dallas-Fort Worth,Multifamily,Stabilized,Dallas Multifamily 27
PROP-027,Dallas Multifamily 27,Dallas-Fort Worth,Multifamily,Stabilized,2023-04,2023-04-01,2023,Q2,113374.0,0.99,175828.0,67185.0,81991.0,Dallas-Fort Worth,Multifamily,Stabilized,Dallas Multifamily 27
PROP-027,Dallas Multifamily 27,Dallas-Fort Worth,Multifamily,Stabilized,2023-05,2023-05-01,2023,Q2,118143.0,0.99,178206.0,68695.0,81991.0,Dallas-Fort Worth,Multifamily,Stabilized,Dallas Multifamily 27
PROP-027,Dallas Multifamily 27,Dallas-Fort Worth,Multifamily,Stabilized,2023-06,2023-06-01,2023,Q2,118099.0,0.99,176372.0,66978.0,81991.0,Dallas-Fort Worth,Multifamily,Stabilized,Dallas Multifamily 27
PROP-027,Dallas Multifamily 27,Dallas-Fort Worth,Multifamily,Stabilized,2023-07,2023-07-01,2023,Q3,116421.0,0.99,175609.0,66095.0,81991.0,Dallas-Fort Worth,Multifamily,Stabilized,Dallas Multifamily 27
PROP-027,Dallas Multifamily 27,Dallas-Fort Worth,Multifamily,Stabilized,2023-08,2023-08-01,2023,Q3,113589.0,0.982,176161.0,66208.0,81991.0,Dallas-Fort Worth,Multifamily,Stabilized,Dallas Multifamily 27
PROP-027,Dallas Multifamily 27,Dallas-Fort Worth,Multifamily,Stabilized,2023-09,2023-09-01,2023,Q3,111653.0,0.979,180085.0,68876.0,81991.0,Dallas-Fort Worth,Multifamily,Stabilized,Dallas Multifamily 27
PROP-027,Dallas Multifamily 27,Dallas-Fort Worth,Multifamily,Stabilized,2023-10,2023-10-01,2023,Q4,108404.0,0.966,182131.0,70131.0,81991.0,Dallas-Fort Worth,Multifamily,Stabilized,Dallas Multifamily 27
PROP-027,Dallas Multifamily 27,Dallas-Fort Worth,Multifamily,Stabilized,2023-11,2023-11-01,2023,Q4,102740.0,0.926,178044.0,66717.0,81991.0,Dallas-Fort Worth,Multifamily,Stabilized,Dallas Multifamily 27
PROP-027,Dallas Multifamily 27,Dallas-Fort Worth,Multifamily,Stabilized,2023-12,2023-12-01,2023,Q4,102525.0,0.926,179742.0,67691.0,81991.0,Dallas-Fort Worth,Multifamily,Stabilized,Dallas Multifamily 27
PROP-027,Dallas Multifamily 27,Dallas-Fort Worth,Multifamily,Stabilized,2024-01,2024-01-01,2024,Q1,106044.0,0.947,183770.0,70442.0,81991.0,Dallas-Fort Worth,Multifamily,Stabilized,Dallas Multifamily 27
PROP-027,Dallas Multifamily 27,Dallas-Fort Worth,Multifamily,Stabilized,2024-02,2024-02-01,2024,Q1,110177.0,0.965,185110.0,71156.0,81991.0,Dallas-Fort Worth,Multifamily,Stabilized,Dallas Multifamily 27
PROP-027,Dallas Multifamily 27,Dallas-Fort Worth,Multifamily,Stabilized,2024-03,2024-03-01,2024,Q1,113329.0,0.968,182789.0,69076.0,81991.0,Dallas-Fort Worth,Multifamily,Stabilized,Dallas Multifamily 27
PROP-027,Dallas Multifamily 27,Dallas-Fort Worth,Multifamily,Stabilized,2024-04,2024-04-01,2024,Q2,118364.0,0.987,183567.0,69358.0,81991.0,Dallas-Fort Worth,Multifamily,Stabilized,Dallas Multifamily 27
PROP-027,Dallas Multifamily 27,Dallas-Fort Worth,Multifamily,Stabilized,2024-05,2024-05-01,2024,Q2,122558.0,0.99,184866.0,70035.0,81991.0,Dallas-Fort Worth,Multifamily,Stabilized,Dallas Multifamily 27
PROP-027,Dallas Multifamily 27,Dallas-Fort Worth,Multifamily,Stabilized,2024-06,2024-06-01,2024,Q2,125890.0,0.99,188008.0,72119.0,81991.0,Dallas-Fort Worth,Multifamily,Stabilized,Dallas Multifamily 27
PROP-027,Dallas Multifamily 27,Dallas-Fort Worth,Multifamily,Stabilized,2024-07,2024-07-01,2024,Q3,123912.0,0.99,186909.0,70969.0,81991.0,Dallas-Fort Worth,Multifamily,Stabilized,Dallas Multifamily 27
PROP-027,Dallas Multifamily 27,Dallas-Fort Worth,Multifamily,Stabilized,2024-08,2024-08-01,2024,Q3,119456.0,0.979,185260.0,69420.0,81991.0,Dallas-Fort Worth,Multifamily,Stabilized,Dallas Multifamily 27
PROP-027,Dallas Multifamily 27,Dallas-Fort Worth,Multifamily,Stabilized,2024-09,2024-09-01,2024,Q3,117500.0,0.977,189517.0,72334.0,81991.0,Dallas-Fort Worth,Multifamily,Stabilized,Dallas Multifamily 27
PROP-027,Dallas Multifamily 27,Dallas-Fort Worth,Multifamily,Stabilized,2024-10,2024-10-01,2024,Q4,112066.0,0.947,188283.0,71088.0,81991.0,Dallas-Fort Worth,Multifamily,Stabilized,Dallas Multifamily 27
PROP-027,Dallas Multifamily 27,Dallas-Fort Worth,Multifamily,Stabilized,2024-11,2024-11-01,2024,Q4,111012.0,0.949,192379.0,73898.0,81991.0,Dallas-Fort Worth,Multifamily,Stabilized,Dallas Multifamily 27
PROP-027,Dallas Multifamily 27,Dallas-Fort Worth,Multifamily,Stabilized,2024-12,2024-12-01,2024,Q4,107539.0,0.921,188532.0,70670.0,81991.0,Dallas-Fort Worth,Multifamily,Stabilized,Dallas Multifamily 27
PROP-028,Houston Industrial 28,Houston,Industrial,Value-Add,2022-01,2022-01-01,2022,Q1,254504.0,0.854,441047.0,168381.0,230518.0,Houston,Industrial,Value-Add,Houston Industrial 28
PROP-028,Houston Industrial 28,Houston,Industrial,Value-Add,2022-02,2022-02-01,2022,Q1,260811.0,0.858,438190.0,165379.0,230518.0,Houston,Industrial,Value-Add,Houston Industrial 28
PROP-028,Houston Industrial 28,Houston,Industrial,Value-Add,2022-03,2022-03-01,2022,Q1,277368.0,0.889,447368.0,171526.0,230518.0,Houston,Industrial,Value-Add,Houston Industrial 28
PROP-028,Houston Industrial 28,Houston,Industrial,Value-Add,2022-04,2022-04-01,2022,Q2,286767.0,0.897,444739.0,168681.0,230518.0,Houston,Industrial,Value-Add,Houston Industrial 28
PROP-028,Houston Industrial 28,Houston,Industrial,Value-Add,2022-05,2022-05-01,2022,Q2,295965.0,0.909,446433.0,169136.0,230518.0,Houston,Industrial,Value-Add,Houston Industrial 28
PROP-028,Houston Industrial 28,Houston,Industrial,Value-Add,2022-06,2022-06-01,2022,Q2,300756.0,0.915,449158.0,170371.0,230518.0,Houston,Industrial,Value-Add,Houston Industrial 28
PROP-028,Houston Industrial 28,Houston,Industrial,Value-Add,2022-07,2022-07-01,2022,Q3,303871.0,0.924,458358.0,176561.0,230518.0,Houston,Industrial,Value-Add,Houston Industrial 28
PROP-028,Houston Industrial 28,Houston,Industrial,Value-Add,2022-08,2022-08-01,2022,Q3,291557.0,0.894,452167.0,170994.0,230518.0,Houston,Industrial,Value-Add,Houston Industrial 28
PROP-028,Houston Industrial 28,Houston,Industrial,Value-Add,2022-09,2022-09-01,2022,Q3,280405.0,0.873,452267.0,170247.0,230518.0,Houston,Industrial,Value-Add,Houston Industrial 28
PROP-028,Houston Industrial 28,Houston,Industrial,Value-Add,2022-10,2022-10-01,2022,Q4,274622.0,0.868,461395.0,176340.0,230518.0,Houston,Industrial,Value-Add,Houston Industrial 28
PROP-028,Houston Industrial 28,Houston,Industrial,Value-Add,2022-11,2022-11-01,2022,Q4,264928.0,0.847,459112.0,173768.0,230518.0,Houston,Industrial,Value-Add,Houston Industrial 28
PROP-028,Houston Industrial 28,Houston,Industrial,Value-Add,2022-12,2022-12-01,2022,Q4,266532.0,0.853,467272.0,179147.0,230518.0,Houston,Industrial,Value-Add,Houston Industrial 28
PROP-028,Houston Industrial 28,Houston,Industrial,Value-Add,2023-01,2023-01-01,2023,Q1,266641.0,0.845,462080.0,174362.0,230518.0,Houston,Industrial,Value-Add,Houston Industrial 28
PROP-028,Houston Industrial 28,Houston,Industrial,Value-Add,2023-02,2023-02-01,2023,Q1,274790.0,0.853,461677.0,173240.0,230518.0,Houston,Industrial,Value-Add,Houston Industrial 28
PROP-028,Houston Industrial 28,Houston,Industrial,Value-Add,2023-03,2023-03-01,2023,Q1,290571.0,0.879,468662.0,177688.0,230518.0,Houston,Industrial,Value-Add,Houston Industrial 28
PROP-028,Houston Industrial 28,Houston,Industrial,Value-Add,2023-04,2023-04-01,2023,Q2,303661.0,0.897,470939.0,178584.0,230518.0,Houston,Industrial,Value-Add,Houston Industrial 28
PROP-028,Houston Industrial 28,Houston,Industrial,Value-Add,2023-05,2023-05-01,2023,Q2,318986.0,0.925,481158.0,185556.0,230518.0,Houston,Industrial,Value-Add,Houston Industrial 28
PROP-028,Houston Industrial 28,Houston,Industrial,Value-Add,2023-06,2023-06-01,2023,Q2,315880.0,0.907,471745.0,177545.0,230518.0,Houston,Industrial,Value-Add,Houston Industrial 28
PROP-028,Houston Industrial 28,Houston,Industrial,Value-Add,2023-07,2023-07-01,2023,Q3,315265.0,0.906,475546.0,179589.0,230518.0,Houston,Industrial,Value-Add,Houston Industrial 28
PROP-028,Houston Industrial 28,Houston,Industrial,Value-Add,2023-08,2023-08-01,2023,Q3,306261.0,0.888,474970.0,178337.0,230518.0,Houston,Industrial,Value-Add,Houston Industrial 28
PROP-028,Houston Industrial 28,Houston,Industrial,Value-Add,2023-09,2023-09-01,2023,Q3,297850.0,0.876,480403.0,181611.0,230518.0,Houston,Industrial,Value-Add,Houston Industrial 28
PROP-028,Houston Industrial 28,Houston,Industrial,Value-Add,2023-10,2023-10-01,2023,Q4,286956.0,0.858,482117.0,182081.0,230518.0,Houston,Industrial,Value-Add,Houston Industrial 28
PROP-028,Houston Industrial 28,Houston,Industrial,Value-Add,2023-11,2023-11-01,2023,Q4,280730.0,0.849,486495.0,184568.0,230518.0,Houston,Industrial,Value-Add,Houston Industrial 28
PROP-028,Houston Industrial 28,Houston,Industrial,Value-Add,2023-12,2023-12-01,2023,Q4,281023.0,0.851,492677.0,188440.0,230518.0,Houston,Industrial,Value-Add,Houston Industrial 28
PROP-028,Houston Industrial 28,Houston,Industrial,Value-Add,2024-01,2024-01-01,2024,Q1,280882.0,0.842,486759.0,183119.0,230518.0,Houston,Industrial,Value-Add,Houston Industrial 28
PROP-028,Houston Industrial 28,Houston,Industrial,Value-Add,2024-02,2024-02-01,2024,Q1,293457.0,0.862,493040.0,187040.0,230518.0,Houston,Industrial,Value-Add,Houston Industrial 28
PROP-028,Houston Industrial 28,Houston,Industrial,Value-Add,2024-03,2024-03-01,2024,Q1,307073.0,0.88,495279.0,187908.0,230518.0,Houston,Industrial,Value-Add,Houston Industrial 28
PROP-028,Houston Industrial 28,Houston,Industrial,Value-Add,2024-04,2024-04-01,2024,Q2,323465.0,0.905,501651.0,191924.0,230518.0,Houston,Industrial,Value-Add,Houston Industrial 28
PROP-028,Houston Industrial 28,Houston,Industrial,Value-Add,2024-05,2024-05-01,2024,Q2,335877.0,0.923,506636.0,194899.0,230518.0,Houston,Industrial,Value-Add,Houston Industrial 28
PROP-028,Houston Industrial 28,Houston,Industrial,Value-Add,2024-06,2024-06-01,2024,Q2,337735.0,0.919,504383.0,192326.0,230518.0,Houston,Industrial,Value-Add,Houston Industrial 28
PROP-028,Houston Industrial 28,Houston,Industrial,Value-Add,2024-07,2024-07-01,2024,Q3,334037.0,0.91,503860.0,191093.0,230518.0,Houston,Industrial,Value-Add,Houston Industrial 28
PROP-028,Houston Industrial 28,Houston,Industrial,Value-Add,2024-08,2024-08-01,2024,Q3,328308.0,0.902,509162.0,194291.0,230518.0,Houston,Industrial,Value-Add,Houston Industrial 28
PROP-028,Houston Industrial 28,Houston,Industrial,Value-Add,2024-09,2024-09-01,2024,Q3,318487.0,0.889,513689.0,196909.0,230518.0,Houston,Industrial,Value-Add,Houston Industrial 28
PROP-028,Houston Industrial 28,Houston,Industrial,Value-Add,2024-10,2024-10-01,2024,Q4,300361.0,0.852,504639.0,189216.0,230518.0,Houston,Industrial,Value-Add,Houston Industrial 28
PROP-028,Houston Industrial 28,Houston,Industrial,Value-Add,2024-11,2024-11-01,2024,Q4,297907.0,0.855,516263.0,197187.0,230518.0,Houston,Industrial,Value-Add,Houston Industrial 28
PROP-028,Houston Industrial 28,Houston,Industrial,Value-Add,2024-12,2024-12-01,2024,Q4,293396.0,0.843,514369.0,194910.0,230518.0,Houston,Industrial,Value-Add,Houston Industrial 28
PROP-029,Dallas Industrial 29,Dallas-Fort Worth,Industrial,Value-Add,2022-01,2022-01-01,2022,Q1,132699.0,0.877,229964.0,87421.0,93919.0,Dallas-Fort Worth,Industrial,Value-Add,Dallas Industrial 29
PROP-029,Dallas Industrial 29,Dallas-Fort Worth,Industrial,Value-Add,2022-02,2022-02-01,2022,Q1,138536.0,0.897,232755.0,89110.0,93919.0,Dallas-Fort Worth,Industrial,Value-Add,Dallas Industrial 29
PROP-029,Dallas Industrial 29,Dallas-Fort Worth,Industrial,Value-Add,2022-03,2022-03-01,2022,Q1,142478.0,0.899,229804.0,86435.0,93919.0,Dallas-Fort Worth,Industrial,Value-Add,Dallas Industrial 29
PROP-029,Dallas Industrial 29,Dallas-Fort Worth,Industrial,Value-Add,2022-04,2022-04-01,2022,Q2,148330.0,0.913,230040.0,86186.0,93919.0,Dallas-Fort Worth,Industrial,Value-Add,Dallas Industrial 29
PROP-029,Dallas Industrial 29,Dallas-Fort Worth,Industrial,Value-Add,2022-05,2022-05-01,2022,Q2,157070.0,0.949,236924.0,90973.0,93919.0,Dallas-Fort Worth,Industrial,Value-Add,Dallas Industrial 29
PROP-029,Dallas Industrial 29,Dallas-Fort Worth,Industrial,Value-Add,2022-06,2022-06-01,2022,Q2,158614.0,0.949,236879.0,90495.0,93919.0,Dallas-Fort Worth,Industrial,Value-Add,Dallas Industrial 29
PROP-029,Dallas Industrial 29,Dallas-Fort Worth,Industrial,Value-Add,2022-07,2022-07-01,2022,Q3,156676.0,0.938,236331.0,89639.0,93919.0,Dallas-Fort Worth,Industrial,Value-Add,Dallas Industrial 29
PROP-029,Dallas Industrial 29,Dallas-Fort Worth,Industrial,Value-Add,2022-08,2022-08-01,2022,Q3,151690.0,0.916,235251.0,88393.0,93919.0,Dallas-Fort Worth,Industrial,Value-Add,Dallas Industrial 29
PROP-029,Dallas Industrial 29,Dallas-Fort Worth,Industrial,Value-Add,2022-09,2022-09-01,2022,Q3,147049.0,0.901,237175.0,89413.0,93919.0,Dallas-Fort Worth,Industrial,Value-Add,Dallas Industrial 29
PROP-029,Dallas Industrial 29,Dallas-Fort Worth,Industrial,Value-Add,2022-10,2022-10-01,2022,Q4,143600.0,0.894,241264.0,92080.0,93919.0,Dallas-Fort Worth,Industrial,Value-Add,Dallas Industrial 29
PROP-029,Dallas Industrial 29,Dallas-Fort Worth,Industrial,Value-Add,2022-11,2022-11-01,2022,Q4,138704.0,0.873,240369.0,90962.0,93919.0,Dallas-Fort Worth,Industrial,Value-Add,Dallas Industrial 29
PROP-029,Dallas Industrial 29,Dallas-Fort Worth,Industrial,Value-Add,2022-12,2022-12-01,2022,Q4,140197.0,0.883,245787.0,94658.0,93919.0,Dallas-Fort Worth,Industrial,Value-Add,Dallas Industrial 29
PROP-029,Dallas Industrial 29,Dallas-Fort Worth,Industrial,Value-Add,2023-01,2023-01-01,2023,Q1,138634.0,0.864,240248.0,90014.0,93919.0,Dallas-Fort Worth,Industrial,Value-Add,Dallas Industrial 29
PROP-029,Dallas Industrial 29,Dallas-Fort Worth,Industrial,Value-Add,2023-02,2023-02-01,2023,Q1,144199.0,0.881,242270.0,91105.0,93919.0,Dallas-Fort Worth,Industrial,Value-Add,Dallas Industrial 29
PROP-029,Dallas Industrial 29,Dallas-Fort Worth,Industrial,Value-Add,2023-03,2023-03-01,2023,Q1,152269.0,0.907,245595.0,93186.0,93919.0,Dallas-Fort Worth,Industrial,Value-Add,Dallas Industrial 29
PROP-029,Dallas Industrial 29,Dallas-Fort Worth,Industrial,Value-Add,2023-04,2023-04-01,2023,Q2,158722.0,0.923,246157.0,93178.0,93919.0,Dallas-Fort Worth,Industrial,Value-Add,Dallas Industrial 29
PROP-029,Dallas Industrial 29,Dallas-Fort Worth,Industrial,Value-Add,2023-05,2023-05-01,2023,Q2,164311.0,0.938,247846.0,94023.0,93919.0,Dallas-Fort Worth,Industrial,Value-Add,Dallas Industrial 29
PROP-029,Dallas Industrial 29,Dallas-Fort Worth,Industrial,Value-Add,2023-06,2023-06-01,2023,Q2,164887.0,0.932,246247.0,92386.0,93919.0,Dallas-Fort Worth,Industrial,Value-Add,Dallas Industrial 29
PROP-029,Dallas Industrial 29,Dallas-Fort Worth,Industrial,Value-Add,2023-07,2023-07-01,2023,Q3,164306.0,0.929,247839.0,93155.0,93919.0,Dallas-Fort Worth,Industrial,Value-Add,Dallas Industrial 29
PROP-029,Dallas Industrial 29,Dallas-Fort Worth,Industrial,Value-Add,2023-08,2023-08-01,2023,Q3,161656.0,0.922,250707.0,94888.0,93919.0,Dallas-Fort Worth,Industrial,Value-Add,Dallas Industrial 29
PROP-029,Dallas Industrial 29,Dallas-Fort Worth,Industrial,Value-Add,2023-09,2023-09-01,2023,Q3,155901.0,0.903,251453.0,95020.0,93919.0,Dallas-Fort Worth,Industrial,Value-Add,Dallas Industrial 29
PROP-029,Dallas Industrial 29,Dallas-Fort Worth,Industrial,Value-Add,2023-10,2023-10-01,2023,Q4,150183.0,0.884,252324.0,95247.0,93919.0,Dallas-Fort Worth,Industrial,Value-Add,Dallas Industrial 29
PROP-029,Dallas Industrial 29,Dallas-Fort Worth,Industrial,Value-Add,2023-11,2023-11-01,2023,Q4,149273.0,0.889,258685.0,99658.0,93919.0,Dallas-Fort Worth,Industrial,Value-Add,Dallas Industrial 29
PROP-029,Dallas Industrial 29,Dallas-Fort Worth,Industrial,Value-Add,2023-12,2023-12-01,2023,Q4,144119.0,0.859,252664.0,94647.0,93919.0,Dallas-Fort Worth,Industrial,Value-Add,Dallas Industrial 29
PROP-029,Dallas Industrial 29,Dallas-Fort Worth,Industrial,Value-Add,2024-01,2024-01-01,2024,Q1,147166.0,0.868,255033.0,96000.0,93919.0,Dallas-Fort Worth,Industrial,Value-Add,Dallas Industrial 29
PROP-029,Dallas Industrial 29,Dallas-Fort Worth,Industrial,Value-Add,2024-02,2024-02-01,2024,Q1,154005.0,0.89,258745.0,98375.0,93919.0,Dallas-Fort Worth,Industrial,Value-Add,Dallas Industrial 29
PROP-029,Dallas Industrial 29,Dallas-Fort Worth,Industrial,Value-Add,2024-03,2024-03-01,2024,Q1,163047.0,0.919,262980.0,101172.0,93919.0,Dallas-Fort Worth,Industrial,Value-Add,Dallas Industrial 29
PROP-029,Dallas Industrial 29,Dallas-Fort Worth,Industrial,Value-Add,2024-04,2024-04-01,2024,Q2,166303.0,0.916,257915.0,96884.0,93919.0,Dallas-Fort Worth,Industrial,Value-Add,Dallas Industrial 29
PROP-029,Dallas Industrial 29,Dallas-Fort Worth,Industrial,Value-Add,2024-05,2024-05-01,2024,Q2,175164.0,0.947,264217.0,101231.0,93919.0,Dallas-Fort Worth,Industrial,Value-Add,Dallas Industrial 29
PROP-029,Dallas Industrial 29,Dallas-Fort Worth,Industrial,Value-Add,2024-06,2024-06-01,2024,Q2,177321.0,0.95,264816.0,101246.0,93919.0,Dallas-Fort Worth,Industrial,Value-Add,Dallas Industrial 29
PROP-029,Dallas Industrial 29,Dallas-Fort Worth,Industrial,Value-Add,2024-07,2024-07-01,2024,Q3,173754.0,0.931,262091.0,98742.0,93919.0,Dallas-Fort Worth,Industrial,Value-Add,Dallas Industrial 29
PROP-029,Dallas Industrial 29,Dallas-Fort Worth,Industrial,Value-Add,2024-08,2024-08-01,2024,Q3,171772.0,0.929,266395.0,101570.0,93919.0,Dallas-Fort Worth,Industrial,Value-Add,Dallas Industrial 29
PROP-029,Dallas Industrial 29,Dallas-Fort Worth,Industrial,Value-Add,2024-09,2024-09-01,2024,Q3,166287.0,0.913,268205.0,102511.0,93919.0,Dallas-Fort Worth,Industrial,Value-Add,Dallas Industrial 29
PROP-029,Dallas Industrial 29,Dallas-Fort Worth,Industrial,Value-Add,2024-10,2024-10-01,2024,Q4,161781.0,0.903,271809.0,104832.0,93919.0,Dallas-Fort Worth,Industrial,Value-Add,Dallas Industrial 29
PROP-029,Dallas Industrial 29,Dallas-Fort Worth,Industrial,Value-Add,2024-11,2024-11-01,2024,Q4,153802.0,0.869,266533.0,100372.0,93919.0,Dallas-Fort Worth,Industrial,Value-Add,Dallas Industrial 29
PROP-029,Dallas Industrial 29,Dallas-Fort Worth,Industrial,Value-Add,2024-12,2024-12-01,2024,Q4,152382.0,0.862,267150.0,100408.0,93919.0,Dallas-Fort Worth,Industrial,Value-Add,Dallas Industrial 29
PROP-030,Houston Retail 30,Houston,Retail,Development,2022-01,2022-01-01,2022,Q1,64446.0,0.839,111682.0,41897.0,58697.0,Houston,Retail,Development,Houston Retail 30
PROP-030,Houston Retail 30,Houston,Retail,Development,2022-02,2022-02-01,2022,Q1,67006.0,0.854,112577.0,42359.0,58697.0,Houston,Retail,Development,Houston Retail 30
PROP-030,Houston Retail 30,Houston,Retail,Development,2022-03,2022-03-01,2022,Q1,71294.0,0.886,114990.0,43976.0,58697.0,Houston,Retail,Development,Houston Retail 30
PROP-030,Houston Retail 30,Houston,Retail,Development,2022-04,2022-04-01,2022,Q2,75143.0,0.911,116537.0,44945.0,58697.0,Houston,Retail,Development,Houston Retail 30
PROP-030,Houston Retail 30,Houston,Retail,Development,2022-05,2022-05-01,2022,Q2,77211.0,0.919,116465.0,44669.0,58697.0,Houston,Retail,Development,Houston Retail 30
PROP-030,Houston Retail 30,Houston,Retail,Development,2022-06,2022-06-01,2022,Q2,78733.0,0.928,117582.0,45308.0,58697.0,Houston,Retail,Development,Houston Retail 30
PROP-030,Houston Retail 30,Houston,Retail,Development,2022-07,2022-07-01,2022,Q3,78376.0,0.924,118222.0,45580.0,58697.0,Houston,Retail,Development,Houston Retail 30
PROP-030,Houston Retail 30,Houston,Retail,Development,2022-08,2022-08-01,2022,Q3,75878.0,0.902,117677.0,44942.0,58697.0,Houston,Retail,Development,Houston Retail 30
PROP-030,Houston Retail 30,Houston,Retail,Development,2022-09,2022-09-01,2022,Q3,73403.0,0.886,118392.0,45272.0,58697.0,Houston,Retail,Development,Houston Retail 30
PROP-030,Houston Retail 30,Houston,Retail,Development,2022-10,2022-10-01,2022,Q4,70469.0,0.864,118396.0,45058.0,58697.0,Houston,Retail,Development,Houston Retail 30
PROP-030,Houston Retail 30,Houston,Retail,Development,2022-11,2022-11-01,2022,Q4,68113.0,0.844,118037.0,44572.0,58697.0,Houston,Retail,Development,Houston Retail 30
PROP-030,Houston Retail 30,Houston,Retail,Development,2022-12,2022-12-01,2022,Q4,67668.0,0.84,118633.0,44810.0,58697.0,Houston,Retail,Development,Houston Retail 30
PROP-030,Houston Retail 30,Houston,Retail,Development,2023-01,2023-01-01,2023,Q1,68486.0,0.841,118683.0,44636.0,58697.0,Houston,Retail,Development,Houston Retail 30
PROP-030,Houston Retail 30,Houston,Retail,Development,2023-02,2023-02-01,2023,Q1,72161.0,0.868,121238.0,46360.0,58697.0,Houston,Retail,Development,Houston Retail 30
PROP-030,Houston Retail 30,Houston,Retail,Development,2023-03,2023-03-01,2023,Q1,75500.0,0.885,121774.0,46552.0,58697.0,Houston,Retail,Development,Houston Retail 30
PROP-030,Houston Retail 30,Houston,Retail,Development,2023-04,2023-04-01,2023,Q2,77649.0,0.889,120423.0,45313.0,58697.0,Houston,Retail,Development,Houston Retail 30
PROP-030,Houston Retail 30,Houston,Retail,Development,2023-05,2023-05-01,2023,Q2,80662.0,0.907,121670.0,46042.0,58697.0,Houston,Retail,Development,Houston Retail 30
PROP-030,Houston Retail 30,Houston,Retail,Development,2023-06,2023-06-01,2023,Q2,81509.0,0.908,121728.0,45874.0,58697.0,Houston,Retail,Development,Houston Retail 30
PROP-030,Houston Retail 30,Houston,Retail,Development,2023-07,2023-07-01,2023,Q3,82938.0,0.924,125104.0,48231.0,58697.0,Houston,Retail,Development,Houston Retail 30
PROP-030,Houston Retail 30,Houston,Retail,Development,2023-08,2023-08-01,2023,Q3,80574.0,0.905,124960.0,47901.0,58697.0,Houston,Retail,Development,Houston Retail 30
PROP-030,Houston Retail 30,Houston,Retail,Development,2023-09,2023-09-01,2023,Q3,76544.0,0.873,123457.0,46543.0,58697.0,Houston,Retail,Development,Houston Retail 30
PROP-030,Houston Retail 30,Houston,Retail,Development,2023-10,2023-10-01,2023,Q4,74390.0,0.862,124984.0,47485.0,58697.0,Houston,Retail,Development,Houston Retail 30
PROP-030,Houston Retail 30,Houston,Retail,Development,2023-11,2023-11-01,2023,Q4,72158.0,0.846,125048.0,47320.0,58697.0,Houston,Retail,Development,Houston Retail 30
PROP-030,Houston Retail 30,Houston,Retail,Development,2023-12,2023-12-01,2023,Q4,72105.0,0.847,126411.0,48140.0,58697.0,Houston,Retail,Development,Houston Retail 30
PROP-030,Houston Retail 30,Houston,Retail,Development,2024-01,2024-01-01,2024,Q1,73042.0,0.849,126579.0,48053.0,58697.0,Houston,Retail,Development,Houston Retail 30
PROP-030,Houston Retail 30,Houston,Retail,Development,2024-02,2024-02-01,2024,Q1,76848.0,0.875,129113.0,49774.0,58697.0,Houston,Retail,Development,Houston Retail 30
PROP-030,Houston Retail 30,Houston,Retail,Development,2024-03,2024-03-01,2024,Q1,78377.0,0.87,126414.0,47504.0,58697.0,Houston,Retail,Development,Houston Retail 30
PROP-030,Houston Retail 30,Houston,Retail,Development,2024-04,2024-04-01,2024,Q2,83747.0,0.908,129880.0,49923.0,58697.0,Houston,Retail,Development,Houston Retail 30
PROP-030,Houston Retail 30,Houston,Retail,Development,2024-05,2024-05-01,2024,Q2,84384.0,0.899,127285.0,47738.0,58697.0,Houston,Retail,Development,Houston Retail 30
PROP-030,Houston Retail 30,Houston,Retail,Development,2024-06,2024-06-01,2024,Q2,86469.0,0.912,129135.0,48921.0,58697.0,Houston,Retail,Development,Houston Retail 30
PROP-030,Houston Retail 30,Houston,Retail,Development,2024-07,2024-07-01,2024,Q3,86810.0,0.916,130943.0,50082.0,58697.0,Houston,Retail,Development,Houston Retail 30
PROP-030,Houston Retail 30,Houston,Retail,Development,2024-08,2024-08-01,2024,Q3,84197.0,0.897,130579.0,49588.0,58697.0,Houston,Retail,Development,Houston Retail 30
PROP-030,Houston Retail 30,Houston,Retail,Development,2024-09,2024-09-01,2024,Q3,81144.0,0.878,130877.0,49600.0,58697.0,Houston,Retail,Development,Houston Retail 30
PROP-030,Houston Retail 30,Houston,Retail,Development,2024-10,2024-10-01,2024,Q4,78230.0,0.86,131436.0,49810.0,58697.0,Houston,Retail,Development,Houston Retail 30
PROP-030,Houston Retail 30,Houston,Retail,Development,2024-11,2024-11-01,2024,Q4,76549.0,0.851,132657.0,50523.0,58697.0,Houston,Retail,Development,Houston Retail 30
PROP-030,Houston Retail 30,Houston,Retail,Development,2024-12,2024-12-01,2024,Q4,74968.0,0.835,131431.0,49382.0,58697.0,Houston,Retail,Development,Houston Retail 30
PROP-031,Austin Retail 31,Austin,Retail,Stabilized,2022-01,2022-01-01,2022,Q1,333967.0,0.911,578753.0,218719.0,294652.0,Austin,Retail,Stabilized,Austin Retail 31
PROP-031,Austin Retail 31,Austin,Retail,Stabilized,2022-02,2022-02-01,2022,Q1,343660.0,0.918,577386.0,216604.0,294652.0,Austin,Retail,Stabilized,Austin Retail 31
PROP-031,Austin Retail 31,Austin,Retail,Stabilized,2022-03,2022-03-01,2022,Q1,364042.0,0.948,587165.0,222894.0,294652.0,Austin,Retail,Stabilized,Austin Retail 31
PROP-031,Austin Retail 31,Austin,Retail,Stabilized,2022-04,2022-04-01,2022,Q2,381067.0,0.968,590984.0,224691.0,294652.0,Austin,Retail,Stabilized,Austin Retail 31
PROP-031,Austin Retail 31,Austin,Retail,Stabilized,2022-05,2022-05-01,2022,Q2,389133.0,0.971,586968.0,220561.0,294652.0,Austin,Retail,Stabilized,Austin Retail 31
PROP-031,Austin Retail 31,Austin,Retail,Stabilized,2022-06,2022-06-01,2022,Q2,403357.0,0.99,602385.0,231166.0,294652.0,Austin,Retail,Stabilized,Austin Retail 31
PROP-031,Austin Retail 31,Austin,Retail,Stabilized,2022-07,2022-07-01,2022,Q3,397991.0,0.983,600329.0,228476.0,294652.0,Austin,Retail,Stabilized,Austin Retail 31
PROP-031,Austin Retail 31,Austin,Retail,Stabilized,2022-08,2022-08-01,2022,Q3,389396.0,0.971,603902.0,230087.0,294652.0,Austin,Retail,Stabilized,Austin Retail 31
PROP-031,Austin Retail 31,Austin,Retail,Stabilized,2022-09,2022-09-01,2022,Q3,378254.0,0.957,610088.0,233696.0,294652.0,Austin,Retail,Stabilized,Austin Retail 31
PROP-031,Austin Retail 31,Austin,Retail,Stabilized,2022-10,2022-10-01,2022,Q4,357934.0,0.92,601367.0,225976.0,294652.0,Austin,Retail,Stabilized,Austin Retail 31
PROP-031,Austin Retail 31,Austin,Retail,Stabilized,2022-11,2022-11-01,2022,Q4,352631.0,0.916,611097.0,232237.0,294652.0,Austin,Retail,Stabilized,Austin Retail 31
PROP-031,Austin Retail 31,Austin,Retail,Stabilized,2022-12,2022-12-01,2022,Q4,354068.0,0.921,620737.0,238486.0,294652.0,Austin,Retail,Stabilized,Austin Retail 31
PROP-031,Austin Retail 31,Austin,Retail,Stabilized,2023-01,2023-01-01,2023,Q1,359497.0,0.925,622997.0,239092.0,294652.0,Austin,Retail,Stabilized,Austin Retail 31
PROP-031,Austin Retail 31,Austin,Retail,Stabilized,2023-02,2023-02-01,2023,Q1,369090.0,0.931,620111.0,235770.0,294652.0,Austin,Retail,Stabilized,Austin Retail 31
PROP-031,Austin Retail 31,Austin,Retail,Stabilized,2023-03,2023-03-01,2023,Q1,383795.0,0.943,619025.0,233847.0,294652.0,Austin,Retail,Stabilized,Austin Retail 31
PROP-031,Austin Retail 31,Austin,Retail,Stabilized,2023-04,2023-04-01,2023,Q2,399292.0,0.958,619250.0,232929.0,294652.0,Austin,Retail,Stabilized,Austin Retail 31
PROP-031,Austin Retail 31,Austin,Retail,Stabilized,2023-05,2023-05-01,2023,Q2,422104.0,0.99,636700.0,245101.0,294652.0,Austin,Retail,Stabilized,Austin Retail 31
PROP-031,Austin Retail 31,Austin,Retail,Stabilized,2023-06,2023-06-01,2023,Q2,419312.0,0.979,626213.0,236001.0,294652.0,Austin,Retail,Stabilized,Austin Retail 31
PROP-031,Austin Retail 31,Austin,Retail,Stabilized,2023-07,2023-07-01,2023,Q3,426173.0,0.99,642838.0,247558.0,294652.0,Austin,Retail,Stabilized,Austin Retail 31
PROP-031,Austin Retail 31,Austin,Retail,Stabilized,2023-08,2023-08-01,2023,Q3,411121.0,0.969,637594.0,242423.0,294652.0,Austin,Retail,Stabilized,Austin Retail 31
PROP-031,Austin Retail 31,Austin,Retail,Stabilized,2023-09,2023-09-01,2023,Q3,394317.0,0.943,635995.0,240112.0,294652.0,Austin,Retail,Stabilized,Austin Retail 31
PROP-031,Austin Retail 31,Austin,Retail,Stabilized,2023-10,2023-10-01,2023,Q4,377909.0,0.918,634928.0,238224.0,294652.0,Austin,Retail,Stabilized,Austin Retail 31
PROP-031,Austin Retail 31,Austin,Retail,Stabilized,2023-11,2023-11-01,2023,Q4,369353.0,0.908,640076.0,241013.0,294652.0,Austin,Retail,Stabilized,Austin Retail 31
PROP-031,Austin Retail 31,Austin,Retail,Stabilized,2023-12,2023-12-01,2023,Q4,375183.0,0.924,657755.0,253369.0,294652.0,Austin,Retail,Stabilized,Austin Retail 31
PROP-031,Austin Retail 31,Austin,Retail,Stabilized,2024-01,2024-01-01,2024,Q1,373562.0,0.91,647371.0,244336.0,294652.0,Austin,Retail,Stabilized,Austin Retail 31
PROP-031,Austin Retail 31,Austin,Retail,Stabilized,2024-02,2024-02-01,2024,Q1,391134.0,0.934,657147.0,250652.0,294652.0,Austin,Retail,Stabilized,Austin Retail 31
PROP-031,Austin Retail 31,Austin,Retail,Stabilized,2024-03,2024-03-01,2024,Q1,409112.0,0.952,659858.0,251607.0,294652.0,Austin,Retail,Stabilized,Austin Retail 31
PROP-031,Austin Retail 31,Austin,Retail,Stabilized,2024-04,2024-04-01,2024,Q2,420702.0,0.956,652454.0,244908.0,294652.0,Austin,Retail,Stabilized,Austin Retail 31
PROP-031,Austin Retail 31,Austin,Retail,Stabilized,2024-05,2024-05-01,2024,Q2,441678.0,0.986,666226.0,254237.0,294652.0,Austin,Retail,Stabilized,Austin Retail 31
PROP-031,Austin Retail 31,Austin,Retail,Stabilized,2024-06,2024-06-01,2024,Q2,447403.0,0.99,668165.0,254602.0,294652.0,Austin,Retail,Stabilized,Austin Retail 31
PROP-031,Austin Retail 31,Austin,Retail,Stabilized,2024-07,2024-07-01,2024,Q3,444749.0,0.984,670859.0,255543.0,294652.0,Austin,Retail,Stabilized,Austin Retail 31
PROP-031,Austin Retail 31,Austin,Retail,Stabilized,2024-08,2024-08-01,2024,Q3,429127.0,0.958,665519.0,250403.0,294652.0,Austin,Retail,Stabilized,Austin Retail 31
PROP-031,Austin Retail 31,Austin,Retail,Stabilized,2024-09,2024-09-01,2024,Q3,420100.0,0.953,677580.0,258442.0,294652.0,Austin,Retail,Stabilized,Austin Retail 31
PROP-031,Austin Retail 31,Austin,Retail,Stabilized,2024-10,2024-10-01,2024,Q4,408394.0,0.941,686145.0,263880.0,294652.0,Austin,Retail,Stabilized,Austin Retail 31
PROP-031,Austin Retail 31,Austin,Retail,Stabilized,2024-11,2024-11-01,2024,Q4,390984.0,0.912,677562.0,256219.0,294652.0,Austin,Retail,Stabilized,Austin Retail 31
PROP-031,Austin Retail 31,Austin,Retail,Stabilized,2024-12,2024-12-01,2024,Q4,394993.0,0.923,692485.0,266491.0,294652.0,Austin,Retail,Stabilized,Austin Retail 31
PROP-032,Denver Industrial 32,Denver,Industrial,Value-Add,2022-01,2022-01-01,2022,Q1,107157.0,0.93,185699.0,69594.0,117098.0,Denver,Industrial,Value-Add,Denver Industrial 32
PROP-032,Denver Industrial 32,Denver,Industrial,Value-Add,2022-02,2022-02-01,2022,Q1,113860.0,0.968,191297.0,73486.0,117098.0,Denver,Industrial,Value-Add,Denver Industrial 32
PROP-032,Denver Industrial 32,Denver,Industrial,Value-Add,2022-03,2022-03-01,2022,Q1,116426.0,0.965,187785.0,70462.0,117098.0,Denver,Industrial,Value-Add,Denver Industrial 32
PROP-032,Denver Industrial 32,Denver,Industrial,Value-Add,2022-04,2022-04-01,2022,Q2,124889.0,0.99,193687.0,74591.0,117098.0,Denver,Industrial,Value-Add,Denver Industrial 32
PROP-032,Denver Industrial 32,Denver,Industrial,Value-Add,2022-05,2022-05-01,2022,Q2,128360.0,0.99,193618.0,74173.0,117098.0,Denver,Industrial,Value-Add,Denver Industrial 32
PROP-032,Denver Industrial 32,Denver,Industrial,Value-Add,2022-06,2022-06-01,2022,Q2,128319.0,0.99,191636.0,72308.0,117098.0,Denver,Industrial,Value-Add,Denver Industrial 32
PROP-032,Denver Industrial 32,Denver,Industrial,Value-Add,2022-07,2022-07-01,2022,Q3,127458.0,0.99,192257.0,72424.0,117098.0,Denver,Industrial,Value-Add,Denver Industrial 32
PROP-032,Denver Industrial 32,Denver,Industrial,Value-Add,2022-08,2022-08-01,2022,Q3,125931.0,0.99,195303.0,74376.0,117098.0,Denver,Industrial,Value-Add,Denver Industrial 32
PROP-032,Denver Industrial 32,Denver,Industrial,Value-Add,2022-09,2022-09-01,2022,Q3,121840.0,0.98,196516.0,74941.0,117098.0,Denver,Industrial,Value-Add,Denver Industrial 32
PROP-032,Denver Industrial 32,Denver,Industrial,Value-Add,2022-10,2022-10-01,2022,Q4,115464.0,0.944,193991.0,72678.0,117098.0,Denver,Industrial,Value-Add,Denver Industrial 32
PROP-032,Denver Industrial 32,Denver,Industrial,Value-Add,2022-11,2022-11-01,2022,Q4,115416.0,0.954,200013.0,76892.0,117098.0,Denver,Industrial,Value-Add,Denver Industrial 32
PROP-032,Denver Industrial 32,Denver,Industrial,Value-Add,2022-12,2022-12-01,2022,Q4,113463.0,0.939,198918.0,75692.0,117098.0,Denver,Industrial,Value-Add,Denver Industrial 32
PROP-032,Denver Industrial 32,Denver,Industrial,Value-Add,2023-01,2023-01-01,2023,Q1,115662.0,0.947,200438.0,76491.0,117098.0,Denver,Industrial,Value-Add,Denver Industrial 32
PROP-032,Denver Industrial 32,Denver,Industrial,Value-Add,2023-02,2023-02-01,2023,Q1,118647.0,0.952,199339.0,75299.0,117098.0,Denver,Industrial,Value-Add,Denver Industrial 32
PROP-032,Denver Industrial 32,Denver,Industrial,Value-Add,2023-03,2023-03-01,2023,Q1,123956.0,0.97,199929.0,75392.0,117098.0,Denver,Industrial,Value-Add,Denver Industrial 32
PROP-032,Denver Industrial 32,Denver,Industrial,Value-Add,2023-04,2023-04-01,2023,Q2,131719.0,0.99,204279.0,78342.0,117098.0,Denver,Industrial,Value-Add,Denver Industrial 32
PROP-032,Denver Industrial 32,Denver,Industrial,Value-Add,2023-05,2023-05-01,2023,Q2,134435.0,0.99,202781.0,76840.0,117098.0,Denver,Industrial,Value-Add,Denver Industrial 32
PROP-032,Denver Industrial 32,Denver,Industrial,Value-Add,2023-06,2023-06-01,2023,Q2,136606.0,0.99,204011.0,77416.0,117098.0,Denver,Industrial,Value-Add,Denver Industrial 32
PROP-032,Denver Industrial 32,Denver,Industrial,Value-Add,2023-07,2023-07-01,2023,Q3,136833.0,0.99,206398.0,78875.0,117098.0,Denver,Industrial,Value-Add,Denver Industrial 32
PROP-032,Denver Industrial 32,Denver,Industrial,Value-Add,2023-08,2023-08-01,2023,Q3,131580.0,0.986,204064.0,76749.0,117098.0,Denver,Industrial,Value-Add,Denver Industrial 32
PROP-032,Denver Industrial 32,Denver,Industrial,Value-Add,2023-09,2023-09-01,2023,Q3,128089.0,0.975,206596.0,78308.0,117098.0,Denver,Industrial,Value-Add,Denver Industrial 32
PROP-032,Denver Industrial 32,Denver,Industrial,Value-Add,2023-10,2023-10-01,2023,Q4,123706.0,0.956,207839.0,78895.0,117098.0,Denver,Industrial,Value-Add,Denver Industrial 32
PROP-032,Denver Industrial 32,Denver,Industrial,Value-Add,2023-11,2023-11-01,2023,Q4,120026.0,0.939,208001.0,78661.0,117098.0,Denver,Industrial,Value-Add,Denver Industrial 32
PROP-032,Denver Industrial 32,Denver,Industrial,Value-Add,2023-12,2023-12-01,2023,Q4,118472.0,0.928,207700.0,78082.0,117098.0,Denver,Industrial,Value-Add,Denver Industrial 32
PROP-032,Denver Industrial 32,Denver,Industrial,Value-Add,2024-01,2024-01-01,2024,Q1,123010.0,0.953,213173.0,81884.0,117098.0,Denver,Industrial,Value-Add,Denver Industrial 32
PROP-032,Denver Industrial 32,Denver,Industrial,Value-Add,2024-02,2024-02-01,2024,Q1,125396.0,0.952,210679.0,79624.0,117098.0,Denver,Industrial,Value-Add,Denver Industrial 32
PROP-032,Denver Industrial 32,Denver,Industrial,Value-Add,2024-03,2024-03-01,2024,Q1,133848.0,0.99,215884.0,83237.0,117098.0,Denver,Industrial,Value-Add,Denver Industrial 32
PROP-032,Denver Industrial 32,Denver,Industrial,Value-Add,2024-04,2024-04-01,2024,Q2,137161.0,0.99,212719.0,80458.0,117098.0,Denver,Industrial,Value-Add,Denver Industrial 32
PROP-032,Denver Industrial 32,Denver,Industrial,Value-Add,2024-05,2024-05-01,2024,Q2,141872.0,0.99,213999.0,81073.0,117098.0,Denver,Industrial,Value-Add,Denver Industrial 32
PROP-032,Denver Industrial 32,Denver,Industrial,Value-Add,2024-06,2024-06-01,2024,Q2,145490.0,0.99,217279.0,83212.0,117098.0,Denver,Industrial,Value-Add,Denver Industrial 32
PROP-032,Denver Industrial 32,Denver,Industrial,Value-Add,2024-07,2024-07-01,2024,Q3,143617.0,0.99,216632.0,82357.0,117098.0,Denver,Industrial,Value-Add,Denver Industrial 32
PROP-032,Denver Industrial 32,Denver,Industrial,Value-Add,2024-08,2024-08-01,2024,Q3,138572.0,0.985,214907.0,80700.0,117098.0,Denver,Industrial,Value-Add,Denver Industrial 32
PROP-032,Denver Industrial 32,Denver,Industrial,Value-Add,2024-09,2024-09-01,2024,Q3,134370.0,0.969,216725.0,81717.0,117098.0,Denver,Industrial,Value-Add,Denver Industrial 32
PROP-032,Denver Industrial 32,Denver,Industrial,Value-Add,2024-10,2024-10-01,2024,Q4,129084.0,0.947,216875.0,81479.0,117098.0,Denver,Industrial,Value-Add,Denver Industrial 32
PROP-032,Denver Industrial 32,Denver,Industrial,Value-Add,2024-11,2024-11-01,2024,Q4,126931.0,0.942,219967.0,83461.0,117098.0,Denver,Industrial,Value-Add,Denver Industrial 32
PROP-032,Denver Industrial 32,Denver,Industrial,Value-Add,2024-12,2024-12-01,2024,Q4,124837.0,0.928,218858.0,82270.0,117098.0,Denver,Industrial,Value-Add,Denver Industrial 32
PROP-033,Austin Multifamily 33,Austin,Multifamily,Stabilized,2022-01,2022-01-01,2022,Q1,356515.0,0.861,617828.0,231609.0,307200.0,Austin,Multifamily,Stabilized,Austin Multifamily 33
PROP-033,Austin Multifamily 33,Austin,Multifamily,Stabilized,2022-02,2022-02-01,2022,Q1,379626.0,0.898,637812.0,245607.0,307200.0,Austin,Multifamily,Stabilized,Austin Multifamily 33
PROP-033,Austin Multifamily 33,Austin,Multifamily,Stabilized,2022-03,2022-03-01,2022,Q1,396455.0,0.914,639444.0,245643.0,307200.0,Austin,Multifamily,Stabilized,Austin Multifamily 33
PROP-033,Austin Multifamily 33,Austin,Multifamily,Stabilized,2022-04,2022-04-01,2022,Q2,408870.0,0.92,634104.0,240368.0,307200.0,Austin,Multifamily,Stabilized,Austin Multifamily 33
PROP-033,Austin Multifamily 33,Austin,Multifamily,Stabilized,2022-05,2022-05-01,2022,Q2,429372.0,0.948,647663.0,249528.0,307200.0,Austin,Multifamily,Stabilized,Austin Multifamily 33
PROP-033,Austin Multifamily 33,Austin,Multifamily,Stabilized,2022-06,2022-06-01,2022,Q2,435023.0,0.952,649676.0,249857.0,307200.0,Austin,Multifamily,Stabilized,Austin Multifamily 33
PROP-033,Austin Multifamily 33,Austin,Multifamily,Stabilized,2022-07,2022-07-01,2022,Q3,431667.0,0.944,651126.0,249755.0,307200.0,Austin,Multifamily,Stabilized,Austin Multifamily 33
PROP-033,Austin Multifamily 33,Austin,Multifamily,Stabilized,2022-08,2022-08-01,2022,Q3,423392.0,0.934,656625.0,252764.0,307200.0,Austin,Multifamily,Stabilized,Austin Multifamily 33
PROP-033,Austin Multifamily 33,Austin,Multifamily,Stabilized,2022-09,2022-09-01,2022,Q3,406498.0,0.91,655643.0,250797.0,307200.0,Austin,Multifamily,Stabilized,Austin Multifamily 33
PROP-033,Austin Multifamily 33,Austin,Multifamily,Stabilized,2022-10,2022-10-01,2022,Q4,385906.0,0.878,648364.0,244086.0,307200.0,Austin,Multifamily,Stabilized,Austin Multifamily 33
PROP-033,Austin Multifamily 33,Austin,Multifamily,Stabilized,2022-11,2022-11-01,2022,Q4,375578.0,0.864,650864.0,244801.0,307200.0,Austin,Multifamily,Stabilized,Austin Multifamily 33
PROP-033,Austin Multifamily 33,Austin,Multifamily,Stabilized,2022-12,2022-12-01,2022,Q4,382480.0,0.881,670547.0,258599.0,307200.0,Austin,Multifamily,Stabilized,Austin Multifamily 33
PROP-033,Austin Multifamily 33,Austin,Multifamily,Stabilized,2023-01,2023-01-01,2023,Q1,382689.0,0.872,663186.0,251760.0,307200.0,Austin,Multifamily,Stabilized,Austin Multifamily 33
PROP-033,Austin Multifamily 33,Austin,Multifamily,Stabilized,2023-02,2023-02-01,2023,Q1,401500.0,0.896,674564.0,259249.0,307200.0,Austin,Multifamily,Stabilized,Austin Multifamily 33
PROP-033,Austin Multifamily 33,Austin,Multifamily,Stabilized,2023-03,2023-03-01,2023,Q1,415435.0,0.904,670057.0,254602.0,307200.0,Austin,Multifamily,Stabilized,Austin Multifamily 33
PROP-033,Austin Multifamily 33,Austin,Multifamily,Stabilized,2023-04,2023-04-01,2023,Q2,428767.0,0.911,664962.0,249578.0,307200.0,Austin,Multifamily,Stabilized,Austin Multifamily 33
PROP-033,Austin Multifamily 33,Austin,Multifamily,Stabilized,2023-05,2023-05-01,2023,Q2,446969.0,0.932,674207.0,255378.0,307200.0,Austin,Multifamily,Stabilized,Austin Multifamily 33
PROP-033,Austin Multifamily 33,Austin,Multifamily,Stabilized,2023-06,2023-06-01,2023,Q2,454412.0,0.939,678632.0,257549.0,307200.0,Austin,Multifamily,Stabilized,Austin Multifamily 33
PROP-033,Austin Multifamily 33,Austin,Multifamily,Stabilized,2023-07,2023-07-01,2023,Q3,449036.0,0.928,677326.0,255382.0,307200.0,Austin,Multifamily,Stabilized,Austin Multifamily 33
PROP-033,Austin Multifamily 33,Austin,Multifamily,Stabilized,2023-08,2023-08-01,2023,Q3,443288.0,0.924,687481.0,261896.0,307200.0,Austin,Multifamily,Stabilized,Austin Multifamily 33
PROP-033,Austin Multifamily 33,Austin,Multifamily,Stabilized,2023-09,2023-09-01,2023,Q3,421334.0,0.892,679570.0,254740.0,307200.0,Austin,Multifamily,Stabilized,Austin Multifamily 33
PROP-033,Austin Multifamily 33,Austin,Multifamily,Stabilized,2023-10,2023-10-01,2023,Q4,409194.0,0.88,687490.0,259533.0,307200.0,Austin,Multifamily,Stabilized,Austin Multifamily 33
PROP-033,Austin Multifamily 33,Austin,Multifamily,Stabilized,2023-11,2023-11-01,2023,Q4,402313.0,0.875,697195.0,265709.0,307200.0,Austin,Multifamily,Stabilized,Austin Multifamily 33
PROP-033,Austin Multifamily 33,Austin,Multifamily,Stabilized,2023-12,2023-12-01,2023,Q4,402403.0,0.877,705475.0,270838.0,307200.0,Austin,Multifamily,Stabilized,Austin Multifamily 33
PROP-033,Austin Multifamily 33,Austin,Multifamily,Stabilized,2024-01,2024-01-01,2024,Q1,406848.0,0.877,705054.0,269307.0,307200.0,Austin,Multifamily,Stabilized,Austin Multifamily 33
PROP-033,Austin Multifamily 33,Austin,Multifamily,Stabilized,2024-02,2024-02-01,2024,Q1,416656.0,0.88,700026.0,264300.0,307200.0,Austin,Multifamily,Stabilized,Austin Multifamily 33
PROP-033,Austin Multifamily 33,Austin,Multifamily,Stabilized,2024-03,2024-03-01,2024,Q1,432292.0,0.891,697245.0,261044.0,307200.0,Austin,Multifamily,Stabilized,Austin Multifamily 33
PROP-033,Austin Multifamily 33,Austin,Multifamily,Stabilized,2024-04,2024-04-01,2024,Q2,452938.0,0.911,702448.0,263787.0,307200.0,Austin,Multifamily,Stabilized,Austin Multifamily 33
PROP-033,Austin Multifamily 33,Austin,Multifamily,Stabilized,2024-05,2024-05-01,2024,Q2,468118.0,0.925,706109.0,265375.0,307200.0,Austin,Multifamily,Stabilized,Austin Multifamily 33
PROP-033,Austin Multifamily 33,Austin,Multifamily,Stabilized,2024-06,2024-06-01,2024,Q2,476764.0,0.934,712014.0,268654.0,307200.0,Austin,Multifamily,Stabilized,Austin Multifamily 33
PROP-033,Austin Multifamily 33,Austin,Multifamily,Stabilized,2024-07,2024-07-01,2024,Q3,475545.0,0.932,717312.0,271481.0,307200.0,Austin,Multifamily,Stabilized,Austin Multifamily 33
PROP-033,Austin Multifamily 33,Austin,Multifamily,Stabilized,2024-08,2024-08-01,2024,Q3,465058.0,0.919,721244.0,273277.0,307200.0,Austin,Multifamily,Stabilized,Austin Multifamily 33
PROP-033,Austin Multifamily 33,Austin,Multifamily,Stabilized,2024-09,2024-09-01,2024,Q3,444269.0,0.892,716563.0,268579.0,307200.0,Austin,Multifamily,Stabilized,Austin Multifamily 33
PROP-033,Austin Multifamily 33,Austin,Multifamily,Stabilized,2024-10,2024-10-01,2024,Q4,428414.0,0.874,719781.0,269834.0,307200.0,Austin,Multifamily,Stabilized,Austin Multifamily 33
PROP-033,Austin Multifamily 33,Austin,Multifamily,Stabilized,2024-11,2024-11-01,2024,Q4,423607.0,0.874,734096.0,279474.0,307200.0,Austin,Multifamily,Stabilized,Austin Multifamily 33
PROP-033,Austin Multifamily 33,Austin,Multifamily,Stabilized,2024-12,2024-12-01,2024,Q4,418008.0,0.864,732834.0,277328.0,307200.0,Austin,Multifamily,Stabilized,Austin Multifamily 33
PROP-034,Dallas Industrial 34,Dallas-Fort Worth,Industrial,Stabilized,2022-01,2022-01-01,2022,Q1,346143.0,0.87,599855.0,226499.0,307147.0,Dallas-Fort Worth,Industrial,Stabilized,Dallas Industrial 34
PROP-034,Dallas Industrial 34,Dallas-Fort Worth,Industrial,Stabilized,2022-02,2022-02-01,2022,Q1,359878.0,0.886,604633.0,228977.0,307147.0,Dallas-Fort Worth,Industrial,Stabilized,Dallas Industrial 34
PROP-034,Dallas Industrial 34,Dallas-Fort Worth,Industrial,Stabilized,2022-03,2022-03-01,2022,Q1,377463.0,0.906,608812.0,231004.0,307147.0,Dallas-Fort Worth,Industrial,Stabilized,Dallas Industrial 34
PROP-034,Dallas Industrial 34,Dallas-Fort Worth,Industrial,Stabilized,2022-04,2022-04-01,2022,Q2,395685.0,0.927,613655.0,233538.0,307147.0,Dallas-Fort Worth,Industrial,Stabilized,Dallas Industrial 34
PROP-034,Dallas Industrial 34,Dallas-Fort Worth,Industrial,Stabilized,2022-05,2022-05-01,2022,Q2,412203.0,0.948,621766.0,238577.0,307147.0,Dallas-Fort Worth,Industrial,Stabilized,Dallas Industrial 34
PROP-034,Dallas Industrial 34,Dallas-Fort Worth,Industrial,Stabilized,2022-06,2022-06-01,2022,Q2,415864.0,0.947,621063.0,236877.0,307147.0,Dallas-Fort Worth,Industrial,Stabilized,Dallas Industrial 34
PROP-034,Dallas Industrial 34,Dallas-Fort Worth,Industrial,Stabilized,2022-07,2022-07-01,2022,Q3,413594.0,0.942,623865.0,237858.0,307147.0,Dallas-Fort Worth,Industrial,Stabilized,Dallas Industrial 34
PROP-034,Dallas Industrial 34,Dallas-Fort Worth,Industrial,Stabilized,2022-08,2022-08-01,2022,Q3,398391.0,0.915,617852.0,232168.0,307147.0,Dallas-Fort Worth,Industrial,Stabilized,Dallas Industrial 34
PROP-034,Dallas Industrial 34,Dallas-Fort Worth,Industrial,Stabilized,2022-09,2022-09-01,2022,Q3,384545.0,0.896,620234.0,232837.0,307147.0,Dallas-Fort Worth,Industrial,Stabilized,Dallas Industrial 34
PROP-034,Dallas Industrial 34,Dallas-Fort Worth,Industrial,Stabilized,2022-10,2022-10-01,2022,Q4,374053.0,0.885,628449.0,237902.0,307147.0,Dallas-Fort Worth,Industrial,Stabilized,Dallas Industrial 34
PROP-034,Dallas Industrial 34,Dallas-Fort Worth,Industrial,Stabilized,2022-11,2022-11-01,2022,Q4,371112.0,0.888,643124.0,247956.0,307147.0,Dallas-Fort Worth,Industrial,Stabilized,Dallas Industrial 34
PROP-034,Dallas Industrial 34,Dallas-Fort Worth,Industrial,Stabilized,2022-12,2022-12-01,2022,Q4,363910.0,0.872,637991.0,242857.0,307147.0,Dallas-Fort Worth,Industrial,Stabilized,Dallas Industrial 34
PROP-034,Dallas Industrial 34,Dallas-Fort Worth,Industrial,Stabilized,2023-01,2023-01-01,2023,Q1,367765.0,0.872,637324.0,241207.0,307147.0,Dallas-Fort Worth,Industrial,Stabilized,Dallas Industrial 34
PROP-034,Dallas Industrial 34,Dallas-Fort Worth,Industrial,Stabilized,2023-02,2023-02-01,2023,Q1,378584.0,0.879,636061.0,239124.0,307147.0,Dallas-Fort Worth,Industrial,Stabilized,Dallas Industrial 34
PROP-034,Dallas Industrial 34,Dallas-Fort Worth,Industrial,Stabilized,2023-03,2023-03-01,2023,Q1,401715.0,0.91,647927.0,246969.0,307147.0,Dallas-Fort Worth,Industrial,Stabilized,Dallas Industrial 34
PROP-034,Dallas Industrial 34,Dallas-Fort Worth,Industrial,Stabilized,2023-04,2023-04-01,2023,Q2,417211.0,0.922,647040.0,245148.0,307147.0,Dallas-Fort Worth,Industrial,Stabilized,Dallas Industrial 34
PROP-034,Dallas Industrial 34,Dallas-Fort Worth,Industrial,Stabilized,2023-05,2023-05-01,2023,Q2,426270.0,0.925,642986.0,240965.0,307147.0,Dallas-Fort Worth,Industrial,Stabilized,Dallas Industrial 34
PROP-034,Dallas Industrial 34,Dallas-Fort Worth,Industrial,Stabilized,2023-06,2023-06-01,2023,Q2,432519.0,0.93,645936.0,242060.0,307147.0,Dallas-Fort Worth,Industrial,Stabilized,Dallas Industrial 34
PROP-034,Dallas Industrial 34,Dallas-Fort Worth,Industrial,Stabilized,2023-07,2023-07-01,2023,Q3,439029.0,0.944,662231.0,253260.0,307147.0,Dallas-Fort Worth,Industrial,Stabilized,Dallas Industrial 34
PROP-034,Dallas Industrial 34,Dallas-Fort Worth,Industrial,Stabilized,2023-08,2023-08-01,2023,Q3,430121.0,0.934,667061.0,255795.0,307147.0,Dallas-Fort Worth,Industrial,Stabilized,Dallas Industrial 34
PROP-034,Dallas Industrial 34,Dallas-Fort Worth,Industrial,Stabilized,2023-09,2023-09-01,2023,Q3,411951.0,0.908,664437.0,252632.0,307147.0,Dallas-Fort Worth,Industrial,Stabilized,Dallas Industrial 34
PROP-034,Dallas Industrial 34,Dallas-Fort Worth,Industrial,Stabilized,2023-10,2023-10-01,2023,Q4,392859.0,0.879,660045.0,248176.0,307147.0,Dallas-Fort Worth,Industrial,Stabilized,Dallas Industrial 34
PROP-034,Dallas Industrial 34,Dallas-Fort Worth,Industrial,Stabilized,2023-11,2023-11-01,2023,Q4,391232.0,0.886,677991.0,260675.0,307147.0,Dallas-Fort Worth,Industrial,Stabilized,Dallas Industrial 34
PROP-034,Dallas Industrial 34,Dallas-Fort Worth,Industrial,Stabilized,2023-12,2023-12-01,2023,Q4,379791.0,0.861,665833.0,250282.0,307147.0,Dallas-Fort Worth,Industrial,Stabilized,Dallas Industrial 34
PROP-034,Dallas Industrial 34,Dallas-Fort Worth,Industrial,Stabilized,2024-01,2024-01-01,2024,Q1,395204.0,0.887,684875.0,263620.0,307147.0,Dallas-Fort Worth,Industrial,Stabilized,Dallas Industrial 34
PROP-034,Dallas Industrial 34,Dallas-Fort Worth,Industrial,Stabilized,2024-02,2024-02-01,2024,Q1,402026.0,0.884,675446.0,255272.0,307147.0,Dallas-Fort Worth,Industrial,Stabilized,Dallas Industrial 34
PROP-034,Dallas Industrial 34,Dallas-Fort Worth,Industrial,Stabilized,2024-03,2024-03-01,2024,Q1,421582.0,0.904,679971.0,257559.0,307147.0,Dallas-Fort Worth,Industrial,Stabilized,Dallas Industrial 34
PROP-034,Dallas Industrial 34,Dallas-Fort Worth,Industrial,Stabilized,2024-04,2024-04-01,2024,Q2,443349.0,0.928,687575.0,262192.0,307147.0,Dallas-Fort Worth,Industrial,Stabilized,Dallas Industrial 34
PROP-034,Dallas Industrial 34,Dallas-Fort Worth,Industrial,Stabilized,2024-05,2024-05-01,2024,Q2,460934.0,0.948,695272.0,266919.0,307147.0,Dallas-Fort Worth,Industrial,Stabilized,Dallas Industrial 34
PROP-034,Dallas Industrial 34,Dallas-Fort Worth,Industrial,Stabilized,2024-06,2024-06-01,2024,Q2,464141.0,0.946,693161.0,264142.0,307147.0,Dallas-Fort Worth,Industrial,Stabilized,Dallas Industrial 34
PROP-034,Dallas Industrial 34,Dallas-Fort Worth,Industrial,Stabilized,2024-07,2024-07-01,2024,Q3,460348.0,0.939,694388.0,263925.0,307147.0,Dallas-Fort Worth,Industrial,Stabilized,Dallas Industrial 34
PROP-034,Dallas Industrial 34,Dallas-Fort Worth,Industrial,Stabilized,2024-08,2024-08-01,2024,Q3,449721.0,0.925,697457.0,265111.0,307147.0,Dallas-Fort Worth,Industrial,Stabilized,Dallas Industrial 34
PROP-034,Dallas Industrial 34,Dallas-Fort Worth,Industrial,Stabilized,2024-09,2024-09-01,2024,Q3,434037.0,0.907,700059.0,265941.0,307147.0,Dallas-Fort Worth,Industrial,Stabilized,Dallas Industrial 34
PROP-034,Dallas Industrial 34,Dallas-Fort Worth,Industrial,Stabilized,2024-10,2024-10-01,2024,Q4,419389.0,0.891,704619.0,268261.0,307147.0,Dallas-Fort Worth,Industrial,Stabilized,Dallas Industrial 34
PROP-034,Dallas Industrial 34,Dallas-Fort Worth,Industrial,Stabilized,2024-11,2024-11-01,2024,Q4,407265.0,0.875,705777.0,267993.0,307147.0,Dallas-Fort Worth,Industrial,Stabilized,Dallas Industrial 34
PROP-034,Dallas Industrial 34,Dallas-Fort Worth,Industrial,Stabilized,2024-12,2024-12-01,2024,Q4,398734.0,0.858,699042.0,261784.0,307147.0,Dallas-Fort Worth,Industrial,Stabilized,Dallas Industrial 34
PROP-035,Dallas Retail 35,Dallas-Fort Worth,Retail,Stabilized,2022-01,2022-01-01,2022,Q1,191394.0,0.922,331680.0,125400.0,139685.0,Dallas-Fort Worth,Retail,Stabilized,Dallas Retail 35
PROP-035,Dallas Retail 35,Dallas-Fort Worth,Retail,Stabilized,2022-02,2022-02-01,2022,Q1,197077.0,0.93,331111.0,124349.0,139685.0,Dallas-Fort Worth,Retail,Stabilized,Dallas Retail 35
PROP-035,Dallas Retail 35,Dallas-Fort Worth,Retail,Stabilized,2022-03,2022-03-01,2022,Q1,208232.0,0.958,335859.0,127307.0,139685.0,Dallas-Fort Worth,Retail,Stabilized,Dallas Retail 35
PROP-035,Dallas Retail 35,Dallas-Fort Worth,Retail,Stabilized,2022-04,2022-04-01,2022,Q2,216921.0,0.974,336416.0,127100.0,139685.0,Dallas-Fort Worth,Retail,Stabilized,Dallas Retail 35
PROP-035,Dallas Retail 35,Dallas-Fort Worth,Retail,Stabilized,2022-05,2022-05-01,2022,Q2,228125.0,0.99,344103.0,132323.0,139685.0,Dallas-Fort Worth,Retail,Stabilized,Dallas Retail 35
PROP-035,Dallas Retail 35,Dallas-Fort Worth,Retail,Stabilized,2022-06,2022-06-01,2022,Q2,231358.0,0.99,345516.0,132762.0,139685.0,Dallas-Fort Worth,Retail,Stabilized,Dallas Retail 35
PROP-035,Dallas Retail 35,Dallas-Fort Worth,Retail,Stabilized,2022-07,2022-07-01,2022,Q3,228521.0,0.99,344700.0,131494.0,139685.0,Dallas-Fort Worth,Retail,Stabilized,Dallas Retail 35
PROP-035,Dallas Retail 35,Dallas-Fort Worth,Retail,Stabilized,2022-08,2022-08-01,2022,Q3,223126.0,0.982,346039.0,131877.0,139685.0,Dallas-Fort Worth,Retail,Stabilized,Dallas Retail 35
PROP-035,Dallas Retail 35,Dallas-Fort Worth,Retail,Stabilized,2022-09,2022-09-01,2022,Q3,213444.0,0.953,344264.0,129900.0,139685.0,Dallas-Fort Worth,Retail,Stabilized,Dallas Retail 35
PROP-035,Dallas Retail 35,Dallas-Fort Worth,Retail,Stabilized,2022-10,2022-10-01,2022,Q4,208317.0,0.945,349996.0,133619.0,139685.0,Dallas-Fort Worth,Retail,Stabilized,Dallas Retail 35
PROP-035,Dallas Retail 35,Dallas-Fort Worth,Retail,Stabilized,2022-11,2022-11-01,2022,Q4,204847.0,0.94,354993.0,136808.0,139685.0,Dallas-Fort Worth,Retail,Stabilized,Dallas Retail 35
PROP-035,Dallas Retail 35,Dallas-Fort Worth,Retail,Stabilized,2022-12,2022-12-01,2022,Q4,201084.0,0.924,352531.0,134277.0,139685.0,Dallas-Fort Worth,Retail,Stabilized,Dallas Retail 35
PROP-035,Dallas Retail 35,Dallas-Fort Worth,Retail,Stabilized,2023-01,2023-01-01,2023,Q1,202244.0,0.919,350482.0,132095.0,139685.0,Dallas-Fort Worth,Retail,Stabilized,Dallas Retail 35
PROP-035,Dallas Retail 35,Dallas-Fort Worth,Retail,Stabilized,2023-02,2023-02-01,2023,Q1,208474.0,0.928,350258.0,131307.0,139685.0,Dallas-Fort Worth,Retail,Stabilized,Dallas Retail 35
PROP-035,Dallas Retail 35,Dallas-Fort Worth,Retail,Stabilized,2023-03,2023-03-01,2023,Q1,221027.0,0.959,356494.0,135388.0,139685.0,Dallas-Fort Worth,Retail,Stabilized,Dallas Retail 35
PROP-035,Dallas Retail 35,Dallas-Fort Worth,Retail,Stabilized,2023-04,2023-04-01,2023,Q2,231245.0,0.98,358631.0,136379.0,139685.0,Dallas-Fort Worth,Retail,Stabilized,Dallas Retail 35
PROP-035,Dallas Retail 35,Dallas-Fort Worth,Retail,Stabilized,2023-05,2023-05-01,2023,Q2,240272.0,0.99,362426.0,138636.0,139685.0,Dallas-Fort Worth,Retail,Stabilized,Dallas Retail 35
PROP-035,Dallas Retail 35,Dallas-Fort Worth,Retail,Stabilized,2023-06,2023-06-01,2023,Q2,244192.0,0.99,364684.0,139722.0,139685.0,Dallas-Fort Worth,Retail,Stabilized,Dallas Retail 35
PROP-035,Dallas Retail 35,Dallas-Fort Worth,Retail,Stabilized,2023-07,2023-07-01,2023,Q3,240033.0,0.99,362065.0,137090.0,139685.0,Dallas-Fort Worth,Retail,Stabilized,Dallas Retail 35
PROP-035,Dallas Retail 35,Dallas-Fort Worth,Retail,Stabilized,2023-08,2023-08-01,2023,Q3,237648.0,0.989,368560.0,141404.0,139685.0,Dallas-Fort Worth,Retail,Stabilized,Dallas Retail 35
PROP-035,Dallas Retail 35,Dallas-Fort Worth,Retail,Stabilized,2023-09,2023-09-01,2023,Q3,225598.0,0.953,363869.0,137201.0,139685.0,Dallas-Fort Worth,Retail,Stabilized,Dallas Retail 35
PROP-035,Dallas Retail 35,Dallas-Fort Worth,Retail,Stabilized,2023-10,2023-10-01,2023,Q4,219732.0,0.943,369173.0,140591.0,139685.0,Dallas-Fort Worth,Retail,Stabilized,Dallas Retail 35
PROP-035,Dallas Retail 35,Dallas-Fort Worth,Retail,Stabilized,2023-11,2023-11-01,2023,Q4,214813.0,0.932,372264.0,142311.0,139685.0,Dallas-Fort Worth,Retail,Stabilized,Dallas Retail 35
PROP-035,Dallas Retail 35,Dallas-Fort Worth,Retail,Stabilized,2023-12,2023-12-01,2023,Q4,210054.0,0.913,368257.0,138640.0,139685.0,Dallas-Fort Worth,Retail,Stabilized,Dallas Retail 35
PROP-035,Dallas Retail 35,Dallas-Fort Worth,Retail,Stabilized,2024-01,2024-01-01,2024,Q1,215071.0,0.925,372712.0,141380.0,139685.0,Dallas-Fort Worth,Retail,Stabilized,Dallas Retail 35
PROP-035,Dallas Retail 35,Dallas-Fort Worth,Retail,Stabilized,2024-02,2024-02-01,2024,Q1,222679.0,0.939,374125.0,141821.0,139685.0,Dallas-Fort Worth,Retail,Stabilized,Dallas Retail 35
PROP-035,Dallas Retail 35,Dallas-Fort Worth,Retail,Stabilized,2024-03,2024-03-01,2024,Q1,232948.0,0.957,375722.0,142402.0,139685.0,Dallas-Fort Worth,Retail,Stabilized,Dallas Retail 35
PROP-035,Dallas Retail 35,Dallas-Fort Worth,Retail,Stabilized,2024-04,2024-04-01,2024,Q2,241807.0,0.971,375011.0,141238.0,139685.0,Dallas-Fort Worth,Retail,Stabilized,Dallas Retail 35
PROP-035,Dallas Retail 35,Dallas-Fort Worth,Retail,Stabilized,2024-05,2024-05-01,2024,Q2,251963.0,0.99,380060.0,144431.0,139685.0,Dallas-Fort Worth,Retail,Stabilized,Dallas Retail 35
PROP-035,Dallas Retail 35,Dallas-Fort Worth,Retail,Stabilized,2024-06,2024-06-01,2024,Q2,256445.0,0.99,382983.0,146020.0,139685.0,Dallas-Fort Worth,Retail,Stabilized,Dallas Retail 35
PROP-035,Dallas Retail 35,Dallas-Fort Worth,Retail,Stabilized,2024-07,2024-07-01,2024,Q3,253943.0,0.99,383046.0,145433.0,139685.0,Dallas-Fort Worth,Retail,Stabilized,Dallas Retail 35
PROP-035,Dallas Retail 35,Dallas-Fort Worth,Retail,Stabilized,2024-08,2024-08-01,2024,Q3,250869.0,0.989,389064.0,149389.0,139685.0,Dallas-Fort Worth,Retail,Stabilized,Dallas Retail 35
PROP-035,Dallas Retail 35,Dallas-Fort Worth,Retail,Stabilized,2024-09,2024-09-01,2024,Q3,241394.0,0.967,389345.0,148960.0,139685.0,Dallas-Fort Worth,Retail,Stabilized,Dallas Retail 35
PROP-035,Dallas Retail 35,Dallas-Fort Worth,Retail,Stabilized,2024-10,2024-10-01,2024,Q4,232587.0,0.947,390771.0,149410.0,139685.0,Dallas-Fort Worth,Retail,Stabilized,Dallas Retail 35
PROP-035,Dallas Retail 35,Dallas-Fort Worth,Retail,Stabilized,2024-11,2024-11-01,2024,Q4,225197.0,0.927,390259.0,148382.0,139685.0,Dallas-Fort Worth,Retail,Stabilized,Dallas Retail 35
PROP-035,Dallas Retail 35,Dallas-Fort Worth,Retail,Stabilized,2024-12,2024-12-01,2024,Q4,223838.0,0.923,392423.0,149393.0,139685.0,Dallas-Fort Worth,Retail,Stabilized,Dallas Retail 35
PROP-036,Austin Retail 36,Austin,Retail,Development,2022-01,2022-01-01,2022,Q1,258351.0,0.925,447714.0,172674.0,193921.0,Austin,Retail,Development,Austin Retail 36
PROP-036,Austin Retail 36,Austin,Retail,Development,2022-02,2022-02-01,2022,Q1,263697.0,0.925,443040.0,168246.0,193921.0,Austin,Retail,Development,Austin Retail 36
PROP-036,Austin Retail 36,Austin,Retail,Development,2022-03,2022-03-01,2022,Q1,275210.0,0.941,443887.0,168054.0,193921.0,Austin,Retail,Development,Austin Retail 36
PROP-036,Austin Retail 36,Austin,Retail,Development,2022-04,2022-04-01,2022,Q2,292657.0,0.976,453873.0,174835.0,193921.0,Austin,Retail,Development,Austin Retail 36
PROP-036,Austin Retail 36,Austin,Retail,Development,2022-05,2022-05-01,2022,Q2,297932.0,0.976,449400.0,170565.0,193921.0,Austin,Retail,Development,Austin Retail 36
PROP-036,Austin Retail 36,Austin,Retail,Development,2022-06,2022-06-01,2022,Q2,303061.0,0.983,452599.0,172159.0,193921.0,Austin,Retail,Development,Austin Retail 36
PROP-036,Austin Retail 36,Austin,Retail,Development,2022-07,2022-07-01,2022,Q3,301635.0,0.978,454986.0,173135.0,193921.0,Austin,Retail,Development,Austin Retail 36
PROP-036,Austin Retail 36,Austin,Retail,Development,2022-08,2022-08-01,2022,Q3,295944.0,0.968,458970.0,175329.0,193921.0,Austin,Retail,Development,Austin Retail 36
PROP-036,Austin Retail 36,Austin,Retail,Development,2022-09,2022-09-01,2022,Q3,287573.0,0.954,463827.0,178198.0,193921.0,Austin,Retail,Development,Austin Retail 36
PROP-036,Austin Retail 36,Austin,Retail,Development,2022-10,2022-10-01,2022,Q4,275859.0,0.93,463472.0,177074.0,193921.0,Austin,Retail,Development,Austin Retail 36
PROP-036,Austin Retail 36,Austin,Retail,Development,2022-11,2022-11-01,2022,Q4,269709.0,0.92,467398.0,179229.0,193921.0,Austin,Retail,Development,Austin Retail 36
PROP-036,Austin Retail 36,Austin,Retail,Development,2022-12,2022-12-01,2022,Q4,263578.0,0.9,462094.0,174354.0,193921.0,Austin,Retail,Development,Austin Retail 36
PROP-036,Austin Retail 36,Austin,Retail,Development,2023-01,2023-01-01,2023,Q1,269692.0,0.911,467367.0,177515.0,193921.0,Austin,Retail,Development,Austin Retail 36
PROP-036,Austin Retail 36,Austin,Retail,Development,2023-02,2023-02-01,2023,Q1,283458.0,0.938,476241.0,183455.0,193921.0,Austin,Retail,Development,Austin Retail 36
PROP-036,Austin Retail 36,Austin,Retail,Development,2023-03,2023-03-01,2023,Q1,290700.0,0.938,468871.0,176990.0,193921.0,Austin,Retail,Development,Austin Retail 36
PROP-036,Austin Retail 36,Austin,Retail,Development,2023-04,2023-04-01,2023,Q2,303920.0,0.957,471340.0,178026.0,193921.0,Austin,Retail,Development,Austin Retail 36
PROP-036,Austin Retail 36,Austin,Retail,Development,2023-05,2023-05-01,2023,Q2,320023.0,0.99,482722.0,185864.0,193921.0,Austin,Retail,Development,Austin Retail 36
PROP-036,Austin Retail 36,Austin,Retail,Development,2023-06,2023-06-01,2023,Q2,325119.0,0.99,485542.0,187175.0,193921.0,Austin,Retail,Development,Austin Retail 36
PROP-036,Austin Retail 36,Austin,Retail,Development,2023-07,2023-07-01,2023,Q3,321357.0,0.985,484735.0,185698.0,193921.0,Austin,Retail,Development,Austin Retail 36
PROP-036,Austin Retail 36,Austin,Retail,Development,2023-08,2023-08-01,2023,Q3,313371.0,0.969,485998.0,185814.0,193921.0,Austin,Retail,Development,Austin Retail 36
PROP-036,Austin Retail 36,Austin,Retail,Development,2023-09,2023-09-01,2023,Q3,302562.0,0.949,488004.0,186500.0,193921.0,Austin,Retail,Development,Austin Retail 36
PROP-036,Austin Retail 36,Austin,Retail,Development,2023-10,2023-10-01,2023,Q4,290028.0,0.925,487279.0,185105.0,193921.0,Austin,Retail,Development,Austin Retail 36
PROP-036,Austin Retail 36,Austin,Retail,Development,2023-11,2023-11-01,2023,Q4,282376.0,0.911,489349.0,185840.0,193921.0,Austin,Retail,Development,Austin Retail 36
PROP-036,Austin Retail 36,Austin,Retail,Development,2023-12,2023-12-01,2023,Q4,281061.0,0.908,492744.0,187582.0,193921.0,Austin,Retail,Development,Austin Retail 36
PROP-036,Austin Retail 36,Austin,Retail,Development,2024-01,2024-01-01,2024,Q1,288809.0,0.923,500497.0,192668.0,193921.0,Austin,Retail,Development,Austin Retail 36
PROP-036,Austin Retail 36,Austin,Retail,Development,2024-02,2024-02-01,2024,Q1,297340.0,0.931,499562.0,191096.0,193921.0,Austin,Retail,Development,Austin Retail 36
PROP-036,Austin Retail 36,Austin,Retail,Development,2024-03,2024-03-01,2024,Q1,307083.0,0.938,495295.0,187014.0,193921.0,Austin,Retail,Development,Austin Retail 36
PROP-036,Austin Retail 36,Austin,Retail,Development,2024-04,2024-04-01,2024,Q2,323546.0,0.965,501777.0,191096.0,193921.0,Austin,Retail,Development,Austin Retail 36
PROP-036,Austin Retail 36,Austin,Retail,Development,2024-05,2024-05-01,2024,Q2,333818.0,0.978,503531.0,191590.0,193921.0,Austin,Retail,Development,Austin Retail 36
PROP-036,Austin Retail 36,Austin,Retail,Development,2024-06,2024-06-01,2024,Q2,342220.0,0.99,511082.0,196517.0,193921.0,Austin,Retail,Development,Austin Retail 36
PROP-036,Austin Retail 36,Austin,Retail,Development,2024-07,2024-07-01,2024,Q3,335247.0,0.974,505685.0,191552.0,193921.0,Austin,Retail,Development,Austin Retail 36
PROP-036,Austin Retail 36,Austin,Retail,Development,2024-08,2024-08-01,2024,Q3,326997.0,0.958,507129.0,191814.0,193921.0,Austin,Retail,Development,Austin Retail 36
PROP-036,Austin Retail 36,Austin,Retail,Development,2024-09,2024-09-01,2024,Q3,319854.0,0.952,515893.0,197645.0,193921.0,Austin,Retail,Development,Austin Retail 36
PROP-036,Austin Retail 36,Austin,Retail,Development,2024-10,2024-10-01,2024,Q4,302634.0,0.915,508457.0,191164.0,193921.0,Austin,Retail,Development,Austin Retail 36
PROP-036,Austin Retail 36,Austin,Retail,Development,2024-11,2024-11-01,2024,Q4,293729.0,0.899,509022.0,190771.0,193921.0,Austin,Retail,Development,Austin Retail 36
PROP-036,Austin Retail 36,Austin,Retail,Development,2024-12,2024-12-01,2024,Q4,299687.0,0.919,525398.0,202378.0,193921.0,Austin,Retail,Development,Austin Retail 36
PROP-037,Dallas Multifamily 37,Dallas-Fort Worth,Multifamily,Value-Add,2022-01,2022-01-01,2022,Q1,163039.0,0.896,282542.0,106010.0,127697.0,Dallas-Fort Worth,Multifamily,Value-Add,Dallas Multifamily 37
PROP-037,Dallas Multifamily 37,Dallas-Fort Worth,Multifamily,Value-Add,2022-02,2022-02-01,2022,Q1,173349.0,0.933,291245.0,112081.0,127697.0,Dallas-Fort Worth,Multifamily,Value-Add,Dallas Multifamily 37
PROP-037,Dallas Multifamily 37,Dallas-Fort Worth,Multifamily,Value-Add,2022-03,2022-03-01,2022,Q1,180029.0,0.944,290370.0,110857.0,127697.0,Dallas-Fort Worth,Multifamily,Value-Add,Dallas Multifamily 37
PROP-037,Dallas Multifamily 37,Dallas-Fort Worth,Multifamily,Value-Add,2022-04,2022-04-01,2022,Q2,188671.0,0.966,292603.0,112014.0,127697.0,Dallas-Fort Worth,Multifamily,Value-Add,Dallas Multifamily 37
PROP-037,Dallas Multifamily 37,Dallas-Fort Worth,Multifamily,Value-Add,2022-05,2022-05-01,2022,Q2,191842.0,0.964,289375.0,109019.0,127697.0,Dallas-Fort Worth,Multifamily,Value-Add,Dallas Multifamily 37
PROP-037,Dallas Multifamily 37,Dallas-Fort Worth,Multifamily,Value-Add,2022-06,2022-06-01,2022,Q2,198333.0,0.987,296196.0,113662.0,127697.0,Dallas-Fort Worth,Multifamily,Value-Add,Dallas Multifamily 37
PROP-037,Dallas Multifamily 37,Dallas-Fort Worth,Multifamily,Value-Add,2022-07,2022-07-01,2022,Q3,194058.0,0.966,292717.0,110469.0,127697.0,Dallas-Fort Worth,Multifamily,Value-Add,Dallas Multifamily 37
PROP-037,Dallas Multifamily 37,Dallas-Fort Worth,Multifamily,Value-Add,2022-08,2022-08-01,2022,Q3,191327.0,0.961,296722.0,112964.0,127697.0,Dallas-Fort Worth,Multifamily,Value-Add,Dallas Multifamily 37
PROP-037,Dallas Multifamily 37,Dallas-Fort Worth,Multifamily,Value-Add,2022-09,2022-09-01,2022,Q3,183249.0,0.934,295563.0,111544.0,127697.0,Dallas-Fort Worth,Multifamily,Value-Add,Dallas Multifamily 37
PROP-037,Dallas Multifamily 37,Dallas-Fort Worth,Multifamily,Value-Add,2022-10,2022-10-01,2022,Q4,175898.0,0.91,295527.0,110984.0,127697.0,Dallas-Fort Worth,Multifamily,Value-Add,Dallas Multifamily 37
PROP-037,Dallas Multifamily 37,Dallas-Fort Worth,Multifamily,Value-Add,2022-11,2022-11-01,2022,Q4,174634.0,0.914,302635.0,115832.0,127697.0,Dallas-Fort Worth,Multifamily,Value-Add,Dallas Multifamily 37
PROP-037,Dallas Multifamily 37,Dallas-Fort Worth,Multifamily,Value-Add,2022-12,2022-12-01,2022,Q4,170854.0,0.895,299533.0,112932.0,127697.0,Dallas-Fort Worth,Multifamily,Value-Add,Dallas Multifamily 37
PROP-037,Dallas Multifamily 37,Dallas-Fort Worth,Multifamily,Value-Add,2023-01,2023-01-01,2023,Q1,172673.0,0.895,299237.0,112178.0,127697.0,Dallas-Fort Worth,Multifamily,Value-Add,Dallas Multifamily 37
PROP-037,Dallas Multifamily 37,Dallas-Fort Worth,Multifamily,Value-Add,2023-02,2023-02-01,2023,Q1,183596.0,0.932,308461.0,118640.0,127697.0,Dallas-Fort Worth,Multifamily,Value-Add,Dallas Multifamily 37
PROP-037,Dallas Multifamily 37,Dallas-Fort Worth,Multifamily,Value-Add,2023-03,2023-03-01,2023,Q1,188274.0,0.932,303667.0,114444.0,127697.0,Dallas-Fort Worth,Multifamily,Value-Add,Dallas Multifamily 37
PROP-037,Dallas Multifamily 37,Dallas-Fort Worth,Multifamily,Value-Add,2023-04,2023-04-01,2023,Q2,196762.0,0.951,305152.0,115028.0,127697.0,Dallas-Fort Worth,Multifamily,Value-Add,Dallas Multifamily 37
PROP-037,Dallas Multifamily 37,Dallas-Fort Worth,Multifamily,Value-Add,2023-05,2023-05-01,2023,Q2,202428.0,0.961,305342.0,114638.0,127697.0,Dallas-Fort Worth,Multifamily,Value-Add,Dallas Multifamily 37
PROP-037,Dallas Multifamily 37,Dallas-Fort Worth,Multifamily,Value-Add,2023-06,2023-06-01,2023,Q2,206838.0,0.973,308898.0,116784.0,127697.0,Dallas-Fort Worth,Multifamily,Value-Add,Dallas Multifamily 37
PROP-037,Dallas Multifamily 37,Dallas-Fort Worth,Multifamily,Value-Add,2023-07,2023-07-01,2023,Q3,206611.0,0.972,311652.0,118330.0,127697.0,Dallas-Fort Worth,Multifamily,Value-Add,Dallas Multifamily 37
PROP-037,Dallas Multifamily 37,Dallas-Fort Worth,Multifamily,Value-Add,2023-08,2023-08-01,2023,Q3,203140.0,0.964,315044.0,120367.0,127697.0,Dallas-Fort Worth,Multifamily,Value-Add,Dallas Multifamily 37
PROP-037,Dallas Multifamily 37,Dallas-Fort Worth,Multifamily,Value-Add,2023-09,2023-09-01,2023,Q3,193036.0,0.93,311348.0,117025.0,127697.0,Dallas-Fort Worth,Multifamily,Value-Add,Dallas Multifamily 37
PROP-037,Dallas Multifamily 37,Dallas-Fort Worth,Multifamily,Value-Add,2023-10,2023-10-01,2023,Q4,190826.0,0.934,320609.0,123529.0,127697.0,Dallas-Fort Worth,Multifamily,Value-Add,Dallas Multifamily 37
PROP-037,Dallas Multifamily 37,Dallas-Fort Worth,Multifamily,Value-Add,2023-11,2023-11-01,2023,Q4,185916.0,0.92,322187.0,124186.0,127697.0,Dallas-Fort Worth,Multifamily,Value-Add,Dallas Multifamily 37
PROP-037,Dallas Multifamily 37,Dallas-Fort Worth,Multifamily,Value-Add,2023-12,2023-12-01,2023,Q4,180126.0,0.893,315790.0,118769.0,127697.0,Dallas-Fort Worth,Multifamily,Value-Add,Dallas Multifamily 37
PROP-037,Dallas Multifamily 37,Dallas-Fort Worth,Multifamily,Value-Add,2024-01,2024-01-01,2024,Q1,185788.0,0.912,321965.0,122908.0,127697.0,Dallas-Fort Worth,Multifamily,Value-Add,Dallas Multifamily 37
PROP-037,Dallas Multifamily 37,Dallas-Fort Worth,Multifamily,Value-Add,2024-02,2024-02-01,2024,Q1,193798.0,0.932,325602.0,125142.0,127697.0,Dallas-Fort Worth,Multifamily,Value-Add,Dallas Multifamily 37
PROP-037,Dallas Multifamily 37,Dallas-Fort Worth,Multifamily,Value-Add,2024-03,2024-03-01,2024,Q1,200335.0,0.939,323120.0,122696.0,127697.0,Dallas-Fort Worth,Multifamily,Value-Add,Dallas Multifamily 37
PROP-037,Dallas Multifamily 37,Dallas-Fort Worth,Multifamily,Value-Add,2024-04,2024-04-01,2024,Q2,210368.0,0.963,326254.0,124536.0,127697.0,Dallas-Fort Worth,Multifamily,Value-Add,Dallas Multifamily 37
PROP-037,Dallas Multifamily 37,Dallas-Fort Worth,Multifamily,Value-Add,2024-05,2024-05-01,2024,Q2,217928.0,0.98,328722.0,125873.0,127697.0,Dallas-Fort Worth,Multifamily,Value-Add,Dallas Multifamily 37
PROP-037,Dallas Multifamily 37,Dallas-Fort Worth,Multifamily,Value-Add,2024-06,2024-06-01,2024,Q2,217993.0,0.971,325557.0,122922.0,127697.0,Dallas-Fort Worth,Multifamily,Value-Add,Dallas Multifamily 37
PROP-037,Dallas Multifamily 37,Dallas-Fort Worth,Multifamily,Value-Add,2024-07,2024-07-01,2024,Q3,216760.0,0.966,326961.0,123445.0,127697.0,Dallas-Fort Worth,Multifamily,Value-Add,Dallas Multifamily 37
PROP-037,Dallas Multifamily 37,Dallas-Fort Worth,Multifamily,Value-Add,2024-08,2024-08-01,2024,Q3,210294.0,0.946,326139.0,122294.0,127697.0,Dallas-Fort Worth,Multifamily,Value-Add,Dallas Multifamily 37
PROP-037,Dallas Multifamily 37,Dallas-Fort Worth,Multifamily,Value-Add,2024-09,2024-09-01,2024,Q3,207462.0,0.948,334617.0,128180.0,127697.0,Dallas-Fort Worth,Multifamily,Value-Add,Dallas Multifamily 37
PROP-037,Dallas Multifamily 37,Dallas-Fort Worth,Multifamily,Value-Add,2024-10,2024-10-01,2024,Q4,199329.0,0.925,334895.0,127842.0,127697.0,Dallas-Fort Worth,Multifamily,Value-Add,Dallas Multifamily 37
PROP-037,Dallas Multifamily 37,Dallas-Fort Worth,Multifamily,Value-Add,2024-11,2024-11-01,2024,Q4,191644.0,0.9,332113.0,125189.0,127697.0,Dallas-Fort Worth,Multifamily,Value-Add,Dallas Multifamily 37
PROP-037,Dallas Multifamily 37,Dallas-Fort Worth,Multifamily,Value-Add,2024-12,2024-12-01,2024,Q4,193161.0,0.909,338641.0,129605.0,127697.0,Dallas-Fort Worth,Multifamily,Value-Add,Dallas Multifamily 37
PROP-038,Denver Multifamily 38,Denver,Multifamily,Development,2022-01,2022-01-01,2022,Q1,157853.0,0.949,273553.0,105043.0,127333.0,Denver,Multifamily,Development,Denver Multifamily 38
PROP-038,Denver Multifamily 38,Denver,Multifamily,Development,2022-02,2022-02-01,2022,Q1,159683.0,0.94,268285.0,100533.0,127333.0,Denver,Multifamily,Development,Denver Multifamily 38
PROP-038,Denver Multifamily 38,Denver,Multifamily,Development,2022-03,2022-03-01,2022,Q1,171661.0,0.985,276872.0,106542.0,127333.0,Denver,Multifamily,Development,Denver Multifamily 38
PROP-038,Denver Multifamily 38,Denver,Multifamily,Development,2022-04,2022-04-01,2022,Q2,176734.0,0.99,274092.0,103898.0,127333.0,Denver,Multifamily,Development,Denver Multifamily 38
PROP-038,Denver Multifamily 38,Denver,Multifamily,Development,2022-05,2022-05-01,2022,Q2,184911.0,0.99,278919.0,107063.0,127333.0,Denver,Multifamily,Development,Denver Multifamily 38
PROP-038,Denver Multifamily 38,Denver,Multifamily,Development,2022-06,2022-06-01,2022,Q2,188216.0,0.99,281088.0,108204.0,127333.0,Denver,Multifamily,Development,Denver Multifamily 38
PROP-038,Denver Multifamily 38,Denver,Multifamily,Development,2022-07,2022-07-01,2022,Q3,182280.0,0.99,274951.0,103028.0,127333.0,Denver,Multifamily,Development,Denver Multifamily 38
PROP-038,Denver Multifamily 38,Denver,Multifamily,Development,2022-08,2022-08-01,2022,Q3,182484.0,0.99,283009.0,108628.0,127333.0,Denver,Multifamily,Development,Denver Multifamily 38
PROP-038,Denver Multifamily 38,Denver,Multifamily,Development,2022-09,2022-09-01,2022,Q3,176060.0,0.981,283969.0,108840.0,127333.0,Denver,Multifamily,Development,Denver Multifamily 38
PROP-038,Denver Multifamily 38,Denver,Multifamily,Development,2022-10,2022-10-01,2022,Q4,166792.0,0.945,280228.0,105485.0,127333.0,Denver,Multifamily,Development,Denver Multifamily 38
PROP-038,Denver Multifamily 38,Denver,Multifamily,Development,2022-11,2022-11-01,2022,Q4,165247.0,0.946,286367.0,109632.0,127333.0,Denver,Multifamily,Development,Denver Multifamily 38
PROP-038,Denver Multifamily 38,Denver,Multifamily,Development,2022-12,2022-12-01,2022,Q4,164724.0,0.945,288787.0,110965.0,127333.0,Denver,Multifamily,Development,Denver Multifamily 38
PROP-038,Denver Multifamily 38,Denver,Multifamily,Development,2023-01,2023-01-01,2023,Q1,164538.0,0.933,285138.0,107668.0,127333.0,Denver,Multifamily,Development,Denver Multifamily 38
PROP-038,Denver Multifamily 38,Denver,Multifamily,Development,2023-02,2023-02-01,2023,Q1,169217.0,0.94,284304.0,106536.0,127333.0,Denver,Multifamily,Development,Denver Multifamily 38
PROP-038,Denver Multifamily 38,Denver,Multifamily,Development,2023-03,2023-03-01,2023,Q1,178502.0,0.967,287906.0,108743.0,127333.0,Denver,Multifamily,Development,Denver Multifamily 38
PROP-038,Denver Multifamily 38,Denver,Multifamily,Development,2023-04,2023-04-01,2023,Q2,188223.0,0.99,291908.0,111267.0,127333.0,Denver,Multifamily,Development,Denver Multifamily 38
PROP-038,Denver Multifamily 38,Denver,Multifamily,Development,2023-05,2023-05-01,2023,Q2,196316.0,0.99,296123.0,113973.0,127333.0,Denver,Multifamily,Development,Denver Multifamily 38
PROP-038,Denver Multifamily 38,Denver,Multifamily,Development,2023-06,2023-06-01,2023,Q2,195700.0,0.99,292265.0,110511.0,127333.0,Denver,Multifamily,Development,Denver Multifamily 38
PROP-038,Denver Multifamily 38,Denver,Multifamily,Development,2023-07,2023-07-01,2023,Q3,195351.0,0.99,294668.0,111820.0,127333.0,Denver,Multifamily,Development,Denver Multifamily 38
PROP-038,Denver Multifamily 38,Denver,Multifamily,Development,2023-08,2023-08-01,2023,Q3,191945.0,0.99,297682.0,113599.0,127333.0,Denver,Multifamily,Development,Denver Multifamily 38
PROP-038,Denver Multifamily 38,Denver,Multifamily,Development,2023-09,2023-09-01,2023,Q3,184758.0,0.974,297996.0,113321.0,127333.0,Denver,Multifamily,Development,Denver Multifamily 38
PROP-038,Denver Multifamily 38,Denver,Multifamily,Development,2023-10,2023-10-01,2023,Q4,180123.0,0.965,302626.0,116341.0,127333.0,Denver,Multifamily,Development,Denver Multifamily 38
PROP-038,Denver Multifamily 38,Denver,Multifamily,Development,2023-11,2023-11-01,2023,Q4,171491.0,0.929,297188.0,111692.0,127333.0,Denver,Multifamily,Development,Denver Multifamily 38
PROP-038,Denver Multifamily 38,Denver,Multifamily,Development,2023-12,2023-12-01,2023,Q4,172191.0,0.934,301878.0,114728.0,127333.0,Denver,Multifamily,Development,Denver Multifamily 38
PROP-038,Denver Multifamily 38,Denver,Multifamily,Development,2024-01,2024-01-01,2024,Q1,173764.0,0.933,301127.0,113648.0,127333.0,Denver,Multifamily,Development,Denver Multifamily 38
PROP-038,Denver Multifamily 38,Denver,Multifamily,Development,2024-02,2024-02-01,2024,Q1,182945.0,0.962,307368.0,117882.0,127333.0,Denver,Multifamily,Development,Denver Multifamily 38
PROP-038,Denver Multifamily 38,Denver,Multifamily,Development,2024-03,2024-03-01,2024,Q1,188695.0,0.968,304346.0,115064.0,127333.0,Denver,Multifamily,Development,Denver Multifamily 38
PROP-038,Denver Multifamily 38,Denver,Multifamily,Development,2024-04,2024-04-01,2024,Q2,199491.0,0.99,309384.0,118381.0,127333.0,Denver,Multifamily,Development,Denver Multifamily 38
PROP-038,Denver Multifamily 38,Denver,Multifamily,Development,2024-05,2024-05-01,2024,Q2,205503.0,0.99,309980.0,118316.0,127333.0,Denver,Multifamily,Development,Denver Multifamily 38
PROP-038,Denver Multifamily 38,Denver,Multifamily,Development,2024-06,2024-06-01,2024,Q2,208911.0,0.99,311993.0,119335.0,127333.0,Denver,Multifamily,Development,Denver Multifamily 38
PROP-038,Denver Multifamily 38,Denver,Multifamily,Development,2024-07,2024-07-01,2024,Q3,203379.0,0.99,306776.0,114876.0,127333.0,Denver,Multifamily,Development,Denver Multifamily 38
PROP-038,Denver Multifamily 38,Denver,Multifamily,Development,2024-08,2024-08-01,2024,Q3,200623.0,0.988,311140.0,117655.0,127333.0,Denver,Multifamily,Development,Denver Multifamily 38
PROP-038,Denver Multifamily 38,Denver,Multifamily,Development,2024-09,2024-09-01,2024,Q3,193496.0,0.967,312090.0,117865.0,127333.0,Denver,Multifamily,Development,Denver Multifamily 38
PROP-038,Denver Multifamily 38,Denver,Multifamily,Development,2024-10,2024-10-01,2024,Q4,188693.0,0.959,317025.0,121100.0,127333.0,Denver,Multifamily,Development,Denver Multifamily 38
PROP-038,Denver Multifamily 38,Denver,Multifamily,Development,2024-11,2024-11-01,2024,Q4,181084.0,0.931,313813.0,118151.0,127333.0,Denver,Multifamily,Development,Denver Multifamily 38
PROP-038,Denver Multifamily 38,Denver,Multifamily,Development,2024-12,2024-12-01,2024,Q4,182038.0,0.937,319141.0,121677.0,127333.0,Denver,Multifamily,Development,Denver Multifamily 38
PROP-039,Austin Office 39,Austin,Office,Value-Add,2022-01,2022-01-01,2022,Q1,100234.0,0.917,173702.0,66281.0,81136.0,Austin,Office,Value-Add,Austin Office 39
PROP-039,Austin Office 39,Austin,Office,Value-Add,2022-02,2022-02-01,2022,Q1,103180.0,0.924,173354.0,65688.0,81136.0,Austin,Office,Value-Add,Austin Office 39
PROP-039,Austin Office 39,Austin,Office,Value-Add,2022-03,2022-03-01,2022,Q1,108087.0,0.944,174333.0,66103.0,81136.0,Austin,Office,Value-Add,Austin Office 39
PROP-039,Austin Office 39,Austin,Office,Value-Add,2022-04,2022-04-01,2022,Q2,112628.0,0.96,174671.0,66032.0,81136.0,Austin,Office,Value-Add,Austin Office 39
PROP-039,Austin Office 39,Austin,Office,Value-Add,2022-05,2022-05-01,2022,Q2,116625.0,0.976,175917.0,66650.0,81136.0,Austin,Office,Value-Add,Austin Office 39
PROP-039,Austin Office 39,Austin,Office,Value-Add,2022-06,2022-06-01,2022,Q2,117284.0,0.972,175155.0,65751.0,81136.0,Austin,Office,Value-Add,Austin Office 39
PROP-039,Austin Office 39,Austin,Office,Value-Add,2022-07,2022-07-01,2022,Q3,119827.0,0.99,180746.0,69676.0,81136.0,Austin,Office,Value-Add,Austin Office 39
PROP-039,Austin Office 39,Austin,Office,Value-Add,2022-08,2022-08-01,2022,Q3,115365.0,0.964,178916.0,67942.0,81136.0,Austin,Office,Value-Add,Austin Office 39
PROP-039,Austin Office 39,Austin,Office,Value-Add,2022-09,2022-09-01,2022,Q3,112997.0,0.958,182254.0,70162.0,81136.0,Austin,Office,Value-Add,Austin Office 39
PROP-039,Austin Office 39,Austin,Office,Value-Add,2022-10,2022-10-01,2022,Q4,106000.0,0.913,178092.0,66674.0,81136.0,Austin,Office,Value-Add,Austin Office 39
PROP-039,Austin Office 39,Austin,Office,Value-Add,2022-11,2022-11-01,2022,Q4,104443.0,0.91,180997.0,68539.0,81136.0,Austin,Office,Value-Add,Austin Office 39
PROP-039,Austin Office 39,Austin,Office,Value-Add,2022-12,2022-12-01,2022,Q4,103930.0,0.907,182205.0,69127.0,81136.0,Austin,Office,Value-Add,Austin Office 39
PROP-039,Austin Office 39,Austin,Office,Value-Add,2023-01,2023-01-01,2023,Q1,105068.0,0.907,182079.0,68706.0,81136.0,Austin,Office,Value-Add,Austin Office 39
PROP-039,Austin Office 39,Austin,Office,Value-Add,2023-02,2023-02-01,2023,Q1,109091.0,0.922,183284.0,69292.0,81136.0,Austin,Office,Value-Add,Austin Office 39
PROP-039,Austin Office 39,Austin,Office,Value-Add,2023-03,2023-03-01,2023,Q1,115040.0,0.948,185549.0,70683.0,81136.0,Austin,Office,Value-Add,Austin Office 39
PROP-039,Austin Office 39,Austin,Office,Value-Add,2023-04,2023-04-01,2023,Q2,120167.0,0.967,186362.0,70972.0,81136.0,Austin,Office,Value-Add,Austin Office 39
PROP-039,Austin Office 39,Austin,Office,Value-Add,2023-05,2023-05-01,2023,Q2,122968.0,0.972,185484.0,69980.0,81136.0,Austin,Office,Value-Add,Austin Office 39
PROP-039,Austin Office 39,Austin,Office,Value-Add,2023-06,2023-06-01,2023,Q2,125145.0,0.98,186895.0,70721.0,81136.0,Austin,Office,Value-Add,Austin Office 39
PROP-039,Austin Office 39,Austin,Office,Value-Add,2023-07,2023-07-01,2023,Q3,124012.0,0.971,187059.0,70520.0,81136.0,Austin,Office,Value-Add,Austin Office 39
PROP-039,Austin Office 39,Austin,Office,Value-Add,2023-08,2023-08-01,2023,Q3,122750.0,0.97,190369.0,72704.0,81136.0,Austin,Office,Value-Add,Austin Office 39
PROP-039,Austin Office 39,Austin,Office,Value-Add,2023-09,2023-09-01,2023,Q3,117851.0,0.945,190083.0,72157.0,81136.0,Austin,Office,Value-Add,Austin Office 39
PROP-039,Austin Office 39,Austin,Office,Value-Add,2023-10,2023-10-01,2023,Q4,112608.0,0.918,189194.0,71160.0,81136.0,Austin,Office,Value-Add,Austin Office 39
PROP-039,Austin Office 39,Austin,Office,Value-Add,2023-11,2023-11-01,2023,Q4,111417.0,0.918,193082.0,73781.0,81136.0,Austin,Office,Value-Add,Austin Office 39
PROP-039,Austin Office 39,Austin,Office,Value-Add,2023-12,2023-12-01,2023,Q4,111412.0,0.92,195323.0,75165.0,81136.0,Austin,Office,Value-Add,Austin Office 39
PROP-039,Austin Office 39,Austin,Office,Value-Add,2024-01,2024-01-01,2024,Q1,113097.0,0.924,195994.0,75344.0,81136.0,Austin,Office,Value-Add,Austin Office 39
PROP-039,Austin Office 39,Austin,Office,Value-Add,2024-02,2024-02-01,2024,Q1,116767.0,0.935,196180.0,75152.0,81136.0,Austin,Office,Value-Add,Austin Office 39
PROP-039,Austin Office 39,Austin,Office,Value-Add,2024-03,2024-03-01,2024,Q1,121883.0,0.951,196586.0,75129.0,81136.0,Austin,Office,Value-Add,Austin Office 39
PROP-039,Austin Office 39,Austin,Office,Value-Add,2024-04,2024-04-01,2024,Q2,127124.0,0.969,197152.0,75230.0,81136.0,Austin,Office,Value-Add,Austin Office 39
PROP-039,Austin Office 39,Austin,Office,Value-Add,2024-05,2024-05-01,2024,Q2,132463.0,0.99,199807.0,76930.0,81136.0,Austin,Office,Value-Add,Austin Office 39
PROP-039,Austin Office 39,Austin,Office,Value-Add,2024-06,2024-06-01,2024,Q2,132097.0,0.98,197278.0,74668.0,81136.0,Austin,Office,Value-Add,Austin Office 39
PROP-039,Austin Office 39,Austin,Office,Value-Add,2024-07,2024-07-01,2024,Q3,130777.0,0.971,197264.0,74333.0,81136.0,Austin,Office,Value-Add,Austin Office 39
PROP-039,Austin Office 39,Austin,Office,Value-Add,2024-08,2024-08-01,2024,Q3,130595.0,0.978,202536.0,78020.0,81136.0,Austin,Office,Value-Add,Austin Office 39
PROP-039,Austin Office 39,Austin,Office,Value-Add,2024-09,2024-09-01,2024,Q3,124327.0,0.945,200528.0,76151.0,81136.0,Austin,Office,Value-Add,Austin Office 39
PROP-039,Austin Office 39,Austin,Office,Value-Add,2024-10,2024-10-01,2024,Q4,119785.0,0.926,201252.0,76372.0,81136.0,Austin,Office,Value-Add,Austin Office 39
PROP-039,Austin Office 39,Austin,Office,Value-Add,2024-11,2024-11-01,2024,Q4,118500.0,0.927,205357.0,79180.0,81136.0,Austin,Office,Value-Add,Austin Office 39
PROP-039,Austin Office 39,Austin,Office,Value-Add,2024-12,2024-12-01,2024,Q4,115497.0,0.905,202484.0,76652.0,81136.0,Austin,Office,Value-Add,Austin Office 39
PROP-040,Houston Retail 40,Houston,Retail,Development,2022-01,2022-01-01,2022,Q1,333377.0,0.919,577731.0,220868.0,244401.0,Houston,Retail,Development,Houston Retail 40
PROP-040,Houston Retail 40,Houston,Retail,Development,2022-02,2022-02-01,2022,Q1,347758.0,0.939,584271.0,224772.0,244401.0,Houston,Retail,Development,Houston Retail 40
PROP-040,Houston Retail 40,Houston,Retail,Development,2022-03,2022-03-01,2022,Q1,362373.0,0.953,584473.0,223814.0,244401.0,Houston,Retail,Development,Houston Retail 40
PROP-040,Houston Retail 40,Houston,Retail,Development,2022-04,2022-04-01,2022,Q2,379237.0,0.974,588147.0,225521.0,244401.0,Houston,Retail,Development,Houston Retail 40
PROP-040,Houston Retail 40,Houston,Retail,Development,2022-05,2022-05-01,2022,Q2,392111.0,0.988,591459.0,226950.0,244401.0,Houston,Retail,Development,Houston Retail 40
PROP-040,Houston Retail 40,Houston,Retail,Development,2022-06,2022-06-01,2022,Q2,397229.0,0.99,593233.0,227199.0,244401.0,Houston,Retail,Development,Houston Retail 40
PROP-040,Houston Retail 40,Houston,Retail,Development,2022-07,2022-07-01,2022,Q3,394246.0,0.984,594680.0,227201.0,244401.0,Houston,Retail,Development,Houston Retail 40
PROP-040,Houston Retail 40,Houston,Retail,Development,2022-08,2022-08-01,2022,Q3,384339.0,0.968,596060.0,227154.0,244401.0,Houston,Retail,Development,Houston Retail 40
PROP-040,Houston Retail 40,Houston,Retail,Development,2022-09,2022-09-01,2022,Q3,373470.0,0.954,602371.0,230874.0,244401.0,Houston,Retail,Development,Houston Retail 40
PROP-040,Houston Retail 40,Houston,Retail,Development,2022-10,2022-10-01,2022,Q4,357449.0,0.928,600553.0,228385.0,244401.0,Houston,Retail,Development,Houston Retail 40
PROP-040,Houston Retail 40,Houston,Retail,Development,2022-11,2022-11-01,2022,Q4,348232.0,0.914,603475.0,229514.0,244401.0,Houston,Retail,Development,Houston Retail 40
PROP-040,Houston Retail 40,Houston,Retail,Development,2022-12,2022-12-01,2022,Q4,344136.0,0.904,603324.0,228312.0,244401.0,Houston,Retail,Development,Houston Retail 40
PROP-040,Houston Retail 40,Houston,Retail,Development,2023-01,2023-01-01,2023,Q1,355648.0,0.925,616327.0,237136.0,244401.0,Houston,Retail,Development,Houston Retail 40
PROP-040,Houston Retail 40,Houston,Retail,Development,2023-02,2023-02-01,2023,Q1,359777.0,0.916,604464.0,227024.0,244401.0,Houston,Retail,Development,Houston Retail 40
PROP-040,Houston Retail 40,Houston,Retail,Development,2023-03,2023-03-01,2023,Q1,384717.0,0.955,620511.0,238120.0,244401.0,Houston,Retail,Development,Houston Retail 40
PROP-040,Houston Retail 40,Houston,Retail,Development,2023-04,2023-04-01,2023,Q2,402860.0,0.977,624783.0,240287.0,244401.0,Houston,Retail,Development,Houston Retail 40
PROP-040,Houston Retail 40,Houston,Retail,Development,2023-05,2023-05-01,2023,Q2,407486.0,0.97,614651.0,231480.0,244401.0,Houston,Retail,Development,Houston Retail 40
PROP-040,Houston Retail 40,Houston,Retail,Development,2023-06,2023-06-01,2023,Q2,417662.0,0.985,623749.0,237285.0,244401.0,Houston,Retail,Development,Houston Retail 40
PROP-040,Houston Retail 40,Houston,Retail,Development,2023-07,2023-07-01,2023,Q3,410791.0,0.969,619636.0,233092.0,244401.0,Houston,Retail,Development,Houston Retail 40
PROP-040,Houston Retail 40,Houston,Retail,Development,2023-08,2023-08-01,2023,Q3,409766.0,0.975,635493.0,244055.0,244401.0,Houston,Retail,Development,Houston Retail 40
PROP-040,Houston Retail 40,Houston,Retail,Development,2023-09,2023-09-01,2023,Q3,390957.0,0.944,630576.0,239201.0,244401.0,Houston,Retail,Development,Houston Retail 40
PROP-040,Houston Retail 40,Houston,Retail,Development,2023-10,2023-10-01,2023,Q4,379726.0,0.932,637981.0,243744.0,244401.0,Houston,Retail,Development,Houston Retail 40
PROP-040,Houston Retail 40,Houston,Retail,Development,2023-11,2023-11-01,2023,Q4,370214.0,0.919,641568.0,245382.0,244401.0,Houston,Retail,Development,Houston Retail 40
PROP-040,Houston Retail 40,Houston,Retail,Development,2023-12,2023-12-01,2023,Q4,365100.0,0.908,640077.0,243148.0,244401.0,Houston,Retail,Development,Houston Retail 40
PROP-040,Houston Retail 40,Houston,Retail,Development,2024-01,2024-01-01,2024,Q1,375575.0,0.924,650859.0,250286.0,244401.0,Houston,Retail,Development,Houston Retail 40
PROP-040,Houston Retail 40,Houston,Retail,Development,2024-02,2024-02-01,2024,Q1,383891.0,0.926,644977.0,244690.0,244401.0,Houston,Retail,Development,Houston Retail 40
PROP-040,Houston Retail 40,Houston,Retail,Development,2024-03,2024-03-01,2024,Q1,396958.0,0.933,640255.0,240054.0,244401.0,Houston,Retail,Development,Houston Retail 40
PROP-040,Houston Retail 40,Houston,Retail,Development,2024-04,2024-04-01,2024,Q2,415625.0,0.954,644580.0,242236.0,244401.0,Houston,Retail,Development,Houston Retail 40
PROP-040,Houston Retail 40,Houston,Retail,Development,2024-05,2024-05-01,2024,Q2,432901.0,0.976,652987.0,247505.0,244401.0,Houston,Retail,Development,Houston Retail 40
PROP-040,Houston Retail 40,Houston,Retail,Development,2024-06,2024-06-01,2024,Q2,441119.0,0.986,658780.0,250816.0,244401.0,Houston,Retail,Development,Houston Retail 40
PROP-040,Houston Retail 40,Houston,Retail,Development,2024-07,2024-07-01,2024,Q3,438581.0,0.98,661555.0,251834.0,244401.0,Houston,Retail,Development,Houston Retail 40
PROP-040,Houston Retail 40,Houston,Retail,Development,2024-08,2024-08-01,2024,Q3,429888.0,0.97,666699.0,254659.0,244401.0,Houston,Retail,Development,Houston Retail 40
PROP-040,Houston Retail 40,Houston,Retail,Development,2024-09,2024-09-01,2024,Q3,410626.0,0.941,662299.0,250225.0,244401.0,Houston,Retail,Development,Houston Retail 40
PROP-040,Houston Retail 40,Houston,Retail,Development,2024-10,2024-10-01,2024,Q4,392478.0,0.914,659406.0,246979.0,244401.0,Houston,Retail,Development,Houston Retail 40
PROP-040,Houston Retail 40,Houston,Retail,Development,2024-11,2024-11-01,2024,Q4,384846.0,0.907,666926.0,251565.0,244401.0,Houston,Retail,Development,Houston Retail 40
PROP-040,Houston Retail 40,Houston,Retail,Development,2024-12,2024-12-01,2024,Q4,379137.0,0.895,664686.0,248815.0,244401.0,Houston,Retail,Development,Houston Retail 40
PROP-041,Denver Office 41,Denver,Office,Value-Add,2022-01,2022-01-01,2022,Q1,37846.0,0.901,65587.0,24712.0,35428.0,Denver,Office,Value-Add,Denver Office 41
PROP-041,Denver Office 41,Denver,Office,Value-Add,2022-02,2022-02-01,2022,Q1,39060.0,0.91,65626.0,24618.0,35428.0,Denver,Office,Value-Add,Denver Office 41
PROP-041,Denver Office 41,Denver,Office,Value-Add,2022-03,2022-03-01,2022,Q1,41326.0,0.939,66655.0,25271.0,35428.0,Denver,Office,Value-Add,Denver Office 41
PROP-041,Denver Office 41,Denver,Office,Value-Add,2022-04,2022-04-01,2022,Q2,43551.0,0.966,67542.0,25820.0,35428.0,Denver,Office,Value-Add,Denver Office 41
PROP-041,Denver Office 41,Denver,Office,Value-Add,2022-05,2022-05-01,2022,Q2,44784.0,0.975,67553.0,25702.0,35428.0,Denver,Office,Value-Add,Denver Office 41
PROP-041,Denver Office 41,Denver,Office,Value-Add,2022-06,2022-06-01,2022,Q2,44800.0,0.966,66906.0,25089.0,35428.0,Denver,Office,Value-Add,Denver Office 41
PROP-041,Denver Office 41,Denver,Office,Value-Add,2022-07,2022-07-01,2022,Q3,45702.0,0.985,68937.0,26506.0,35428.0,Denver,Office,Value-Add,Denver Office 41
PROP-041,Denver Office 41,Denver,Office,Value-Add,2022-08,2022-08-01,2022,Q3,44788.0,0.974,69460.0,26780.0,35428.0,Denver,Office,Value-Add,Denver Office 41
PROP-041,Denver Office 41,Denver,Office,Value-Add,2022-09,2022-09-01,2022,Q3,42615.0,0.94,68735.0,26097.0,35428.0,Denver,Office,Value-Add,Denver Office 41
PROP-041,Denver Office 41,Denver,Office,Value-Add,2022-10,2022-10-01,2022,Q4,40879.0,0.916,68681.0,25932.0,35428.0,Denver,Office,Value-Add,Denver Office 41
PROP-041,Denver Office 41,Denver,Office,Value-Add,2022-11,2022-11-01,2022,Q4,39693.0,0.9,68787.0,25888.0,35428.0,Denver,Office,Value-Add,Denver Office 41
PROP-041,Denver Office 41,Denver,Office,Value-Add,2022-12,2022-12-01,2022,Q4,39370.0,0.893,69021.0,25941.0,35428.0,Denver,Office,Value-Add,Denver Office 41
PROP-041,Denver Office 41,Denver,Office,Value-Add,2023-01,2023-01-01,2023,Q1,40631.0,0.912,70413.0,26871.0,35428.0,Denver,Office,Value-Add,Denver Office 41
PROP-041,Denver Office 41,Denver,Office,Value-Add,2023-02,2023-02-01,2023,Q1,42218.0,0.929,70930.0,27139.0,35428.0,Denver,Office,Value-Add,Denver Office 41
PROP-041,Denver Office 41,Denver,Office,Value-Add,2023-03,2023-03-01,2023,Q1,44492.0,0.954,71761.0,27649.0,35428.0,Denver,Office,Value-Add,Denver Office 41
PROP-041,Denver Office 41,Denver,Office,Value-Add,2023-04,2023-04-01,2023,Q2,45677.0,0.956,70840.0,26818.0,35428.0,Denver,Office,Value-Add,Denver Office 41
PROP-041,Denver Office 41,Denver,Office,Value-Add,2023-05,2023-05-01,2023,Q2,47916.0,0.985,72277.0,27788.0,35428.0,Denver,Office,Value-Add,Denver Office 41
PROP-041,Denver Office 41,Denver,Office,Value-Add,2023-06,2023-06-01,2023,Q2,47982.0,0.977,71658.0,27188.0,35428.0,Denver,Office,Value-Add,Denver Office 41
PROP-041,Denver Office 41,Denver,Office,Value-Add,2023-07,2023-07-01,2023,Q3,48397.0,0.986,73002.0,28088.0,35428.0,Denver,Office,Value-Add,Denver Office 41
PROP-041,Denver Office 41,Denver,Office,Value-Add,2023-08,2023-08-01,2023,Q3,46531.0,0.956,72164.0,27322.0,35428.0,Denver,Office,Value-Add,Denver Office 41
PROP-041,Denver Office 41,Denver,Office,Value-Add,2023-09,2023-09-01,2023,Q3,44544.0,0.929,71845.0,26957.0,35428.0,Denver,Office,Value-Add,Denver Office 41
PROP-041,Denver Office 41,Denver,Office,Value-Add,2023-10,2023-10-01,2023,Q4,44110.0,0.935,74109.0,28554.0,35428.0,Denver,Office,Value-Add,Denver Office 41
PROP-041,Denver Office 41,Denver,Office,Value-Add,2023-11,2023-11-01,2023,Q4,42844.0,0.919,74247.0,28531.0,35428.0,Denver,Office,Value-Add,Denver Office 41
PROP-041,Denver Office 41,Denver,Office,Value-Add,2023-12,2023-12-01,2023,Q4,41606.0,0.893,72941.0,27412.0,35428.0,Denver,Office,Value-Add,Denver Office 41
PROP-041,Denver Office 41,Denver,Office,Value-Add,2024-01,2024-01-01,2024,Q1,43212.0,0.918,74885.0,28764.0,35428.0,Denver,Office,Value-Add,Denver Office 41
PROP-041,Denver Office 41,Denver,Office,Value-Add,2024-02,2024-02-01,2024,Q1,43785.0,0.912,73563.0,27634.0,35428.0,Denver,Office,Value-Add,Denver Office 41
PROP-041,Denver Office 41,Denver,Office,Value-Add,2024-03,2024-03-01,2024,Q1,47027.0,0.955,75851.0,29250.0,35428.0,Denver,Office,Value-Add,Denver Office 41
PROP-041,Denver Office 41,Denver,Office,Value-Add,2024-04,2024-04-01,2024,Q2,48254.0,0.957,74835.0,28346.0,35428.0,Denver,Office,Value-Add,Denver Office 41
PROP-041,Denver Office 41,Denver,Office,Value-Add,2024-05,2024-05-01,2024,Q2,49432.0,0.963,74564.0,28018.0,35428.0,Denver,Office,Value-Add,Denver Office 41
PROP-041,Denver Office 41,Denver,Office,Value-Add,2024-06,2024-06-01,2024,Q2,51442.0,0.99,76825.0,29613.0,35428.0,Denver,Office,Value-Add,Denver Office 41
PROP-041,Denver Office 41,Denver,Office,Value-Add,2024-07,2024-07-01,2024,Q3,50936.0,0.983,76832.0,29489.0,35428.0,Denver,Office,Value-Add,Denver Office 41
PROP-041,Denver Office 41,Denver,Office,Value-Add,2024-08,2024-08-01,2024,Q3,49641.0,0.967,76986.0,29480.0,35428.0,Denver,Office,Value-Add,Denver Office 41
PROP-041,Denver Office 41,Denver,Office,Value-Add,2024-09,2024-09-01,2024,Q3,48255.0,0.955,77831.0,30000.0,35428.0,Denver,Office,Value-Add,Denver Office 41
PROP-041,Denver Office 41,Denver,Office,Value-Add,2024-10,2024-10-01,2024,Q4,45816.0,0.921,76975.0,29218.0,35428.0,Denver,Office,Value-Add,Denver Office 41
PROP-041,Denver Office 41,Denver,Office,Value-Add,2024-11,2024-11-01,2024,Q4,44952.0,0.914,77900.0,29797.0,35428.0,Denver,Office,Value-Add,Denver Office 41
PROP-041,Denver Office 41,Denver,Office,Value-Add,2024-12,2024-12-01,2024,Q4,44232.0,0.901,77545.0,29400.0,35428.0,Denver,Office,Value-Add,Denver Office 41
PROP-042,Austin Retail 42,Austin,Retail,Stabilized,2022-01,2022-01-01,2022,Q1,90913.0,0.855,157550.0,59652.0,87153.0,Austin,Retail,Stabilized,Austin Retail 42
PROP-042,Austin Retail 42,Austin,Retail,Stabilized,2022-02,2022-02-01,2022,Q1,93818.0,0.864,157624.0,59411.0,87153.0,Austin,Retail,Stabilized,Austin Retail 42
PROP-042,Austin Retail 42,Austin,Retail,Stabilized,2022-03,2022-03-01,2022,Q1,98899.0,0.888,159515.0,60544.0,87153.0,Austin,Retail,Stabilized,Austin Retail 42
PROP-042,Austin Retail 42,Austin,Retail,Stabilized,2022-04,2022-04-01,2022,Q2,102416.0,0.897,158834.0,59732.0,87153.0,Austin,Retail,Stabilized,Austin Retail 42
PROP-042,Austin Retail 42,Austin,Retail,Stabilized,2022-05,2022-05-01,2022,Q2,105925.0,0.911,159778.0,60148.0,87153.0,Austin,Retail,Stabilized,Austin Retail 42
PROP-042,Austin Retail 42,Austin,Retail,Stabilized,2022-06,2022-06-01,2022,Q2,109747.0,0.935,163900.0,62983.0,87153.0,Austin,Retail,Stabilized,Austin Retail 42
PROP-042,Austin Retail 42,Austin,Retail,Stabilized,2022-07,2022-07-01,2022,Q3,108833.0,0.927,164163.0,62879.0,87153.0,Austin,Retail,Stabilized,Austin Retail 42
PROP-042,Austin Retail 42,Austin,Retail,Stabilized,2022-08,2022-08-01,2022,Q3,104045.0,0.894,161360.0,60456.0,87153.0,Austin,Retail,Stabilized,Austin Retail 42
PROP-042,Austin Retail 42,Austin,Retail,Stabilized,2022-09,2022-09-01,2022,Q3,102447.0,0.893,165238.0,63092.0,87153.0,Austin,Retail,Stabilized,Austin Retail 42
PROP-042,Austin Retail 42,Austin,Retail,Stabilized,2022-10,2022-10-01,2022,Q4,98689.0,0.874,165808.0,63224.0,87153.0,Austin,Retail,Stabilized,Austin Retail 42
PROP-042,Austin Retail 42,Austin,Retail,Stabilized,2022-11,2022-11-01,2022,Q4,97060.0,0.869,168201.0,64753.0,87153.0,Austin,Retail,Stabilized,Austin Retail 42
PROP-042,Austin Retail 42,Austin,Retail,Stabilized,2022-12,2022-12-01,2022,Q4,96264.0,0.863,168766.0,64880.0,87153.0,Austin,Retail,Stabilized,Austin Retail 42
PROP-042,Austin Retail 42,Austin,Retail,Stabilized,2023-01,2023-01-01,2023,Q1,95966.0,0.852,166306.0,62705.0,87153.0,Austin,Retail,Stabilized,Austin Retail 42
PROP-042,Austin Retail 42,Austin,Retail,Stabilized,2023-02,2023-02-01,2023,Q1,98931.0,0.86,166214.0,62341.0,87153.0,Austin,Retail,Stabilized,Austin Retail 42
PROP-042,Austin Retail 42,Austin,Retail,Stabilized,2023-03,2023-03-01,2023,Q1,105194.0,0.892,169668.0,64656.0,87153.0,Austin,Retail,Stabilized,Austin Retail 42
PROP-042,Austin Retail 42,Austin,Retail,Stabilized,2023-04,2023-04-01,2023,Q2,109428.0,0.905,169709.0,64386.0,87153.0,Austin,Retail,Stabilized,Austin Retail 42
PROP-042,Austin Retail 42,Austin,Retail,Stabilized,2023-05,2023-05-01,2023,Q2,113799.0,0.925,171654.0,65565.0,87153.0,Austin,Retail,Stabilized,Austin Retail 42
PROP-042,Austin Retail 42,Austin,Retail,Stabilized,2023-06,2023-06-01,2023,Q2,116161.0,0.935,173479.0,66658.0,87153.0,Austin,Retail,Stabilized,Austin Retail 42
PROP-042,Austin Retail 42,Austin,Retail,Stabilized,2023-07,2023-07-01,2023,Q3,113388.0,0.913,171034.0,64495.0,87153.0,Austin,Retail,Stabilized,Austin Retail 42
PROP-042,Austin Retail 42,Austin,Retail,Stabilized,2023-08,2023-08-01,2023,Q3,110117.0,0.894,170777.0,64008.0,87153.0,Austin,Retail,Stabilized,Austin Retail 42
PROP-042,Austin Retail 42,Austin,Retail,Stabilized,2023-09,2023-09-01,2023,Q3,107642.0,0.887,173616.0,65853.0,87153.0,Austin,Retail,Stabilized,Austin Retail 42
PROP-042,Austin Retail 42,Austin,Retail,Stabilized,2023-10,2023-10-01,2023,Q4,104121.0,0.872,174934.0,66554.0,87153.0,Austin,Retail,Stabilized,Austin Retail 42
PROP-042,Austin Retail 42,Austin,Retail,Stabilized,2023-11,2023-11-01,2023,Q4,102054.0,0.865,176855.0,67718.0,87153.0,Austin,Retail,Stabilized,Austin Retail 42
PROP-042,Austin Retail 42,Austin,Retail,Stabilized,2023-12,2023-12-01,2023,Q4,101398.0,0.861,177767.0,68111.0,87153.0,Austin,Retail,Stabilized,Austin Retail 42
PROP-042,Austin Retail 42,Austin,Retail,Stabilized,2024-01,2024-01-01,2024,Q1,101090.0,0.849,175185.0,65852.0,87153.0,Austin,Retail,Stabilized,Austin Retail 42
PROP-042,Austin Retail 42,Austin,Retail,Stabilized,2024-02,2024-02-01,2024,Q1,107446.0,0.884,180521.0,69614.0,87153.0,Austin,Retail,Stabilized,Austin Retail 42
PROP-042,Austin Retail 42,Austin,Retail,Stabilized,2024-03,2024-03-01,2024,Q1,109897.0,0.882,177253.0,66819.0,87153.0,Austin,Retail,Stabilized,Austin Retail 42
PROP-042,Austin Retail 42,Austin,Retail,Stabilized,2024-04,2024-04-01,2024,Q2,117167.0,0.918,181711.0,69913.0,87153.0,Austin,Retail,Stabilized,Austin Retail 42
PROP-042,Austin Retail 42,Austin,Retail,Stabilized,2024-05,2024-05-01,2024,Q2,119777.0,0.922,180671.0,68812.0,87153.0,Austin,Retail,Stabilized,Austin Retail 42
PROP-042,Austin Retail 42,Austin,Retail,Stabilized,2024-06,2024-06-01,2024,Q2,121513.0,0.927,181471.0,69119.0,87153.0,Austin,Retail,Stabilized,Austin Retail 42
PROP-042,Austin Retail 42,Austin,Retail,Stabilized,2024-07,2024-07-01,2024,Q3,121538.0,0.927,183328.0,70234.0,87153.0,Austin,Retail,Stabilized,Austin Retail 42
PROP-042,Austin Retail 42,Austin,Retail,Stabilized,2024-08,2024-08-01,2024,Q3,118886.0,0.915,184376.0,70732.0,87153.0,Austin,Retail,Stabilized,Austin Retail 42
PROP-042,Austin Retail 42,Austin,Retail,Stabilized,2024-09,2024-09-01,2024,Q3,112824.0,0.882,181974.0,68604.0,87153.0,Austin,Retail,Stabilized,Austin Retail 42
PROP-042,Austin Retail 42,Austin,Retail,Stabilized,2024-10,2024-10-01,2024,Q4,110881.0,0.881,186292.0,71590.0,87153.0,Austin,Retail,Stabilized,Austin Retail 42
PROP-042,Austin Retail 42,Austin,Retail,Stabilized,2024-11,2024-11-01,2024,Q4,108311.0,0.871,187699.0,72365.0,87153.0,Austin,Retail,Stabilized,Austin Retail 42
PROP-042,Austin Retail 42,Austin,Retail,Stabilized,2024-12,2024-12-01,2024,Q4,106044.0,0.854,185912.0,70692.0,87153.0,Austin,Retail,Stabilized,Austin Retail 42
PROP-043,Houston Industrial 43,Houston,Industrial,Value-Add,2022-01,2022-01-01,2022,Q1,119260.0,0.929,206674.0,78332.0,113295.0,Houston,Industrial,Value-Add,Houston Industrial 43
PROP-043,Houston Industrial 43,Houston,Industrial,Value-Add,2022-02,2022-02-01,2022,Q1,123113.0,0.939,206843.0,78070.0,113295.0,Houston,Industrial,Value-Add,Houston Industrial 43
PROP-043,Houston Industrial 43,Houston,Industrial,Value-Add,2022-03,2022-03-01,2022,Q1,129976.0,0.967,209640.0,79799.0,113295.0,Houston,Industrial,Value-Add,Houston Industrial 43
PROP-043,Houston Industrial 43,Houston,Industrial,Value-Add,2022-04,2022-04-01,2022,Q2,135987.0,0.987,210898.0,80362.0,113295.0,Houston,Industrial,Value-Add,Houston Industrial 43
PROP-043,Houston Industrial 43,Houston,Industrial,Value-Add,2022-05,2022-05-01,2022,Q2,141108.0,0.99,212847.0,81453.0,113295.0,Houston,Industrial,Value-Add,Houston Industrial 43
PROP-043,Houston Industrial 43,Houston,Industrial,Value-Add,2022-06,2022-06-01,2022,Q2,140831.0,0.99,210322.0,79143.0,113295.0,Houston,Industrial,Value-Add,Houston Industrial 43
PROP-043,Houston Industrial 43,Houston,Industrial,Value-Add,2022-07,2022-07-01,2022,Q3,142252.0,0.99,214572.0,81975.0,113295.0,Houston,Industrial,Value-Add,Houston Industrial 43
PROP-043,Houston Industrial 43,Houston,Industrial,Value-Add,2022-08,2022-08-01,2022,Q3,138518.0,0.986,214823.0,81770.0,113295.0,Houston,Industrial,Value-Add,Houston Industrial 43
PROP-043,Houston Industrial 43,Houston,Industrial,Value-Add,2022-09,2022-09-01,2022,Q3,131794.0,0.952,212570.0,79679.0,113295.0,Houston,Industrial,Value-Add,Houston Industrial 43
PROP-043,Houston Industrial 43,Houston,Industrial,Value-Add,2022-10,2022-10-01,2022,Q4,128281.0,0.941,215525.0,81517.0,113295.0,Houston,Industrial,Value-Add,Houston Industrial 43
PROP-043,Houston Industrial 43,Houston,Industrial,Value-Add,2022-11,2022-11-01,2022,Q4,126089.0,0.936,218507.0,83390.0,113295.0,Houston,Industrial,Value-Add,Houston Industrial 43
PROP-043,Houston Industrial 43,Houston,Industrial,Value-Add,2022-12,2022-12-01,2022,Q4,124249.0,0.923,217828.0,82480.0,113295.0,Houston,Industrial,Value-Add,Houston Industrial 43
PROP-043,Houston Industrial 43,Houston,Industrial,Value-Add,2023-01,2023-01-01,2023,Q1,126838.0,0.932,219805.0,83587.0,113295.0,Houston,Industrial,Value-Add,Houston Industrial 43
PROP-043,Houston Industrial 43,Houston,Industrial,Value-Add,2023-02,2023-02-01,2023,Q1,132122.0,0.951,221980.0,84849.0,113295.0,Houston,Industrial,Value-Add,Houston Industrial 43
PROP-043,Houston Industrial 43,Houston,Industrial,Value-Add,2023-03,2023-03-01,2023,Q1,137086.0,0.962,221106.0,83789.0,113295.0,Houston,Industrial,Value-Add,Houston Industrial 43
PROP-043,Houston Industrial 43,Houston,Industrial,Value-Add,2023-04,2023-04-01,2023,Q2,142768.0,0.978,221415.0,83633.0,113295.0,Houston,Industrial,Value-Add,Houston Industrial 43
PROP-043,Houston Industrial 43,Houston,Industrial,Value-Add,2023-05,2023-05-01,2023,Q2,146954.0,0.989,221666.0,83434.0,113295.0,Houston,Industrial,Value-Add,Houston Industrial 43
PROP-043,Houston Industrial 43,Houston,Industrial,Value-Add,2023-06,2023-06-01,2023,Q2,150714.0,0.99,225080.0,85628.0,113295.0,Houston,Industrial,Value-Add,Houston Industrial 43
PROP-043,Houston Industrial 43,Houston,Industrial,Value-Add,2023-07,2023-07-01,2023,Q3,148572.0,0.99,224105.0,84498.0,113295.0,Houston,Industrial,Value-Add,Houston Industrial 43
PROP-043,Houston Industrial 43,Houston,Industrial,Value-Add,2023-08,2023-08-01,2023,Q3,145097.0,0.976,225027.0,84806.0,113295.0,Houston,Industrial,Value-Add,Houston Industrial 43
PROP-043,Houston Industrial 43,Houston,Industrial,Value-Add,2023-09,2023-09-01,2023,Q3,142834.0,0.975,230377.0,88482.0,113295.0,Houston,Industrial,Value-Add,Houston Industrial 43
PROP-043,Houston Industrial 43,Houston,Industrial,Value-Add,2023-10,2023-10-01,2023,Q4,134828.0,0.936,226526.0,85161.0,113295.0,Houston,Industrial,Value-Add,Houston Industrial 43
PROP-043,Houston Industrial 43,Houston,Industrial,Value-Add,2023-11,2023-11-01,2023,Q4,132576.0,0.931,229749.0,87208.0,113295.0,Houston,Industrial,Value-Add,Houston Industrial 43
PROP-043,Houston Industrial 43,Houston,Industrial,Value-Add,2023-12,2023-12-01,2023,Q4,130037.0,0.914,227974.0,85480.0,113295.0,Houston,Industrial,Value-Add,Houston Industrial 43
PROP-043,Houston Industrial 43,Houston,Industrial,Value-Add,2024-01,2024-01-01,2024,Q1,133568.0,0.929,231469.0,87728.0,113295.0,Houston,Industrial,Value-Add,Houston Industrial 43
PROP-043,Houston Industrial 43,Houston,Industrial,Value-Add,2024-02,2024-02-01,2024,Q1,138401.0,0.943,232529.0,88140.0,113295.0,Houston,Industrial,Value-Add,Houston Industrial 43
PROP-043,Houston Industrial 43,Houston,Industrial,Value-Add,2024-03,2024-03-01,2024,Q1,145303.0,0.966,234359.0,89137.0,113295.0,Houston,Industrial,Value-Add,Houston Industrial 43
PROP-043,Houston Industrial 43,Houston,Industrial,Value-Add,2024-04,2024-04-01,2024,Q2,151140.0,0.981,234398.0,88773.0,113295.0,Houston,Industrial,Value-Add,Houston Industrial 43
PROP-043,Houston Industrial 43,Houston,Industrial,Value-Add,2024-05,2024-05-01,2024,Q2,155453.0,0.99,234485.0,88449.0,113295.0,Houston,Industrial,Value-Add,Houston Industrial 43
PROP-043,Houston Industrial 43,Houston,Industrial,Value-Add,2024-06,2024-06-01,2024,Q2,158058.0,0.99,236049.0,89242.0,113295.0,Houston,Industrial,Value-Add,Houston Industrial 43
PROP-043,Houston Industrial 43,Houston,Industrial,Value-Add,2024-07,2024-07-01,2024,Q3,155983.0,0.986,235284.0,88279.0,113295.0,Houston,Industrial,Value-Add,Houston Industrial 43
PROP-043,Houston Industrial 43,Houston,Industrial,Value-Add,2024-08,2024-08-01,2024,Q3,154087.0,0.983,238969.0,90671.0,113295.0,Houston,Industrial,Value-Add,Houston Industrial 43
PROP-043,Houston Industrial 43,Houston,Industrial,Value-Add,2024-09,2024-09-01,2024,Q3,148450.0,0.961,239435.0,90633.0,113295.0,Houston,Industrial,Value-Add,Houston Industrial 43
PROP-043,Houston Industrial 43,Houston,Industrial,Value-Add,2024-10,2024-10-01,2024,Q4,143836.0,0.947,241659.0,91929.0,113295.0,Houston,Industrial,Value-Add,Houston Industrial 43
PROP-043,Houston Industrial 43,Houston,Industrial,Value-Add,2024-11,2024-11-01,2024,Q4,141280.0,0.941,244833.0,93956.0,113295.0,Houston,Industrial,Value-Add,Houston Industrial 43
PROP-043,Houston Industrial 43,Houston,Industrial,Value-Add,2024-12,2024-12-01,2024,Q4,137009.0,0.914,240198.0,90047.0,113295.0,Houston,Industrial,Value-Add,Houston Industrial 43
PROP-044,Denver Industrial 44,Denver,Industrial,Stabilized,2022-01,2022-01-01,2022,Q1,361976.0,0.932,627292.0,237493.0,315944.0,Denver,Industrial,Stabilized,Denver Industrial 44
PROP-044,Denver Industrial 44,Denver,Industrial,Stabilized,2022-02,2022-02-01,2022,Q1,377805.0,0.953,634753.0,241966.0,315944.0,Denver,Industrial,Stabilized,Denver Industrial 44
PROP-044,Denver Industrial 44,Denver,Industrial,Stabilized,2022-03,2022-03-01,2022,Q1,388817.0,0.956,627124.0,235015.0,315944.0,Denver,Industrial,Stabilized,Denver Industrial 44
PROP-044,Denver Industrial 44,Denver,Industrial,Stabilized,2022-04,2022-04-01,2022,Q2,406782.0,0.976,630866.0,236657.0,315944.0,Denver,Industrial,Stabilized,Denver Industrial 44
PROP-044,Denver Industrial 44,Denver,Industrial,Stabilized,2022-05,2022-05-01,2022,Q2,429644.0,0.99,648074.0,248519.0,315944.0,Denver,Industrial,Stabilized,Denver Industrial 44
PROP-044,Denver Industrial 44,Denver,Industrial,Stabilized,2022-06,2022-06-01,2022,Q2,433263.0,0.99,647048.0,246524.0,315944.0,Denver,Industrial,Stabilized,Denver Industrial 44
PROP-044,Denver Industrial 44,Denver,Industrial,Stabilized,2022-07,2022-07-01,2022,Q3,432138.0,0.99,651836.0,248972.0,315944.0,Denver,Industrial,Stabilized,Denver Industrial 44
PROP-044,Denver Industrial 44,Denver,Industrial,Stabilized,2022-08,2022-08-01,2022,Q3,416616.0,0.98,646116.0,243440.0,315944.0,Denver,Industrial,Stabilized,Denver Industrial 44
PROP-044,Denver Industrial 44,Denver,Industrial,Stabilized,2022-09,2022-09-01,2022,Q3,402428.0,0.961,649078.0,244496.0,315944.0,Denver,Industrial,Stabilized,Denver Industrial 44
PROP-044,Denver Industrial 44,Denver,Industrial,Stabilized,2022-10,2022-10-01,2022,Q4,396390.0,0.961,665979.0,256162.0,315944.0,Denver,Industrial,Stabilized,Denver Industrial 44
PROP-044,Denver Industrial 44,Denver,Industrial,Stabilized,2022-11,2022-11-01,2022,Q4,379228.0,0.93,657189.0,248257.0,315944.0,Denver,Industrial,Stabilized,Denver Industrial 44
PROP-044,Denver Industrial 44,Denver,Industrial,Stabilized,2022-12,2022-12-01,2022,Q4,383532.0,0.942,672391.0,258644.0,315944.0,Denver,Industrial,Stabilized,Denver Industrial 44
PROP-044,Denver Industrial 44,Denver,Industrial,Stabilized,2023-01,2023-01-01,2023,Q1,381784.0,0.927,661619.0,249242.0,315944.0,Denver,Industrial,Stabilized,Denver Industrial 44
PROP-044,Denver Industrial 44,Denver,Industrial,Stabilized,2023-02,2023-02-01,2023,Q1,395392.0,0.941,664301.0,250087.0,315944.0,Denver,Industrial,Stabilized,Denver Industrial 44
PROP-044,Denver Industrial 44,Denver,Industrial,Stabilized,2023-03,2023-03-01,2023,Q1,420710.0,0.976,678565.0,259723.0,315944.0,Denver,Industrial,Stabilized,Denver Industrial 44
PROP-044,Denver Industrial 44,Denver,Industrial,Stabilized,2023-04,2023-04-01,2023,Q2,439654.0,0.99,681846.0,261020.0,315944.0,Denver,Industrial,Stabilized,Denver Industrial 44
PROP-044,Denver Industrial 44,Denver,Industrial,Stabilized,2023-05,2023-05-01,2023,Q2,454236.0,0.99,685169.0,262351.0,315944.0,Denver,Industrial,Stabilized,Denver Industrial 44
PROP-044,Denver Industrial 44,Denver,Industrial,Stabilized,2023-06,2023-06-01,2023,Q2,463110.0,0.99,691622.0,266084.0,315944.0,Denver,Industrial,Stabilized,Denver Industrial 44
PROP-044,Denver Industrial 44,Denver,Industrial,Stabilized,2023-07,2023-07-01,2023,Q3,457641.0,0.99,690305.0,263855.0,315944.0,Denver,Industrial,Stabilized,Denver Industrial 44
PROP-044,Denver Industrial 44,Denver,Industrial,Stabilized,2023-08,2023-08-01,2023,Q3,447259.0,0.99,693640.0,265194.0,315944.0,Denver,Industrial,Stabilized,Denver Industrial 44
PROP-044,Denver Industrial 44,Denver,Industrial,Stabilized,2023-09,2023-09-01,2023,Q3,428064.0,0.966,690425.0,261548.0,315944.0,Denver,Industrial,Stabilized,Denver Industrial 44
PROP-044,Denver Industrial 44,Denver,Industrial,Stabilized,2023-10,2023-10-01,2023,Q4,410855.0,0.942,690281.0,260256.0,315944.0,Denver,Industrial,Stabilized,Denver Industrial 44
PROP-044,Denver Industrial 44,Denver,Industrial,Stabilized,2023-11,2023-11-01,2023,Q4,401121.0,0.93,695129.0,262735.0,315944.0,Denver,Industrial,Stabilized,Denver Industrial 44
PROP-044,Denver Industrial 44,Denver,Industrial,Stabilized,2023-12,2023-12-01,2023,Q4,397825.0,0.924,697448.0,263305.0,315944.0,Denver,Industrial,Stabilized,Denver Industrial 44
PROP-044,Denver Industrial 44,Denver,Industrial,Stabilized,2024-01,2024-01-01,2024,Q1,406500.0,0.934,704451.0,267420.0,315944.0,Denver,Industrial,Stabilized,Denver Industrial 44
PROP-044,Denver Industrial 44,Denver,Industrial,Stabilized,2024-02,2024-02-01,2024,Q1,423469.0,0.954,711474.0,271566.0,315944.0,Denver,Industrial,Stabilized,Denver Industrial 44
PROP-044,Denver Industrial 44,Denver,Industrial,Stabilized,2024-03,2024-03-01,2024,Q1,438571.0,0.963,707373.0,267257.0,315944.0,Denver,Industrial,Stabilized,Denver Industrial 44
PROP-044,Denver Industrial 44,Denver,Industrial,Stabilized,2024-04,2024-04-01,2024,Q2,458840.0,0.984,711601.0,269270.0,315944.0,Denver,Industrial,Stabilized,Denver Industrial 44
PROP-044,Denver Industrial 44,Denver,Industrial,Stabilized,2024-05,2024-05-01,2024,Q2,481306.0,0.99,726001.0,279049.0,315944.0,Denver,Industrial,Stabilized,Denver Industrial 44
PROP-044,Denver Industrial 44,Denver,Industrial,Stabilized,2024-06,2024-06-01,2024,Q2,482226.0,0.99,720170.0,273385.0,315944.0,Denver,Industrial,Stabilized,Denver Industrial 44
PROP-044,Denver Industrial 44,Denver,Industrial,Stabilized,2024-07,2024-07-01,2024,Q3,484376.0,0.99,730631.0,280162.0,315944.0,Denver,Industrial,Stabilized,Denver Industrial 44
PROP-044,Denver Industrial 44,Denver,Industrial,Stabilized,2024-08,2024-08-01,2024,Q3,472028.0,0.99,732054.0,280037.0,315944.0,Denver,Industrial,Stabilized,Denver Industrial 44
PROP-044,Denver Industrial 44,Denver,Industrial,Stabilized,2024-09,2024-09-01,2024,Q3,456371.0,0.977,736082.0,281907.0,315944.0,Denver,Industrial,Stabilized,Denver Industrial 44
PROP-044,Denver Industrial 44,Denver,Industrial,Stabilized,2024-10,2024-10-01,2024,Q4,434224.0,0.944,729542.0,275731.0,315944.0,Denver,Industrial,Stabilized,Denver Industrial 44
PROP-044,Denver Industrial 44,Denver,Industrial,Stabilized,2024-11,2024-11-01,2024,Q4,421292.0,0.927,730085.0,274961.0,315944.0,Denver,Industrial,Stabilized,Denver Industrial 44
PROP-044,Denver Industrial 44,Denver,Industrial,Stabilized,2024-12,2024-12-01,2024,Q4,419610.0,0.925,735642.0,277975.0,315944.0,Denver,Industrial,Stabilized,Denver Industrial 44
PROP-045,Austin Industrial 45,Austin,Industrial,Development,2022-01,2022-01-01,2022,Q1,301394.0,0.882,522306.0,195771.0,315789.0,Austin,Industrial,Development,Austin Industrial 45
PROP-045,Austin Industrial 45,Austin,Industrial,Development,2022-02,2022-02-01,2022,Q1,320207.0,0.917,537983.0,206666.0,315789.0,Austin,Industrial,Development,Austin Industrial 45
PROP-045,Austin Industrial 45,Austin,Industrial,Development,2022-03,2022-03-01,2022,Q1,333987.0,0.933,538688.0,206183.0,315789.0,Austin,Industrial,Development,Austin Industrial 45
PROP-045,Austin Industrial 45,Austin,Industrial,Development,2022-04,2022-04-01,2022,Q2,341528.0,0.931,529665.0,198352.0,315789.0,Austin,Industrial,Development,Austin Industrial 45
PROP-045,Austin Industrial 45,Austin,Industrial,Development,2022-05,2022-05-01,2022,Q2,358643.0,0.96,540977.0,205900.0,315789.0,Austin,Industrial,Development,Austin Industrial 45
PROP-045,Austin Industrial 45,Austin,Industrial,Development,2022-06,2022-06-01,2022,Q2,364349.0,0.965,544129.0,207290.0,315789.0,Austin,Industrial,Development,Austin Industrial 45
PROP-045,Austin Industrial 45,Austin,Industrial,Development,2022-07,2022-07-01,2022,Q3,363967.0,0.964,549008.0,210000.0,315789.0,Austin,Industrial,Development,Austin Industrial 45
PROP-045,Austin Industrial 45,Austin,Industrial,Development,2022-08,2022-08-01,2022,Q3,351215.0,0.939,544688.0,205710.0,315789.0,Austin,Industrial,Development,Austin Industrial 45
PROP-045,Austin Industrial 45,Austin,Industrial,Development,2022-09,2022-09-01,2022,Q3,338324.0,0.918,545684.0,205470.0,315789.0,Austin,Industrial,Development,Austin Industrial 45
PROP-045,Austin Industrial 45,Austin,Industrial,Development,2022-10,2022-10-01,2022,Q4,326687.0,0.9,548869.0,206881.0,315789.0,Austin,Industrial,Development,Austin Industrial 45
PROP-045,Austin Industrial 45,Austin,Industrial,Development,2022-11,2022-11-01,2022,Q4,321508.0,0.896,557163.0,212165.0,315789.0,Austin,Industrial,Development,Austin Industrial 45
PROP-045,Austin Industrial 45,Austin,Industrial,Development,2022-12,2022-12-01,2022,Q4,316221.0,0.882,554385.0,209059.0,315789.0,Austin,Industrial,Development,Austin Industrial 45
PROP-045,Austin Industrial 45,Austin,Industrial,Development,2023-01,2023-01-01,2023,Q1,324384.0,0.895,562146.0,213940.0,315789.0,Austin,Industrial,Development,Austin Industrial 45
PROP-045,Austin Industrial 45,Austin,Industrial,Development,2023-02,2023-02-01,2023,Q1,340123.0,0.92,571444.0,220038.0,315789.0,Austin,Industrial,Development,Austin Industrial 45
PROP-045,Austin Industrial 45,Austin,Industrial,Development,2023-03,2023-03-01,2023,Q1,349573.0,0.921,563828.0,213211.0,315789.0,Austin,Industrial,Development,Austin Industrial 45
PROP-045,Austin Industrial 45,Austin,Industrial,Development,2023-04,2023-04-01,2023,Q2,369944.0,0.952,573734.0,219741.0,315789.0,Austin,Industrial,Development,Austin Industrial 45
PROP-045,Austin Industrial 45,Austin,Industrial,Development,2023-05,2023-05-01,2023,Q2,379004.0,0.958,571689.0,217168.0,315789.0,Austin,Industrial,Development,Austin Industrial 45
PROP-045,Austin Industrial 45,Austin,Industrial,Development,2023-06,2023-06-01,2023,Q2,387287.0,0.969,578385.0,221260.0,315789.0,Austin,Industrial,Development,Austin Industrial 45
PROP-045,Austin Industrial 45,Austin,Industrial,Development,2023-07,2023-07-01,2023,Q3,385394.0,0.965,581328.0,222492.0,315789.0,Austin,Industrial,Development,Austin Industrial 45
PROP-045,Austin Industrial 45,Austin,Industrial,Development,2023-08,2023-08-01,2023,Q3,373433.0,0.943,579146.0,219817.0,315789.0,Austin,Industrial,Development,Austin Industrial 45
PROP-045,Austin Industrial 45,Austin,Industrial,Development,2023-09,2023-09-01,2023,Q3,363656.0,0.932,586542.0,224442.0,315789.0,Austin,Industrial,Development,Austin Industrial 45
PROP-045,Austin Industrial 45,Austin,Industrial,Development,2023-10,2023-10-01,2023,Q4,346720.0,0.903,582527.0,220379.0,315789.0,Austin,Industrial,Development,Austin Industrial 45
PROP-045,Austin Industrial 45,Austin,Industrial,Development,2023-11,2023-11-01,2023,Q4,335506.0,0.884,581421.0,218554.0,315789.0,Austin,Industrial,Development,Austin Industrial 45
PROP-045,Austin Industrial 45,Austin,Industrial,Development,2023-12,2023-12-01,2023,Q4,337244.0,0.89,591242.0,224986.0,315789.0,Austin,Industrial,Development,Austin Industrial 45
PROP-045,Austin Industrial 45,Austin,Industrial,Development,2024-01,2024-01-01,2024,Q1,338981.0,0.885,587444.0,221113.0,315789.0,Austin,Industrial,Development,Austin Industrial 45
PROP-045,Austin Industrial 45,Austin,Industrial,Development,2024-02,2024-02-01,2024,Q1,358710.0,0.918,602671.0,231690.0,315789.0,Austin,Industrial,Development,Austin Industrial 45
PROP-045,Austin Industrial 45,Austin,Industrial,Development,2024-03,2024-03-01,2024,Q1,376440.0,0.94,607162.0,234115.0,315789.0,Austin,Industrial,Development,Austin Industrial 45
PROP-045,Austin Industrial 45,Austin,Industrial,Development,2024-04,2024-04-01,2024,Q2,392846.0,0.957,609252.0,234691.0,315789.0,Austin,Industrial,Development,Austin Industrial 45
PROP-045,Austin Industrial 45,Austin,Industrial,Development,2024-05,2024-05-01,2024,Q2,400484.0,0.959,604089.0,229719.0,315789.0,Austin,Industrial,Development,Austin Industrial 45
PROP-045,Austin Industrial 45,Austin,Industrial,Development,2024-06,2024-06-01,2024,Q2,410110.0,0.973,612470.0,235106.0,315789.0,Austin,Industrial,Development,Austin Industrial 45
PROP-045,Austin Industrial 45,Austin,Industrial,Development,2024-07,2024-07-01,2024,Q3,398551.0,0.946,601174.0,225529.0,315789.0,Austin,Industrial,Development,Austin Industrial 45
PROP-045,Austin Industrial 45,Austin,Industrial,Development,2024-08,2024-08-01,2024,Q3,398121.0,0.954,617433.0,236863.0,315789.0,Austin,Industrial,Development,Austin Industrial 45
PROP-045,Austin Industrial 45,Austin,Industrial,Development,2024-09,2024-09-01,2024,Q3,375674.0,0.913,605926.0,227133.0,315789.0,Austin,Industrial,Development,Austin Industrial 45
PROP-045,Austin Industrial 45,Austin,Industrial,Development,2024-10,2024-10-01,2024,Q4,361738.0,0.894,607758.0,227528.0,315789.0,Austin,Industrial,Development,Austin Industrial 45
PROP-045,Austin Industrial 45,Austin,Industrial,Development,2024-11,2024-11-01,2024,Q4,353615.0,0.884,612803.0,230333.0,315789.0,Austin,Industrial,Development,Austin Industrial 45
PROP-045,Austin Industrial 45,Austin,Industrial,Development,2024-12,2024-12-01,2024,Q4,356288.0,0.892,624628.0,238289.0,315789.0,Austin,Industrial,Development,Austin Industrial 45
PROP-046,Denver Office 46,Denver,Office,Value-Add,2022-01,2022-01-01,2022,Q1,368238.0,0.854,638144.0,239352.0,336596.0,Denver,Office,Value-Add,Denver Office 46
PROP-046,Denver Office 46,Denver,Office,Value-Add,2022-02,2022-02-01,2022,Q1,382686.0,0.869,642954.0,241765.0,336596.0,Denver,Office,Value-Add,Denver Office 46
PROP-046,Denver Office 46,Denver,Office,Value-Add,2022-03,2022-03-01,2022,Q1,401437.0,0.888,647479.0,243966.0,336596.0,Denver,Office,Value-Add,Denver Office 46
PROP-046,Denver Office 46,Denver,Office,Value-Add,2022-04,2022-04-01,2022,Q2,422573.0,0.913,655355.0,248706.0,336596.0,Denver,Office,Value-Add,Denver Office 46
PROP-046,Denver Office 46,Denver,Office,Value-Add,2022-05,2022-05-01,2022,Q2,431423.0,0.915,650758.0,244027.0,336596.0,Denver,Office,Value-Add,Denver Office 46
PROP-046,Denver Office 46,Denver,Office,Value-Add,2022-06,2022-06-01,2022,Q2,445568.0,0.936,665425.0,253906.0,336596.0,Denver,Office,Value-Add,Denver Office 46
PROP-046,Denver Office 46,Denver,Office,Value-Add,2022-07,2022-07-01,2022,Q3,447221.0,0.939,674588.0,259680.0,336596.0,Denver,Office,Value-Add,Denver Office 46
PROP-046,Denver Office 46,Denver,Office,Value-Add,2022-08,2022-08-01,2022,Q3,436812.0,0.925,677438.0,260614.0,336596.0,Denver,Office,Value-Add,Denver Office 46
PROP-046,Denver Office 46,Denver,Office,Value-Add,2022-09,2022-09-01,2022,Q3,418871.0,0.9,675598.0,257954.0,336596.0,Denver,Office,Value-Add,Denver Office 46
PROP-046,Denver Office 46,Denver,Office,Value-Add,2022-10,2022-10-01,2022,Q4,396285.0,0.865,665802.0,249329.0,336596.0,Denver,Office,Value-Add,Denver Office 46
PROP-046,Denver Office 46,Denver,Office,Value-Add,2022-11,2022-11-01,2022,Q4,392106.0,0.866,679506.0,258462.0,336596.0,Denver,Office,Value-Add,Denver Office 46
PROP-046,Denver Office 46,Denver,Office,Value-Add,2022-12,2022-12-01,2022,Q4,388025.0,0.858,680268.0,257814.0,336596.0,Denver,Office,Value-Add,Denver Office 46
PROP-046,Denver Office 46,Denver,Office,Value-Add,2023-01,2023-01-01,2023,Q1,389724.0,0.852,675379.0,252923.0,336596.0,Denver,Office,Value-Add,Denver Office 46
PROP-046,Denver Office 46,Denver,Office,Value-Add,2023-02,2023-02-01,2023,Q1,412555.0,0.884,693137.0,265148.0,336596.0,Denver,Office,Value-Add,Denver Office 46
PROP-046,Denver Office 46,Denver,Office,Value-Add,2023-03,2023-03-01,2023,Q1,429364.0,0.897,692522.0,263441.0,336596.0,Denver,Office,Value-Add,Denver Office 46
PROP-046,Denver Office 46,Denver,Office,Value-Add,2023-04,2023-04-01,2023,Q2,445277.0,0.908,690565.0,260735.0,336596.0,Denver,Office,Value-Add,Denver Office 46
PROP-046,Denver Office 46,Denver,Office,Value-Add,2023-05,2023-05-01,2023,Q2,462936.0,0.927,698292.0,265369.0,336596.0,Denver,Office,Value-Add,Denver Office 46
PROP-046,Denver Office 46,Denver,Office,Value-Add,2023-06,2023-06-01,2023,Q2,472498.0,0.937,705642.0,269736.0,336596.0,Denver,Office,Value-Add,Denver Office 46
PROP-046,Denver Office 46,Denver,Office,Value-Add,2023-07,2023-07-01,2023,Q3,466218.0,0.925,703243.0,266676.0,336596.0,Denver,Office,Value-Add,Denver Office 46
PROP-046,Denver Office 46,Denver,Office,Value-Add,2023-08,2023-08-01,2023,Q3,462504.0,0.926,717282.0,276163.0,336596.0,Denver,Office,Value-Add,Denver Office 46
PROP-046,Denver Office 46,Denver,Office,Value-Add,2023-09,2023-09-01,2023,Q3,436687.0,0.887,704333.0,265071.0,336596.0,Denver,Office,Value-Add,Denver Office 46
PROP-046,Denver Office 46,Denver,Office,Value-Add,2023-10,2023-10-01,2023,Q4,430549.0,0.889,723368.0,278327.0,336596.0,Denver,Office,Value-Add,Denver Office 46
PROP-046,Denver Office 46,Denver,Office,Value-Add,2023-11,2023-11-01,2023,Q4,414414.0,0.866,718166.0,273103.0,336596.0,Denver,Office,Value-Add,Denver Office 46
PROP-046,Denver Office 46,Denver,Office,Value-Add,2023-12,2023-12-01,2023,Q4,407991.0,0.853,715272.0,269691.0,336596.0,Denver,Office,Value-Add,Denver Office 46
PROP-046,Denver Office 46,Denver,Office,Value-Add,2024-01,2024-01-01,2024,Q1,419344.0,0.868,726709.0,277142.0,336596.0,Denver,Office,Value-Add,Denver Office 46
PROP-046,Denver Office 46,Denver,Office,Value-Add,2024-02,2024-02-01,2024,Q1,429697.0,0.872,721937.0,272298.0,336596.0,Denver,Office,Value-Add,Denver Office 46
PROP-046,Denver Office 46,Denver,Office,Value-Add,2024-03,2024-03-01,2024,Q1,450977.0,0.892,727381.0,275198.0,336596.0,Denver,Office,Value-Add,Denver Office 46
PROP-046,Denver Office 46,Denver,Office,Value-Add,2024-04,2024-04-01,2024,Q2,477344.0,0.922,740297.0,283802.0,336596.0,Denver,Office,Value-Add,Denver Office 46
PROP-046,Denver Office 46,Denver,Office,Value-Add,2024-05,2024-05-01,2024,Q2,482451.0,0.915,727729.0,273045.0,336596.0,Denver,Office,Value-Add,Denver Office 46
PROP-046,Denver Office 46,Denver,Office,Value-Add,2024-06,2024-06-01,2024,Q2,502515.0,0.945,750470.0,289108.0,336596.0,Denver,Office,Value-Add,Denver Office 46
PROP-046,Denver Office 46,Denver,Office,Value-Add,2024-07,2024-07-01,2024,Q3,492302.0,0.926,742588.0,281836.0,336596.0,Denver,Office,Value-Add,Denver Office 46
PROP-046,Denver Office 46,Denver,Office,Value-Add,2024-08,2024-08-01,2024,Q3,477785.0,0.907,740982.0,279404.0,336596.0,Denver,Office,Value-Add,Denver Office 46
PROP-046,Denver Office 46,Denver,Office,Value-Add,2024-09,2024-09-01,2024,Q3,467731.0,0.901,754405.0,288370.0,336596.0,Denver,Office,Value-Add,Denver Office 46
PROP-046,Denver Office 46,Denver,Office,Value-Add,2024-10,2024-10-01,2024,Q4,445615.0,0.873,748680.0,282791.0,336596.0,Denver,Office,Value-Add,Denver Office 46
PROP-046,Denver Office 46,Denver,Office,Value-Add,2024-11,2024-11-01,2024,Q4,440792.0,0.873,763877.0,293130.0,336596.0,Denver,Office,Value-Add,Denver Office 46
PROP-046,Denver Office 46,Denver,Office,Value-Add,2024-12,2024-12-01,2024,Q4,427861.0,0.849,750108.0,281455.0,336596.0,Denver,Office,Value-Add,Denver Office 46
PROP-047,Austin Office 47,Austin,Office,Value-Add,2022-01,2022-01-01,2022,Q1,388034.0,0.89,672450.0,259300.0,266980.0,Austin,Office,Value-Add,Austin Office 47
PROP-047,Austin Office 47,Austin,Office,Value-Add,2022-02,2022-02-01,2022,Q1,398179.0,0.895,668983.0,255357.0,266980.0,Austin,Office,Value-Add,Austin Office 47
PROP-047,Austin Office 47,Austin,Office,Value-Add,2022-03,2022-03-01,2022,Q1,409137.0,0.896,659898.0,247238.0,266980.0,Austin,Office,Value-Add,Austin Office 47
PROP-047,Austin Office 47,Austin,Office,Value-Add,2022-04,2022-04-01,2022,Q2,432470.0,0.925,670704.0,254143.0,266980.0,Austin,Office,Value-Add,Austin Office 47
PROP-047,Austin Office 47,Austin,Office,Value-Add,2022-05,2022-05-01,2022,Q2,446459.0,0.937,673438.0,254963.0,266980.0,Austin,Office,Value-Add,Austin Office 47
PROP-047,Austin Office 47,Austin,Office,Value-Add,2022-06,2022-06-01,2022,Q2,454493.0,0.945,678753.0,257740.0,266980.0,Austin,Office,Value-Add,Austin Office 47
PROP-047,Austin Office 47,Austin,Office,Value-Add,2022-07,2022-07-01,2022,Q3,454360.0,0.944,685355.0,261503.0,266980.0,Austin,Office,Value-Add,Austin Office 47
PROP-047,Austin Office 47,Austin,Office,Value-Add,2022-08,2022-08-01,2022,Q3,444939.0,0.933,690042.0,263812.0,266980.0,Austin,Office,Value-Add,Austin Office 47
PROP-047,Austin Office 47,Austin,Office,Value-Add,2022-09,2022-09-01,2022,Q3,421943.0,0.898,680554.0,255373.0,266980.0,Austin,Office,Value-Add,Austin Office 47
PROP-047,Austin Office 47,Austin,Office,Value-Add,2022-10,2022-10-01,2022,Q4,416443.0,0.9,699670.0,268629.0,266980.0,Austin,Office,Value-Add,Austin Office 47
PROP-047,Austin Office 47,Austin,Office,Value-Add,2022-11,2022-11-01,2022,Q4,403259.0,0.881,698834.0,266711.0,266980.0,Austin,Office,Value-Add,Austin Office 47
PROP-047,Austin Office 47,Austin,Office,Value-Add,2022-12,2022-12-01,2022,Q4,396761.0,0.868,695583.0,262984.0,266980.0,Austin,Office,Value-Add,Austin Office 47
PROP-047,Austin Office 47,Austin,Office,Value-Add,2023-01,2023-01-01,2023,Q1,411141.0,0.89,712494.0,274625.0,266980.0,Austin,Office,Value-Add,Austin Office 47
PROP-047,Austin Office 47,Austin,Office,Value-Add,2023-02,2023-02-01,2023,Q1,426033.0,0.903,715781.0,275863.0,266980.0,Austin,Office,Value-Add,Austin Office 47
PROP-047,Austin Office 47,Austin,Office,Value-Add,2023-03,2023-03-01,2023,Q1,444825.0,0.92,717460.0,275864.0,266980.0,Austin,Office,Value-Add,Austin Office 47
PROP-047,Austin Office 47,Austin,Office,Value-Add,2023-04,2023-04-01,2023,Q2,465116.0,0.939,721333.0,277553.0,266980.0,Austin,Office,Value-Add,Austin Office 47
PROP-047,Austin Office 47,Austin,Office,Value-Add,2023-05,2023-05-01,2023,Q2,470623.0,0.933,709887.0,267570.0,266980.0,Austin,Office,Value-Add,Austin Office 47
PROP-047,Austin Office 47,Austin,Office,Value-Add,2023-06,2023-06-01,2023,Q2,487240.0,0.957,727658.0,279839.0,266980.0,Austin,Office,Value-Add,Austin Office 47
PROP-047,Austin Office 47,Austin,Office,Value-Add,2023-07,2023-07-01,2023,Q3,481625.0,0.946,726483.0,277656.0,266980.0,Austin,Office,Value-Add,Austin Office 47
PROP-047,Austin Office 47,Austin,Office,Value-Add,2023-08,2023-08-01,2023,Q3,468823.0,0.929,727083.0,276845.0,266980.0,Austin,Office,Value-Add,Austin Office 47
PROP-047,Austin Office 47,Austin,Office,Value-Add,2023-09,2023-09-01,2023,Q3,448841.0,0.903,723937.0,273207.0,266980.0,Austin,Office,Value-Add,Austin Office 47
PROP-047,Austin Office 47,Austin,Office,Value-Add,2023-10,2023-10-01,2023,Q4,441385.0,0.902,741574.0,285384.0,266980.0,Austin,Office,Value-Add,Austin Office 47
PROP-047,Austin Office 47,Austin,Office,Value-Add,2023-11,2023-11-01,2023,Q4,426805.0,0.882,739639.0,282618.0,266980.0,Austin,Office,Value-Add,Austin Office 47
PROP-047,Austin Office 47,Austin,Office,Value-Add,2023-12,2023-12-01,2023,Q4,418682.0,0.867,734014.0,277088.0,266980.0,Austin,Office,Value-Add,Austin Office 47
PROP-047,Austin Office 47,Austin,Office,Value-Add,2024-01,2024-01-01,2024,Q1,428833.0,0.879,743154.0,282763.0,266980.0,Austin,Office,Value-Add,Austin Office 47
PROP-047,Austin Office 47,Austin,Office,Value-Add,2024-02,2024-02-01,2024,Q1,445832.0,0.895,749046.0,285988.0,266980.0,Austin,Office,Value-Add,Austin Office 47
PROP-047,Austin Office 47,Austin,Office,Value-Add,2024-03,2024-03-01,2024,Q1,459804.0,0.9,741620.0,279105.0,266980.0,Austin,Office,Value-Add,Austin Office 47
PROP-047,Austin Office 47,Austin,Office,Value-Add,2024-04,2024-04-01,2024,Q2,490076.0,0.937,760043.0,291853.0,266980.0,Austin,Office,Value-Add,Austin Office 47
PROP-047,Austin Office 47,Austin,Office,Value-Add,2024-05,2024-05-01,2024,Q2,493552.0,0.927,744473.0,278789.0,266980.0,Austin,Office,Value-Add,Austin Office 47
PROP-047,Austin Office 47,Austin,Office,Value-Add,2024-06,2024-06-01,2024,Q2,503604.0,0.937,752097.0,283286.0,266980.0,Austin,Office,Value-Add,Austin Office 47
PROP-047,Austin Office 47,Austin,Office,Value-Add,2024-07,2024-07-01,2024,Q3,499829.0,0.93,753942.0,283440.0,266980.0,Austin,Office,Value-Add,Austin Office 47
PROP-047,Austin Office 47,Austin,Office,Value-Add,2024-08,2024-08-01,2024,Q3,498271.0,0.936,772753.0,296471.0,266980.0,Austin,Office,Value-Add,Austin Office 47
PROP-047,Austin Office 47,Austin,Office,Value-Add,2024-09,2024-09-01,2024,Q3,481184.0,0.918,776103.0,297758.0,266980.0,Austin,Office,Value-Add,Austin Office 47
PROP-047,Austin Office 47,Austin,Office,Value-Add,2024-10,2024-10-01,2024,Q4,465416.0,0.902,781949.0,300964.0,266980.0,Austin,Office,Value-Add,Austin Office 47
PROP-047,Austin Office 47,Austin,Office,Value-Add,2024-11,2024-11-01,2024,Q4,444706.0,0.872,770661.0,291088.0,266980.0,Austin,Office,Value-Add,Austin Office 47
PROP-047,Austin Office 47,Austin,Office,Value-Add,2024-12,2024-12-01,2024,Q4,444990.0,0.874,780137.0,297021.0,266980.0,Austin,Office,Value-Add,Austin Office 47
PROP-048,Dallas Industrial 48,Dallas-Fort Worth,Industrial,Value-Add,2022-01,2022-01-01,2022,Q1,190228.0,0.891,329660.0,125521.0,145855.0,Dallas-Fort Worth,Industrial,Value-Add,Dallas Industrial 48
PROP-048,Dallas Industrial 48,Dallas-Fort Worth,Industrial,Value-Add,2022-02,2022-02-01,2022,Q1,198864.0,0.912,334113.0,128294.0,145855.0,Dallas-Fort Worth,Industrial,Value-Add,Dallas Industrial 48
PROP-048,Dallas Industrial 48,Dallas-Fort Worth,Industrial,Value-Add,2022-03,2022-03-01,2022,Q1,207115.0,0.926,334056.0,127615.0,145855.0,Dallas-Fort Worth,Industrial,Value-Add,Dallas Industrial 48
PROP-048,Dallas Industrial 48,Dallas-Fort Worth,Industrial,Value-Add,2022-04,2022-04-01,2022,Q2,215584.0,0.941,334343.0,127205.0,145855.0,Dallas-Fort Worth,Industrial,Value-Add,Dallas Industrial 48
PROP-048,Dallas Industrial 48,Dallas-Fort Worth,Industrial,Value-Add,2022-05,2022-05-01,2022,Q2,221700.0,0.95,334412.0,126634.0,145855.0,Dallas-Fort Worth,Industrial,Value-Add,Dallas Industrial 48
PROP-048,Dallas Industrial 48,Dallas-Fort Worth,Industrial,Value-Add,2022-06,2022-06-01,2022,Q2,227431.0,0.965,339652.0,129996.0,145855.0,Dallas-Fort Worth,Industrial,Value-Add,Dallas Industrial 48
PROP-048,Dallas Industrial 48,Dallas-Fort Worth,Industrial,Value-Add,2022-07,2022-07-01,2022,Q3,226614.0,0.961,341825.0,131026.0,145855.0,Dallas-Fort Worth,Industrial,Value-Add,Dallas Industrial 48
PROP-048,Dallas Industrial 48,Dallas-Fort Worth,Industrial,Value-Add,2022-08,2022-08-01,2022,Q3,220812.0,0.945,342450.0,130870.0,145855.0,Dallas-Fort Worth,Industrial,Value-Add,Dallas Industrial 48
PROP-048,Dallas Industrial 48,Dallas-Fort Worth,Industrial,Value-Add,2022-09,2022-09-01,2022,Q3,209457.0,0.909,337834.0,126753.0,145855.0,Dallas-Fort Worth,Industrial,Value-Add,Dallas Industrial 48
PROP-048,Dallas Industrial 48,Dallas-Fort Worth,Industrial,Value-Add,2022-10,2022-10-01,2022,Q4,206140.0,0.909,346338.0,132578.0,145855.0,Dallas-Fort Worth,Industrial,Value-Add,Dallas Industrial 48
PROP-048,Dallas Industrial 48,Dallas-Fort Worth,Industrial,Value-Add,2022-11,2022-11-01,2022,Q4,198419.0,0.885,343854.0,130060.0,145855.0,Dallas-Fort Worth,Industrial,Value-Add,Dallas Industrial 48
PROP-048,Dallas Industrial 48,Dallas-Fort Worth,Industrial,Value-Add,2022-12,2022-12-01,2022,Q4,195594.0,0.873,342907.0,128732.0,145855.0,Dallas-Fort Worth,Industrial,Value-Add,Dallas Industrial 48
PROP-048,Dallas Industrial 48,Dallas-Fort Worth,Industrial,Value-Add,2023-01,2023-01-01,2023,Q1,199622.0,0.882,345939.0,130400.0,145855.0,Dallas-Fort Worth,Industrial,Value-Add,Dallas Industrial 48
PROP-048,Dallas Industrial 48,Dallas-Fort Worth,Industrial,Value-Add,2023-02,2023-02-01,2023,Q1,205897.0,0.891,345930.0,129781.0,145855.0,Dallas-Fort Worth,Industrial,Value-Add,Dallas Industrial 48
PROP-048,Dallas Industrial 48,Dallas-Fort Worth,Industrial,Value-Add,2023-03,2023-03-01,2023,Q1,218948.0,0.924,353142.0,134617.0,145855.0,Dallas-Fort Worth,Industrial,Value-Add,Dallas Industrial 48
PROP-048,Dallas Industrial 48,Dallas-Fort Worth,Industrial,Value-Add,2023-04,2023-04-01,2023,Q2,228830.0,0.943,354885.0,135317.0,145855.0,Dallas-Fort Worth,Industrial,Value-Add,Dallas Industrial 48
PROP-048,Dallas Industrial 48,Dallas-Fort Worth,Industrial,Value-Add,2023-05,2023-05-01,2023,Q2,236238.0,0.956,356341.0,135798.0,145855.0,Dallas-Fort Worth,Industrial,Value-Add,Dallas Industrial 48
PROP-048,Dallas Industrial 48,Dallas-Fort Worth,Industrial,Value-Add,2023-06,2023-06-01,2023,Q2,242387.0,0.971,361988.0,139491.0,145855.0,Dallas-Fort Worth,Industrial,Value-Add,Dallas Industrial 48
PROP-048,Dallas Industrial 48,Dallas-Fort Worth,Industrial,Value-Add,2023-07,2023-07-01,2023,Q3,236505.0,0.948,356744.0,134857.0,145855.0,Dallas-Fort Worth,Industrial,Value-Add,Dallas Industrial 48
PROP-048,Dallas Industrial 48,Dallas-Fort Worth,Industrial,Value-Add,2023-08,2023-08-01,2023,Q3,233228.0,0.943,361706.0,138001.0,145855.0,Dallas-Fort Worth,Industrial,Value-Add,Dallas Industrial 48
PROP-048,Dallas Industrial 48,Dallas-Fort Worth,Industrial,Value-Add,2023-09,2023-09-01,2023,Q3,226288.0,0.929,364980.0,139872.0,145855.0,Dallas-Fort Worth,Industrial,Value-Add,Dallas Industrial 48
PROP-048,Dallas Industrial 48,Dallas-Fort Worth,Industrial,Value-Add,2023-10,2023-10-01,2023,Q4,216062.0,0.901,363007.0,137738.0,145855.0,Dallas-Fort Worth,Industrial,Value-Add,Dallas Industrial 48
PROP-048,Dallas Industrial 48,Dallas-Fort Worth,Industrial,Value-Add,2023-11,2023-11-01,2023,Q4,209013.0,0.882,362213.0,136518.0,145855.0,Dallas-Fort Worth,Industrial,Value-Add,Dallas Industrial 48
PROP-048,Dallas Industrial 48,Dallas-Fort Worth,Industrial,Value-Add,2023-12,2023-12-01,2023,Q4,209576.0,0.886,367420.0,139842.0,145855.0,Dallas-Fort Worth,Industrial,Value-Add,Dallas Industrial 48
PROP-048,Dallas Industrial 48,Dallas-Fort Worth,Industrial,Value-Add,2024-01,2024-01-01,2024,Q1,211836.0,0.886,367104.0,138978.0,145855.0,Dallas-Fort Worth,Industrial,Value-Add,Dallas Industrial 48
PROP-048,Dallas Industrial 48,Dallas-Fort Worth,Industrial,Value-Add,2024-02,2024-02-01,2024,Q1,218222.0,0.894,366637.0,138009.0,145855.0,Dallas-Fort Worth,Industrial,Value-Add,Dallas Industrial 48
PROP-048,Dallas Industrial 48,Dallas-Fort Worth,Industrial,Value-Add,2024-03,2024-03-01,2024,Q1,231092.0,0.923,372729.0,142002.0,145855.0,Dallas-Fort Worth,Industrial,Value-Add,Dallas Industrial 48
PROP-048,Dallas Industrial 48,Dallas-Fort Worth,Industrial,Value-Add,2024-04,2024-04-01,2024,Q2,239913.0,0.936,372073.0,140879.0,145855.0,Dallas-Fort Worth,Industrial,Value-Add,Dallas Industrial 48
PROP-048,Dallas Industrial 48,Dallas-Fort Worth,Industrial,Value-Add,2024-05,2024-05-01,2024,Q2,250679.0,0.961,378124.0,144860.0,145855.0,Dallas-Fort Worth,Industrial,Value-Add,Dallas Industrial 48
PROP-048,Dallas Industrial 48,Dallas-Fort Worth,Industrial,Value-Add,2024-06,2024-06-01,2024,Q2,250694.0,0.952,374394.0,141396.0,145855.0,Dallas-Fort Worth,Industrial,Value-Add,Dallas Industrial 48
PROP-048,Dallas Industrial 48,Dallas-Fort Worth,Industrial,Value-Add,2024-07,2024-07-01,2024,Q3,248922.0,0.946,375474.0,141595.0,145855.0,Dallas-Fort Worth,Industrial,Value-Add,Dallas Industrial 48
PROP-048,Dallas Industrial 48,Dallas-Fort Worth,Industrial,Value-Add,2024-08,2024-08-01,2024,Q3,241887.0,0.927,375135.0,140727.0,145855.0,Dallas-Fort Worth,Industrial,Value-Add,Dallas Industrial 48
PROP-048,Dallas Industrial 48,Dallas-Fort Worth,Industrial,Value-Add,2024-09,2024-09-01,2024,Q3,234971.0,0.915,378985.0,143012.0,145855.0,Dallas-Fort Worth,Industrial,Value-Add,Dallas Industrial 48
PROP-048,Dallas Industrial 48,Dallas-Fort Worth,Industrial,Value-Add,2024-10,2024-10-01,2024,Q4,227311.0,0.899,381907.0,144602.0,145855.0,Dallas-Fort Worth,Industrial,Value-Add,Dallas Industrial 48
PROP-048,Dallas Industrial 48,Dallas-Fort Worth,Industrial,Value-Add,2024-11,2024-11-01,2024,Q4,224015.0,0.897,388210.0,148776.0,145855.0,Dallas-Fort Worth,Industrial,Value-Add,Dallas Industrial 48
PROP-048,Dallas Industrial 48,Dallas-Fort Worth,Industrial,Value-Add,2024-12,2024-12-01,2024,Q4,218216.0,0.875,382567.0,143868.0,145855.0,Dallas-Fort Worth,Industrial,Value-Add,Dallas Industrial 48
PROP-049,Dallas Industrial 49,Dallas-Fort Worth,Industrial,Value-Add,2022-01,2022-01-01,2022,Q1,340603.0,0.929,590254.0,223554.0,273345.0,Dallas-Fort Worth,Industrial,Value-Add,Dallas Industrial 49
PROP-049,Dallas Industrial 49,Dallas-Fort Worth,Industrial,Value-Add,2022-02,2022-02-01,2022,Q1,352768.0,0.943,592689.0,224281.0,273345.0,Dallas-Fort Worth,Industrial,Value-Add,Dallas Industrial 49
PROP-049,Dallas Industrial 49,Dallas-Fort Worth,Industrial,Value-Add,2022-03,2022-03-01,2022,Q1,366301.0,0.954,590807.0,221755.0,273345.0,Dallas-Fort Worth,Industrial,Value-Add,Dallas Industrial 49
PROP-049,Dallas Industrial 49,Dallas-Fort Worth,Industrial,Value-Add,2022-04,2022-04-01,2022,Q2,392739.0,0.99,609086.0,234528.0,273345.0,Dallas-Fort Worth,Industrial,Value-Add,Dallas Industrial 49
PROP-049,Dallas Industrial 49,Dallas-Fort Worth,Industrial,Value-Add,2022-05,2022-05-01,2022,Q2,399800.0,0.99,603058.0,228782.0,273345.0,Dallas-Fort Worth,Industrial,Value-Add,Dallas Industrial 49
PROP-049,Dallas Industrial 49,Dallas-Fort Worth,Industrial,Value-Add,2022-06,2022-06-01,2022,Q2,409648.0,0.99,611780.0,234299.0,273345.0,Dallas-Fort Worth,Industrial,Value-Add,Dallas Industrial 49
PROP-049,Dallas Industrial 49,Dallas-Fort Worth,Industrial,Value-Add,2022-07,2022-07-01,2022,Q3,399565.0,0.988,602703.0,226294.0,273345.0,Dallas-Fort Worth,Industrial,Value-Add,Dallas Industrial 49
PROP-049,Dallas Industrial 49,Dallas-Fort Worth,Industrial,Value-Add,2022-08,2022-08-01,2022,Q3,390332.0,0.973,605354.0,227186.0,273345.0,Dallas-Fort Worth,Industrial,Value-Add,Dallas Industrial 49
PROP-049,Dallas Industrial 49,Dallas-Fort Worth,Industrial,Value-Add,2022-09,2022-09-01,2022,Q3,381070.0,0.964,614628.0,233075.0,273345.0,Dallas-Fort Worth,Industrial,Value-Add,Dallas Industrial 49
PROP-049,Dallas Industrial 49,Dallas-Fort Worth,Industrial,Value-Add,2022-10,2022-10-01,2022,Q4,368978.0,0.948,619923.0,235973.0,273345.0,Dallas-Fort Worth,Industrial,Value-Add,Dallas Industrial 49
PROP-049,Dallas Industrial 49,Dallas-Fort Worth,Industrial,Value-Add,2022-11,2022-11-01,2022,Q4,358955.0,0.933,622058.0,236470.0,273345.0,Dallas-Fort Worth,Industrial,Value-Add,Dallas Industrial 49
PROP-049,Dallas Industrial 49,Dallas-Fort Worth,Industrial,Value-Add,2022-12,2022-12-01,2022,Q4,352137.0,0.916,617351.0,231801.0,273345.0,Dallas-Fort Worth,Industrial,Value-Add,Dallas Industrial 49
PROP-049,Dallas Industrial 49,Dallas-Fort Worth,Industrial,Value-Add,2023-01,2023-01-01,2023,Q1,357779.0,0.921,620019.0,232707.0,273345.0,Dallas-Fort Worth,Industrial,Value-Add,Dallas Industrial 49
PROP-049,Dallas Industrial 49,Dallas-Fort Worth,Industrial,Value-Add,2023-02,2023-02-01,2023,Q1,376009.0,0.948,631735.0,240450.0,273345.0,Dallas-Fort Worth,Industrial,Value-Add,Dallas Industrial 49
PROP-049,Dallas Industrial 49,Dallas-Fort Worth,Industrial,Value-Add,2023-03,2023-03-01,2023,Q1,394018.0,0.969,635513.0,242197.0,273345.0,Dallas-Fort Worth,Industrial,Value-Add,Dallas Industrial 49
PROP-049,Dallas Industrial 49,Dallas-Fort Worth,Industrial,Value-Add,2023-04,2023-04-01,2023,Q2,414003.0,0.99,642064.0,246066.0,273345.0,Dallas-Fort Worth,Industrial,Value-Add,Dallas Industrial 49
PROP-049,Dallas Industrial 49,Dallas-Fort Worth,Industrial,Value-Add,2023-05,2023-05-01,2023,Q2,428648.0,0.99,646571.0,248378.0,273345.0,Dallas-Fort Worth,Industrial,Value-Add,Dallas Industrial 49
PROP-049,Dallas Industrial 49,Dallas-Fort Worth,Industrial,Value-Add,2023-06,2023-06-01,2023,Q2,423959.0,0.99,633153.0,237078.0,273345.0,Dallas-Fort Worth,Industrial,Value-Add,Dallas Industrial 49
PROP-049,Dallas Industrial 49,Dallas-Fort Worth,Industrial,Value-Add,2023-07,2023-07-01,2023,Q3,426840.0,0.99,643845.0,244028.0,273345.0,Dallas-Fort Worth,Industrial,Value-Add,Dallas Industrial 49
PROP-049,Dallas Industrial 49,Dallas-Fort Worth,Industrial,Value-Add,2023-08,2023-08-01,2023,Q3,421639.0,0.99,653907.0,250566.0,273345.0,Dallas-Fort Worth,Industrial,Value-Add,Dallas Industrial 49
PROP-049,Dallas Industrial 49,Dallas-Fort Worth,Industrial,Value-Add,2023-09,2023-09-01,2023,Q3,406615.0,0.973,655831.0,250897.0,273345.0,Dallas-Fort Worth,Industrial,Value-Add,Dallas Industrial 49
PROP-049,Dallas Industrial 49,Dallas-Fort Worth,Industrial,Value-Add,2023-10,2023-10-01,2023,Q4,390193.0,0.948,655566.0,249560.0,273345.0,Dallas-Fort Worth,Industrial,Value-Add,Dallas Industrial 49
PROP-049,Dallas Industrial 49,Dallas-Fort Worth,Industrial,Value-Add,2023-11,2023-11-01,2023,Q4,384933.0,0.946,667076.0,257236.0,273345.0,Dallas-Fort Worth,Industrial,Value-Add,Dallas Industrial 49
PROP-049,Dallas Industrial 49,Dallas-Fort Worth,Industrial,Value-Add,2023-12,2023-12-01,2023,Q4,373740.0,0.92,655224.0,247064.0,273345.0,Dallas-Fort Worth,Industrial,Value-Add,Dallas Industrial 49
PROP-049,Dallas Industrial 49,Dallas-Fort Worth,Industrial,Value-Add,2024-01,2024-01-01,2024,Q1,382985.0,0.933,663701.0,252366.0,273345.0,Dallas-Fort Worth,Industrial,Value-Add,Dallas Industrial 49
PROP-049,Dallas Industrial 49,Dallas-Fort Worth,Industrial,Value-Add,2024-02,2024-02-01,2024,Q1,398752.0,0.952,669946.0,255995.0,273345.0,Dallas-Fort Worth,Industrial,Value-Add,Dallas Industrial 49
PROP-049,Dallas Industrial 49,Dallas-Fort Worth,Industrial,Value-Add,2024-03,2024-03-01,2024,Q1,410792.0,0.956,662568.0,249279.0,273345.0,Dallas-Fort Worth,Industrial,Value-Add,Dallas Industrial 49
PROP-049,Dallas Industrial 49,Dallas-Fort Worth,Industrial,Value-Add,2024-04,2024-04-01,2024,Q2,430407.0,0.978,667504.0,251893.0,273345.0,Dallas-Fort Worth,Industrial,Value-Add,Dallas Industrial 49
PROP-049,Dallas Industrial 49,Dallas-Fort Worth,Industrial,Value-Add,2024-05,2024-05-01,2024,Q2,444468.0,0.99,670435.0,252995.0,273345.0,Dallas-Fort Worth,Industrial,Value-Add,Dallas Industrial 49
PROP-049,Dallas Industrial 49,Dallas-Fort Worth,Industrial,Value-Add,2024-06,2024-06-01,2024,Q2,449224.0,0.99,670884.0,252228.0,273345.0,Dallas-Fort Worth,Industrial,Value-Add,Dallas Industrial 49
PROP-049,Dallas Industrial 49,Dallas-Fort Worth,Industrial,Value-Add,2024-07,2024-07-01,2024,Q3,446996.0,0.989,674248.0,253656.0,273345.0,Dallas-Fort Worth,Industrial,Value-Add,Dallas Industrial 49
PROP-049,Dallas Industrial 49,Dallas-Fort Worth,Industrial,Value-Add,2024-08,2024-08-01,2024,Q3,438084.0,0.979,679411.0,256441.0,273345.0,Dallas-Fort Worth,Industrial,Value-Add,Dallas Industrial 49
PROP-049,Dallas Industrial 49,Dallas-Fort Worth,Industrial,Value-Add,2024-09,2024-09-01,2024,Q3,423362.0,0.96,682843.0,257922.0,273345.0,Dallas-Fort Worth,Industrial,Value-Add,Dallas Industrial 49
PROP-049,Dallas Industrial 49,Dallas-Fort Worth,Industrial,Value-Add,2024-10,2024-10-01,2024,Q4,414129.0,0.955,695781.0,266639.0,273345.0,Dallas-Fort Worth,Industrial,Value-Add,Dallas Industrial 49
PROP-049,Dallas Industrial 49,Dallas-Fort Worth,Industrial,Value-Add,2024-11,2024-11-01,2024,Q4,398164.0,0.929,690005.0,261110.0,273345.0,Dallas-Fort Worth,Industrial,Value-Add,Dallas Industrial 49
PROP-049,Dallas Industrial 49,Dallas-Fort Worth,Industrial,Value-Add,2024-12,2024-12-01,2024,Q4,402204.0,0.94,705126.0,271519.0,273345.0,Dallas-Fort Worth,Industrial,Value-Add,Dallas Industrial 49
PROP-050,Dallas Office 50,Dallas-Fort Worth,Office,Development,2022-01,2022-01-01,2022,Q1,339679.0,0.928,588652.0,225170.0,267665.0,Dallas-Fort Worth,Office,Development,Dallas Office 50
PROP-050,Dallas Office 50,Dallas-Fort Worth,Office,Development,2022-02,2022-02-01,2022,Q1,349755.0,0.936,587627.0,223270.0,267665.0,Dallas-Fort Worth,Office,Development,Dallas Office 50
PROP-050,Dallas Office 50,Dallas-Fort Worth,Office,Development,2022-03,2022-03-01,2022,Q1,367469.0,0.958,592692.0,226011.0,267665.0,Dallas-Fort Worth,Office,Development,Dallas Office 50
PROP-050,Dallas Office 50,Dallas-Fort Worth,Office,Development,2022-04,2022-04-01,2022,Q2,382236.0,0.973,592798.0,224978.0,267665.0,Dallas-Fort Worth,Office,Development,Dallas Office 50
PROP-050,Dallas Office 50,Dallas-Fort Worth,Office,Development,2022-05,2022-05-01,2022,Q2,391110.0,0.977,589950.0,221730.0,267665.0,Dallas-Fort Worth,Office,Development,Dallas Office 50
PROP-050,Dallas Office 50,Dallas-Fort Worth,Office,Development,2022-06,2022-06-01,2022,Q2,395417.0,0.979,590527.0,221080.0,267665.0,Dallas-Fort Worth,Office,Development,Dallas Office 50
PROP-050,Dallas Office 50,Dallas-Fort Worth,Office,Development,2022-07,2022-07-01,2022,Q3,398061.0,0.985,600435.0,227451.0,267665.0,Dallas-Fort Worth,Office,Development,Dallas Office 50
PROP-050,Dallas Office 50,Dallas-Fort Worth,Office,Development,2022-08,2022-08-01,2022,Q3,394261.0,0.984,611447.0,234731.0,267665.0,Dallas-Fort Worth,Office,Development,Dallas Office 50
PROP-050,Dallas Office 50,Dallas-Fort Worth,Office,Development,2022-09,2022-09-01,2022,Q3,375705.0,0.952,605976.0,229441.0,267665.0,Dallas-Fort Worth,Office,Development,Dallas Office 50
PROP-050,Dallas Office 50,Dallas-Fort Worth,Office,Development,2022-10,2022-10-01,2022,Q4,367674.0,0.946,617732.0,237289.0,267665.0,Dallas-Fort Worth,Office,Development,Dallas Office 50
PROP-050,Dallas Office 50,Dallas-Fort Worth,Office,Development,2022-11,2022-11-01,2022,Q4,353679.0,0.92,612914.0,232490.0,267665.0,Dallas-Fort Worth,Office,Development,Dallas Office 50
PROP-050,Dallas Office 50,Dallas-Fort Worth,Office,Development,2022-12,2022-12-01,2022,Q4,351170.0,0.915,615655.0,233462.0,267665.0,Dallas-Fort Worth,Office,Development,Dallas Office 50
PROP-050,Dallas Office 50,Dallas-Fort Worth,Office,Development,2023-01,2023-01-01,2023,Q1,361161.0,0.931,625880.0,240143.0,267665.0,Dallas-Fort Worth,Office,Development,Dallas Office 50
PROP-050,Dallas Office 50,Dallas-Fort Worth,Office,Development,2023-02,2023-02-01,2023,Q1,372363.0,0.94,625609.0,238809.0,267665.0,Dallas-Fort Worth,Office,Development,Dallas Office 50
PROP-050,Dallas Office 50,Dallas-Fort Worth,Office,Development,2023-03,2023-03-01,2023,Q1,389039.0,0.958,627483.0,239119.0,267665.0,Dallas-Fort Worth,Office,Development,Dallas Office 50
PROP-050,Dallas Office 50,Dallas-Fort Worth,Office,Development,2023-04,2023-04-01,2023,Q2,402917.0,0.968,624871.0,236029.0,267665.0,Dallas-Fort Worth,Office,Development,Dallas Office 50
PROP-050,Dallas Office 50,Dallas-Fort Worth,Office,Development,2023-05,2023-05-01,2023,Q2,419991.0,0.99,633514.0,241481.0,267665.0,Dallas-Fort Worth,Office,Development,Dallas Office 50
PROP-050,Dallas Office 50,Dallas-Fort Worth,Office,Development,2023-06,2023-06-01,2023,Q2,427339.0,0.99,638200.0,243937.0,267665.0,Dallas-Fort Worth,Office,Development,Dallas Office 50
PROP-050,Dallas Office 50,Dallas-Fort Worth,Office,Development,2023-07,2023-07-01,2023,Q3,422306.0,0.987,637005.0,241909.0,267665.0,Dallas-Fort Worth,Office,Development,Dallas Office 50
PROP-050,Dallas Office 50,Dallas-Fort Worth,Office,Development,2023-08,2023-08-01,2023,Q3,408892.0,0.965,634138.0,238642.0,267665.0,Dallas-Fort Worth,Office,Development,Dallas Office 50
PROP-050,Dallas Office 50,Dallas-Fort Worth,Office,Development,2023-09,2023-09-01,2023,Q3,397600.0,0.952,641291.0,242947.0,267665.0,Dallas-Fort Worth,Office,Development,Dallas Office 50
PROP-050,Dallas Office 50,Dallas-Fort Worth,Office,Development,2023-10,2023-10-01,2023,Q4,382519.0,0.931,642672.0,242890.0,267665.0,Dallas-Fort Worth,Office,Development,Dallas Office 50
PROP-050,Dallas Office 50,Dallas-Fort Worth,Office,Development,2023-11,2023-11-01,2023,Q4,377201.0,0.928,653676.0,250147.0,267665.0,Dallas-Fort Worth,Office,Development,Dallas Office 50
PROP-050,Dallas Office 50,Dallas-Fort Worth,Office,Development,2023-12,2023-12-01,2023,Q4,373399.0,0.92,654626.0,249750.0,267665.0,Dallas-Fort Worth,Office,Development,Dallas Office 50
PROP-050,Dallas Office 50,Dallas-Fort Worth,Office,Development,2024-01,2024-01-01,2024,Q1,383239.0,0.935,664141.0,255915.0,267665.0,Dallas-Fort Worth,Office,Development,Dallas Office 50
PROP-050,Dallas Office 50,Dallas-Fort Worth,Office,Development,2024-02,2024-02-01,2024,Q1,394879.0,0.944,663439.0,254239.0,267665.0,Dallas-Fort Worth,Office,Development,Dallas Office 50
PROP-050,Dallas Office 50,Dallas-Fort Worth,Office,Development,2024-03,2024-03-01,2024,Q1,407555.0,0.95,657346.0,248487.0,267665.0,Dallas-Fort Worth,Office,Development,Dallas Office 50
PROP-050,Dallas Office 50,Dallas-Fort Worth,Office,Development,2024-04,2024-04-01,2024,Q2,425147.0,0.968,659347.0,248900.0,267665.0,Dallas-Fort Worth,Office,Development,Dallas Office 50
PROP-050,Dallas Office 50,Dallas-Fort Worth,Office,Development,2024-05,2024-05-01,2024,Q2,445746.0,0.99,672363.0,257689.0,267665.0,Dallas-Fort Worth,Office,Development,Dallas Office 50
PROP-050,Dallas Office 50,Dallas-Fort Worth,Office,Development,2024-06,2024-06-01,2024,Q2,446528.0,0.989,666858.0,252380.0,267665.0,Dallas-Fort Worth,Office,Development,Dallas Office 50
PROP-050,Dallas Office 50,Dallas-Fort Worth,Office,Development,2024-07,2024-07-01,2024,Q3,451612.0,0.99,681210.0,262215.0,267665.0,Dallas-Fort Worth,Office,Development,Dallas Office 50
PROP-050,Dallas Office 50,Dallas-Fort Worth,Office,Development,2024-08,2024-08-01,2024,Q3,431587.0,0.965,669334.0,252056.0,267665.0,Dallas-Fort Worth,Office,Development,Dallas Office 50
PROP-050,Dallas Office 50,Dallas-Fort Worth,Office,Development,2024-09,2024-09-01,2024,Q3,426845.0,0.969,688460.0,265518.0,267665.0,Dallas-Fort Worth,Office,Development,Dallas Office 50
PROP-050,Dallas Office 50,Dallas-Fort Worth,Office,Development,2024-10,2024-10-01,2024,Q4,401595.0,0.927,674723.0,253933.0,267665.0,Dallas-Fort Worth,Office,Development,Dallas Office 50
PROP-050,Dallas Office 50,Dallas-Fort Worth,Office,Development,2024-11,2024-11-01,2024,Q4,397978.0,0.929,689682.0,264183.0,267665.0,Dallas-Fort Worth,Office,Development,Dallas Office 50
PROP-050,Dallas Office 50,Dallas-Fort Worth,Office,Development,2024-12,2024-12-01,2024,Q4,386367.0,0.904,677361.0,253744.0,267665.0,Dallas-Fort Worth,Office,Development,Dallas Office 50
